[{"medal":52,"time":"2024-04-08T18:16:32+0000","type":"medal","user":{"country":"se","medals":[93,92,100,86,52],"zones":[23811,31843,64006,64007,11467,43723,2571,43724,64016,572473,49137,572474,18290,49140,43700,49141,62391,49145,79677,572406],"pointsPerHour":0,"points":7858,"blocktime":720,"taken":57,"name":"Tiger136","totalPoints":11790,"rank":8,"id":419389,"place":4580,"uniqueZonesTaken":39,"region":{"name":"Uppsala","id":142}}},{"medal":86,"time":"2024-04-08T18:16:27+0000","type":"medal","user":{"country":"se","medals":[92,80,95,101,86],"zones":[63203,11332,43385],"pointsPerHour":0,"points":1136,"blocktime":705,"taken":50,"name":"minisvampen123","totalPoints":7470,"rank":7,"id":385660,"place":4580,"uniqueZonesTaken":42,"region":{"name":"Örebro","id":131}}},{"sender":{"country":"se","medals":[16,70,79,5,21,4,77,67,7,117,123,130,17,116,50,108,28,47,156,58,40],"zones":[41777,203558,94116,1580,91981],"pointsPerHour":22,"points":11144,"blocktime":1290,"taken":20834,"name":"sippa","totalPoints":3209754,"rank":46,"id":305999,"place":495,"uniqueZonesTaken":3506,"region":{"name":"Stockholm","id":141}},"time":"2024-04-08T18:16:19+0000","message":"svensings: hej jag kommer ta din zon I spånga 😅","region":{"name":"Stockholm","id":141},"type":"chat"},{"sender":{"country":"se","medals":[5,7,16,27,67,47,70,14,56,24,4,79,17,77,72,117,101,156,130,73,95],"zones":[9730,9731,108741,25989,456707,25990,2441,2443,2444,595461,595463,45714,54291,43732,50645,34645,50646,34710,224544,509487,50606,50607,94961,204144,18036,111605,455921,23995,115197,602806],"pointsPerHour":175,"points":5072,"blocktime":1350,"taken":31514,"name":"Frodovic","totalPoints":5176949,"rank":50,"id":10575,"place":1197,"uniqueZonesTaken":821,"region":{"name":"Kalmar","id":137}},"time":"2024-04-08T18:13:28+0000","message":"Espingen: 👍","region":{"name":"Kalmar","id":137},"type":"chat"}]