[{"medal":28,"time":"2024-04-09T19:41:54+0000","type":"medal","user":{"country":"se","medals":[92,31,52,79,28],"zones":[95552,62348,16848,64600,7196,7197,30752,7202,61474,7203,30758,412462,27049,27050,565668,481898,1262,24111,24112,24113,476415,113914,153721,18044],"pointsPerHour":0,"points":4050,"blocktime":690,"taken":30,"name":"skäggström","totalPoints":4498,"rank":6,"id":419158,"place":4972,"uniqueZonesTaken":26,"region":{"name":"Halland","id":134}}},{"medal":79,"time":"2024-04-09T19:39:01+0000","type":"medal","user":{"country":"se","medals":[92,10,31,52,79],"zones":[30752,95552,7202,61474,7203,30758,412462,27049,27050,565668,62348,481898,1262,24111,16848,24113,64600,476415,113914,153721,7196,18044],"pointsPerHour":0,"points":3765,"blocktime":690,"taken":28,"name":"skäggström","totalPoints":4214,"rank":6,"id":419158,"place":4971,"uniqueZonesTaken":24,"region":{"name":"Halland","id":134}}},{"medal":92,"time":"2024-04-09T19:37:10+0000","type":"medal","user":{"country":"se","medals":[93,100,85,92],"zones":[],"pointsPerHour":0,"points":2420,"blocktime":675,"taken":15,"name":"Banknina","totalPoints":2420,"rank":5,"id":419483,"place":4971,"uniqueZonesTaken":15,"region":{"name":"Dalarna","id":129}}}]