[{"sender":{"country":"se","medals":[28,47,16,57,7,77,83,79,98,4,126,122,15,27,70,67,106,117,155,132,88],"zones":[],"pointsPerHour":0,"points":0,"blocktime":1395,"taken":40755,"name":"spirit303","totalPoints":7879824,"rank":53,"id":46566,"place":1123,"uniqueZonesTaken":1321,"region":{"name":"Dalarna","id":129}},"time":"2024-04-08T05:53:26+0000","message":"WikkeOWL: Vi kommer på onsdag. 👍","region":{"name":"Dalarna","id":129},"type":"chat"},{"medal":32,"time":"2024-04-08T05:52:14+0000","type":"medal","user":{"country":"se","medals":[80,94,100,151,32],"zones":[95793,126591],"pointsPerHour":0,"points":310,"blocktime":765,"taken":100,"name":"johndeere9","totalPoints":17916,"rank":11,"id":416891,"place":3755,"uniqueZonesTaken":12,"region":{"name":"Stockholm","id":141}}}]