[{"medal":38,"time":"2024-04-09T08:44:18+0000","type":"medal","user":{"country":"se","medals":[93,100,27,16,46,56,117,28,130,12,155,38],"zones":[142978,142979,99846,430095,43149,658842,317207,654609,50588,516505,656553,176302,116014,176301,465718,65329,65331,485951,428479,570679,485954,513346,485953,428480,214597,485952,516170,651609,651608,21074,214623,651607,651606,200163,605416,547946,547947,568300,1766,1767,1768,189675,92267,92266,138610,97907,155505,152054,359408,891],"pointsPerHour":0,"points":15244,"blocktime":1305,"taken":10000,"name":"GERALD-BAZINGA","totalPoints":3795993,"rank":47,"id":384694,"place":4728,"uniqueZonesTaken":110,"region":{"name":"Västra Götaland","id":132}}},{"medal":84,"time":"2024-04-09T08:40:20+0000","type":"medal","user":{"country":"se","medals":[84],"zones":[65330,29012,890,116015],"pointsPerHour":0,"points":628,"blocktime":630,"taken":5,"name":"AlvaFyhrlund","totalPoints":628,"rank":2,"id":419597,"place":4727,"uniqueZonesTaken":5,"region":{"name":"Västra Götaland","id":132}}},{"medal":93,"time":"2024-04-09T08:40:20+0000","type":"medal","user":{"country":"se","medals":[93],"zones":[397028],"pointsPerHour":0,"points":406,"blocktime":615,"taken":3,"name":"Liam:","totalPoints":406,"rank":1,"id":419385,"place":4727,"uniqueZonesTaken":3,"region":{"name":"Västra Götaland","id":132}}},{"medal":84,"time":"2024-04-09T08:38:51+0000","type":"medal","user":{"country":"se","medals":[84],"zones":[23264,116869,1769,189676],"pointsPerHour":0,"points":747,"blocktime":645,"taken":5,"name":"IsakBlud69","totalPoints":747,"rank":3,"id":419630,"place":4727,"uniqueZonesTaken":5,"region":{"name":"Västra Götaland","id":132}}}]