[{"sender":{"country":"se","medals":[17,16,17,79,24,17,116,47,27,56,4,77,117,28,24,126,22,24,15,5,122,89,131,66,30,111,154],"zones":[154948,56775,29262,29264,109077,109076,109079,26522,26523,26524,278617,278618,278619,152353,357474,202347,44713,44714,92340,8377,8382,60798,254,8383],"pointsPerHour":61,"points":7723,"blocktime":1440,"taken":64085,"name":"krokodilen","totalPoints":11081731,"rank":56,"id":45356,"place":580,"uniqueZonesTaken":1261,"region":{"name":"Stockholm","id":141}},"time":"2024-04-08T11:19:16+0000","message":"alligatorn: helt ok","region":{"name":"Stockholm","id":141},"type":"chat"},{"sender":{"country":"se","medals":[24,16,17,17,24,24,24,24,27,79,24,28,17,116,47,15,4,77,117,24,126,22,24,57,111,122,131,66,30,118,154],"zones":[152354,26529,141568,12073,61609,44715,134957,29299,515602,26197,29302,8378,8379,650517,515579],"pointsPerHour":42,"points":7678,"blocktime":1455,"taken":86439,"name":"alligatorn","totalPoints":14898280,"rank":57,"id":26497,"place":581,"uniqueZonesTaken":1535,"region":{"name":"Stockholm","id":141}},"time":"2024-04-08T11:18:50+0000","message":"krokodilen: bra och för dig?","region":{"name":"Stockholm","id":141},"type":"chat"},{"medal":33,"time":"2024-04-08T11:18:42+0000","type":"medal","user":{"country":"se","medals":[94,90,127,152,11,53,16,103,33],"zones":[23242],"pointsPerHour":0,"points":310,"blocktime":885,"taken":501,"name":"Hannah_jojjo","totalPoints":89950,"rank":19,"id":409199,"place":4198,"uniqueZonesTaken":88,"region":{"name":"Västra Götaland","id":132}}},{"sender":{"country":"se","medals":[17,16,17,79,24,17,116,47,27,56,4,77,117,28,24,126,22,24,15,5,122,89,131,66,30,111,154],"zones":[152353,154948,56775,357474,202347,44713,44714,29262,29264,109077,109076,92340,109079,8377,26522,26523,26524,278617,8382,60798,254,278619,8383],"pointsPerHour":59,"points":7501,"blocktime":1440,"taken":64084,"name":"krokodilen","totalPoints":11081510,"rank":56,"id":45356,"place":595,"uniqueZonesTaken":1261,"region":{"name":"Stockholm","id":141}},"time":"2024-04-08T11:17:32+0000","message":"alligatorn hur går det?","region":{"name":"Stockholm","id":141},"type":"chat"},{"medal":80,"time":"2024-04-08T11:17:18+0000","type":"medal","user":{"country":"se","medals":[93,84,80],"zones":[10885,10888,10889,45660,46463],"pointsPerHour":0,"points":1052,"blocktime":645,"taken":8,"name":"Esthel","totalPoints":1052,"rank":3,"id":419538,"place":4195,"uniqueZonesTaken":7,"region":{"name":"Västra Götaland","id":132}}},{"medal":51,"time":"2024-04-08T11:15:12+0000","type":"medal","user":{"country":"de","medals":[85,51],"zones":[656330,45201,358417,358416,358419,358370,358418,358434,358380,598758],"pointsPerHour":0,"points":2543,"blocktime":690,"taken":15,"name":"lvirus","totalPoints":4116,"rank":6,"id":417838,"place":4193,"uniqueZonesTaken":12,"region":{"name":"Mecklenburg-Vorpommern","id":442}}},{"sender":{"country":"se","medals":[4,67,48,70,16,27,68,21,13,122,58,103,28,83,68,94,39,132,152],"zones":[600303],"pointsPerHour":4,"points":140,"blocktime":1290,"taken":17352,"name":"ReginaPhalange","totalPoints":3371819,"rank":46,"id":294493,"place":3708,"uniqueZonesTaken":359,"region":{"name":"Gotland","id":138}},"time":"2024-04-08T11:14:15+0000","message":"f4ncy: Grattis! starkt jobbat 🙂","region":{"name":"Gotland","id":138},"type":"chat"}]