[{"medal":117,"time":"2024-04-08T06:47:40+0000","type":"medal","user":{"country":"se","medals":[27,16,67,43,24,70,4,48,72,22,77,68,79,24,24,83,113,24,17,116,24,17,24,82,24,24,126,124,50,118,105,24,66,26,128,24,17,156,117],"zones":[9088,9382,42938,5388,3167,564199],"pointsPerHour":0,"points":6337,"blocktime":1470,"taken":90909,"name":"ZoneBanger","totalPoints":16550248,"rank":58,"id":144163,"place":3830,"uniqueZonesTaken":3035,"region":{"name":"Västerbotten","id":127}}},{"medal":80,"time":"2024-04-08T06:37:17+0000","type":"medal","user":{"country":"se","medals":[93,80,85],"zones":[278596,320822,21938,278594,570675],"pointsPerHour":0,"points":1828,"blocktime":660,"taken":10,"name":"Veravvv","totalPoints":1828,"rank":4,"id":419497,"place":3821,"uniqueZonesTaken":10,"region":{"name":"Värmland","id":130}}},{"medal":85,"time":"2024-04-08T06:37:17+0000","type":"medal","user":{"country":"se","medals":[93,80,85],"zones":[278596,320822,21938,278594,570675],"pointsPerHour":0,"points":1828,"blocktime":660,"taken":10,"name":"Veravvv","totalPoints":1828,"rank":4,"id":419497,"place":3821,"uniqueZonesTaken":10,"region":{"name":"Värmland","id":130}}}]