[{"sender":{"country":"se","medals":[53,4,32,10,16,12],"zones":[],"pointsPerHour":0,"points":1166,"blocktime":14,"taken":181,"name":"Mawrik","totalPoints":60807,"rank":16,"id":322340,"place":3854,"uniqueZonesTaken":107,"region":{"name":"Jönköping","id":133}},"time":"2024-01-16T17:46:38+0000","message":"♪\u2060┌\u2060|\u2060∵\u2060|\u2060┘\u2060♪└\u2060|\u2060∵\u2060|\u2060┐\u2060♪♪\u2060┌\u2060|\u2060∵\u2060|\u2060┘\u2060♪","type":"chat"},{"sender":{"country":"se","medals":[53,4,32,10,16,12],"zones":[],"pointsPerHour":0,"points":1166,"blocktime":14,"taken":181,"name":"Mawrik","totalPoints":60807,"rank":16,"id":322340,"place":3854,"uniqueZonesTaken":107,"region":{"name":"Jönköping","id":133}},"time":"2024-01-16T17:43:59+0000","message":"* Welcome to Turf","type":"chat"}]