[{"medal":84,"time":"2024-06-03T14:21:01+0000","type":"medal","user":{"country":"se","medals":[84],"zones":[642682],"pointsPerHour":0,"points":125,"blocktime":645,"taken":5,"name":"Mominmamma","totalPoints":845,"rank":3,"id":423971,"place":4455,"uniqueZonesTaken":4,"region":{"name":"Stockholm","id":141}}},{"medal":93,"time":"2024-06-03T14:13:55+0000","type":"medal","user":{"country":"se","medals":[11,32,53,152,93],"zones":[],"pointsPerHour":0,"points":80,"blocktime":825,"taken":225,"name":"Arnolf","totalPoints":53353,"rank":15,"id":419304,"place":4452,"uniqueZonesTaken":86,"region":{"name":"Värmland","id":130}}}]