[{"medal":34,"time":"2024-06-03T08:13:17+0000","type":"medal","user":{"country":"se","medals":[11,93,53,90,128,154,34],"zones":[8337,54294,235417],"pointsPerHour":0,"points":1418,"blocktime":960,"taken":1000,"name":"BLOROC","totalPoints":164565,"rank":24,"id":419040,"place":4106,"uniqueZonesTaken":90,"region":{"name":"Kalmar","id":137}}},{"medal":92,"time":"2024-06-03T08:12:54+0000","type":"medal","user":{"country":"se","medals":[80,85,92],"zones":[448],"pointsPerHour":0,"points":80,"blocktime":675,"taken":15,"name":"Snojstam","totalPoints":3014,"rank":5,"id":426692,"place":4105,"uniqueZonesTaken":15,"region":{"name":"Gävleborg","id":144}}},{"medal":13,"time":"2024-06-03T08:05:33+0000","type":"medal","user":{"country":"se","medals":[6,127,79,77,28,56,46,154,93,16,33,13],"zones":[61889,52484,471874,136330,318989,601987,155593,640452,542917,22415,22417,179664,96979,560671,565992,681960,492772,96101,515425,173866,560672,46441,26348,116012,116590,603641,359541,116592,45938,411378,430002,411379,176308,142457],"pointsPerHour":0,"points":8412,"blocktime":960,"taken":516,"name":"Kortslutning","totalPoints":171512,"rank":24,"id":417684,"place":4097,"uniqueZonesTaken":250,"region":{"name":"Västra Götaland","id":132}}}]