[{"medal":84,"time":"2024-06-03T12:59:17+0000","type":"medal","user":{"country":"se","medals":[84],"zones":[22740,1415,122329],"pointsPerHour":0,"points":435,"blocktime":630,"taken":5,"name":"Marklin4ever","totalPoints":435,"rank":2,"id":427244,"place":4405,"uniqueZonesTaken":5,"region":{"name":"Stockholm","id":141}}},{"sender":{"country":"de","medals":[16,67,4,79,72,82,27,77,68,75,83,70,117,8,63,21,124,64,68,17,115,132,156,111,50,41,61,91,25],"zones":[553864,553866,570858,560298,642684,564736,556435,564725,553862],"pointsPerHour":25,"points":28994,"blocktime":1380,"taken":29658,"name":"Sven_R","totalPoints":7179331,"rank":52,"id":366059,"place":50,"uniqueZonesTaken":3752,"region":{"name":"Brandenburg","id":441}},"time":"2024-06-03T12:59:00+0000","message":"féarglas: 😂 \u201e0\u201c Thanks","type":"chat"},{"medal":80,"time":"2024-06-03T12:58:54+0000","type":"medal","user":{"country":"se","medals":[80,84],"zones":[547997,24086,24088,217,78287],"pointsPerHour":0,"points":537,"blocktime":630,"taken":5,"name":"sugit","totalPoints":537,"rank":2,"id":427259,"place":4403,"uniqueZonesTaken":5,"region":{"name":"Stockholm","id":141}}},{"medal":84,"time":"2024-06-03T12:58:54+0000","type":"medal","user":{"country":"se","medals":[80,84],"zones":[547997,24086,24088,217,78287],"pointsPerHour":0,"points":537,"blocktime":630,"taken":5,"name":"sugit","totalPoints":537,"rank":2,"id":427259,"place":4403,"uniqueZonesTaken":5,"region":{"name":"Stockholm","id":141}}},{"sender":{"country":"se","medals":[94,67,126,22,57,28,122,16,47,15,77,127,5,36,70,71,4,108,152,66],"zones":[176454,96004,139147,43018,43019,525445,114969,474395,566058,96739,48100,48101,570606,538144,171176,21228,21229,21230,77295,207276,43760,43761,516534,17970,404917,64630,138875,475517,475515,516536],"pointsPerHour":39,"points":14286,"blocktime":1215,"taken":7495,"name":"Tonny","totalPoints":1578672,"rank":41,"id":257155,"place":313,"uniqueZonesTaken":1846,"region":{"name":"Gävleborg","id":144}},"time":"2024-06-03T12:54:10+0000","message":"millroy: ja kallt å blött","region":{"name":"Gävleborg","id":144},"type":"chat"}]