[{"country":"ae","sender":{"country":"ae","medals":[],"zones":[],"pointsPerHour":0,"points":0,"blocktime":600,"taken":0,"name":"rahmagksi","totalPoints":0,"rank":0,"id":427265,"place":4412,"uniqueZonesTaken":0},"time":"2024-06-03T13:18:57+0000","message":"fyij","type":"chat"},{"medal":84,"time":"2024-06-03T13:16:29+0000","type":"medal","user":{"country":"se","medals":[93,84],"zones":[60128,645653],"pointsPerHour":0,"points":975,"blocktime":645,"taken":5,"name":"Baxpax","totalPoints":975,"rank":3,"id":427247,"place":4409,"uniqueZonesTaken":5,"region":{"name":"Norrbotten","id":126}}},{"medal":84,"time":"2024-06-03T13:06:49+0000","type":"medal","user":{"country":"se","medals":[93,84],"zones":[80090,33102],"pointsPerHour":0,"points":505,"blocktime":630,"taken":5,"name":"LillaHittaren","totalPoints":505,"rank":2,"id":427249,"place":4406,"uniqueZonesTaken":5,"region":{"name":"Stockholm","id":141}}}]