[{"sender":{"country":"se","medals":[94,67,126,22,57,28,122,16,47,15,77,127,5,36,70,71,4,108,152,66],"zones":[176454,96004,139147,43018,43019,525445,114969,474395,566058,96739,48100,48101,570606,538144,171176,21228,21229,21230,77295,207276,43760,43761,516534,17970,404917,64630,138875,475517,475515,516536],"pointsPerHour":39,"points":14286,"blocktime":1215,"taken":7495,"name":"Tonny","totalPoints":1578672,"rank":41,"id":257155,"place":313,"uniqueZonesTaken":1846,"region":{"name":"Gävleborg","id":144}},"time":"2024-06-03T12:54:10+0000","message":"millroy: ja kallt å blött","region":{"name":"Gävleborg","id":144},"type":"chat"},{"medal":85,"time":"2024-06-03T12:51:59+0000","type":"medal","user":{"country":"se","medals":[80,85],"zones":[660568,193489,116597,154052,116598,61245,603655,5326,176349],"pointsPerHour":0,"points":1910,"blocktime":675,"taken":10,"name":"フェウィ","totalPoints":1910,"rank":5,"id":427234,"place":4390,"uniqueZonesTaken":10,"region":{"name":"Västra Götaland","id":132}}},{"sender":{"country":"se","medals":[126,22,16,79,7,14,96,122,70,72,77,129,48,105,37,156,58,68],"zones":[],"pointsPerHour":0,"points":350,"blocktime":1215,"taken":8048,"name":"BlabJR","totalPoints":1503433,"rank":41,"id":228860,"place":3241,"uniqueZonesTaken":826,"region":{"name":"Dalarna","id":129}},"time":"2024-06-03T12:51:44+0000","message":"Caisesiume: tack så mycket!","region":{"name":"Dalarna","id":129},"type":"chat"},{"medal":51,"time":"2024-06-03T12:51:05+0000","type":"medal","user":{"country":"se","medals":[51,85,90],"zones":[9664,27714,36739,36740,37492,179850,178265,31707,42989,11951],"pointsPerHour":0,"points":1616,"blocktime":660,"taken":10,"name":"Jack_7a_","totalPoints":1616,"rank":4,"id":395290,"place":4388,"uniqueZonesTaken":10,"region":{"name":"Södermanland","id":140}}},{"medal":85,"time":"2024-06-03T12:51:05+0000","type":"medal","user":{"country":"se","medals":[51,85,90],"zones":[9664,27714,36739,36740,37492,179850,178265,31707,42989,11951],"pointsPerHour":0,"points":1616,"blocktime":660,"taken":10,"name":"Jack_7a_","totalPoints":1616,"rank":4,"id":395290,"place":4388,"uniqueZonesTaken":10,"region":{"name":"Södermanland","id":140}}},{"medal":90,"time":"2024-06-03T12:51:05+0000","type":"medal","user":{"country":"se","medals":[51,85,90],"zones":[9664,27714,36739,36740,37492,179850,178265,31707,42989,11951],"pointsPerHour":0,"points":1616,"blocktime":660,"taken":10,"name":"Jack_7a_","totalPoints":1616,"rank":4,"id":395290,"place":4388,"uniqueZonesTaken":10,"region":{"name":"Södermanland","id":140}}},{"medal":93,"time":"2024-06-03T12:50:59+0000","type":"medal","user":{"country":"se","medals":[93],"zones":[],"pointsPerHour":0,"points":80,"blocktime":600,"taken":1,"name":"LillaHittaren","totalPoints":80,"rank":0,"id":427249,"place":4388,"uniqueZonesTaken":1,"region":{"name":"Stockholm","id":141}}},{"sender":{"country":"se","medals":[16,24,21,67,70,17,3,68,79,20,83,75,4,17,116,27,72,24,82,1,69,68,68,68,68,24,17,1,69,68,24,24,77,68,91,68,24,24,24,126,17,68,24,68,68,17,119,24,24,129,24,121,124,24,1,69,68,17,24,24,24,24,68,109,160,24,68,24,117,24],"zones":[527727,54255],"pointsPerHour":4,"points":11510,"blocktime":1470,"taken":127765,"name":"Kygni","totalPoints":22825269,"rank":58,"id":105263,"place":442,"uniqueZonesTaken":11271,"region":{"name":"Norrbotten","id":126}},"time":"2024-06-03T12:50:48+0000","message":"Sven_R: check discord","type":"chat"},{"medal":85,"time":"2024-06-03T12:45:11+0000","type":"medal","user":{"country":"se","medals":[93,80,85],"zones":[5328,554328,458022,80813,316666,603654,5327],"pointsPerHour":0,"points":1778,"blocktime":660,"taken":10,"name":"gh0stpanda","totalPoints":1778,"rank":4,"id":427231,"place":4382,"uniqueZonesTaken":9,"region":{"name":"Västra Götaland","id":132}}}]