[{"medal":31,"time":"2024-01-08T10:34:55+0000","type":"medal","user":{"country":"uk","medals":[51,92,31],"zones":[323748,392132,15495,481456,64361,64362,64363,448218,318779],"pointsPerHour":0,"points":2153,"blocktime":690,"taken":25,"name":"teep","totalPoints":5285,"rank":6,"id":416703,"place":3629,"uniqueZonesTaken":22,"region":{"name":"Scotland","id":200}}},{"sender":{"country":"wd","medals":[16,4,27,57,47,70,67,79,77,7,14,83,72,123,126,102,95,131,118,156],"zones":[],"pointsPerHour":0,"points":1625,"blocktime":1470,"taken":75763,"name":"BetulaAlba","totalPoints":15687127,"rank":58,"id":80722,"place":1413,"uniqueZonesTaken":998,"region":{"name":"Spain","id":211}},"time":"2024-01-08T10:34:03+0000","message":"\"pilgrimen\" ¡Bienvenido a Fuengirola!","region":{"name":"Spain","id":211},"type":"chat"},{"sender":{"country":"wd","medals":[16,4,27,57,47,70,67,79,77,7,14,83,72,123,126,102,95,131,118,156],"zones":[],"pointsPerHour":0,"points":1625,"blocktime":1470,"taken":75763,"name":"BetulaAlba","totalPoints":15687127,"rank":58,"id":80722,"place":1411,"uniqueZonesTaken":998,"region":{"name":"Spain","id":211}},"time":"2024-01-08T10:32:31+0000","message":"\"pilgrimen\": ¡Buenos dias!","region":{"name":"Spain","id":211},"type":"chat"},{"sender":{"country":"se","medals":[16,126,22,70,58,27,4,67,5,79,129,48,15,103,123,66,77,72,88,96,156],"zones":[33120,79073,79072,29538,79074,84679,519584,109704,22226,94514,78514,351344,221301,7543,15351,515935,7544,7545,91709,485018,95006],"pointsPerHour":34,"points":6480,"blocktime":1440,"taken":43227,"name":"FlygarAlex","totalPoints":11261591,"rank":56,"id":256903,"place":336,"uniqueZonesTaken":1347,"region":{"name":"Stockholm","id":141}},"time":"2024-01-08T10:18:06+0000","message":"anitem: 😂","region":{"name":"Stockholm","id":141},"type":"chat"}]