[{"sender":{"country":"se","medals":[16,70,4,24,72,67,58,21,99,24,24,79,75,91,77,24,83,24,26,17,50,126,123,89,132,107,117,155],"zones":[11314,20947,224725,12123,11180,21485],"pointsPerHour":35,"points":2759,"blocktime":1425,"taken":72172,"name":"NonPlusUltra","totalPoints":10348282,"rank":55,"id":105943,"place":923,"uniqueZonesTaken":3510,"region":{"name":"Stockholm","id":141}},"time":"2024-01-08T09:53:01+0000","message":"cotten: Starkt!","region":{"name":"Västerbotten","id":127},"type":"chat"},{"medal":86,"time":"2024-01-08T08:39:47+0000","type":"medal","user":{"country":"se","medals":[92,51,86],"zones":[115793,319430,154673,206352,560860,601566,41655,21530,98154,177708],"pointsPerHour":0,"points":2533,"blocktime":735,"taken":50,"name":"GUSNOR","totalPoints":12136,"rank":9,"id":416431,"place":3528,"uniqueZonesTaken":42,"region":{"name":"Jämtland","id":128}}}]