[{"medal":90,"time":"2024-02-06T18:01:16+0000","type":"medal","user":{"country":"se","medals":[94,51,12,71,42,151,103,127,90],"zones":[525817,44421,16854,255732,44519,28681,21738,430493,476780,44527],"pointsPerHour":0,"points":6521,"blocktime":14,"taken":327,"name":"jeffne","totalPoints":62940,"rank":16,"id":243015,"place":4464,"uniqueZonesTaken":202,"region":{"name":"Jönköping","id":133}}},{"medal":85,"time":"2024-02-06T17:53:03+0000","type":"medal","user":{"country":"se","medals":[93,80,85],"zones":[97841,37701,92687,91422,97838],"pointsPerHour":0,"points":1469,"blocktime":11,"taken":11,"name":"villovägar","totalPoints":1675,"rank":4,"id":417333,"place":4460,"uniqueZonesTaken":8,"region":{"name":"Stockholm","id":141}}},{"medal":80,"time":"2024-02-06T17:53:03+0000","type":"medal","user":{"country":"se","medals":[93,80,85],"zones":[97841,37701,92687,91422,97838],"pointsPerHour":0,"points":1469,"blocktime":11,"taken":11,"name":"villovägar","totalPoints":1675,"rank":4,"id":417333,"place":4460,"uniqueZonesTaken":8,"region":{"name":"Stockholm","id":141}}}]