[{"medal":80,"time":"2024-02-05T12:43:13+0000","type":"medal","user":{"country":"se","medals":[93,100,85,80],"zones":[98017,419,11491,47833,515454],"pointsPerHour":0,"points":1753,"blocktime":11,"taken":12,"name":"Lixtorp","totalPoints":2032,"rank":5,"id":416545,"place":3967,"uniqueZonesTaken":10,"region":{"name":"Västra Götaland","id":132}}},{"medal":85,"time":"2024-02-05T12:37:26+0000","type":"medal","user":{"country":"se","medals":[93,100,85],"zones":[98017,419,47833],"pointsPerHour":0,"points":1456,"blocktime":11,"taken":10,"name":"Lixtorp","totalPoints":1736,"rank":4,"id":416545,"place":3963,"uniqueZonesTaken":8,"region":{"name":"Västra Götaland","id":132}}}]