[{"country":"dk","sender":{"country":"dk","medals":[16,127,6,122,69,68,30,28,71,68,14,47,27,60,69,68,35,69,77,155,69,68],"zones":[5952,489473,34474,37770,5707,33965,227790,5742,399574,37776,5682,235664,586237,37782,34490,5916,5662],"pointsPerHour":25,"points":4427,"blocktime":20,"taken":4152,"name":"Fodtusserne","totalPoints":2222159,"rank":43,"id":367064,"place":774,"uniqueZonesTaken":786,"region":{"name":"Hovedstaden","id":172}},"time":"2024-02-05T10:19:19+0000","message":"HEP1961: 🤣","type":"chat"},{"medal":11,"time":"2024-02-05T10:11:57+0000","type":"medal","user":{"country":"se","medals":[52,71,86,11],"zones":[2019,1445,646,17254,11527,33175],"pointsPerHour":0,"points":3841,"blocktime":12,"taken":54,"name":"GoransS","totalPoints":12424,"rank":9,"id":417337,"place":3814,"uniqueZonesTaken":50,"region":{"name":"Uppsala","id":142}}}]