[{"medal":86,"time":"2024-02-06T14:01:52+0000","type":"medal","user":{"country":"se","medals":[51,92,86],"zones":[145015,411324],"pointsPerHour":0,"points":465,"blocktime":12,"taken":50,"name":"Lövet","totalPoints":8392,"rank":8,"id":103039,"place":4397,"uniqueZonesTaken":48,"region":{"name":"Jämtland","id":128}}},{"medal":84,"time":"2024-02-06T13:25:02+0000","type":"medal","user":{"country":"se","medals":[84],"zones":[97841,78984],"pointsPerHour":0,"points":672,"blocktime":10,"taken":5,"name":"villovägar","totalPoints":878,"rank":3,"id":417333,"place":4381,"uniqueZonesTaken":3,"region":{"name":"Stockholm","id":141}}}]