[{"medal":36,"time":"2024-04-22T06:15:59+0000","type":"medal","user":{"country":"se","medals":[12,127,53,6,104,10,16,151,95,36],"zones":[21859,46357,7702,51657,654229],"pointsPerHour":0,"points":16458,"blocktime":19,"taken":5000,"name":"Robsky","totalPoints":854054,"rank":36,"id":329614,"place":6910,"uniqueZonesTaken":244,"region":{"name":"Västerbotten","id":127}}},{"medal":31,"time":"2024-04-22T06:03:48+0000","type":"medal","user":{"country":"se","medals":[80,31],"zones":[7761,31070],"pointsPerHour":0,"points":1450,"blocktime":11,"taken":25,"name":"coolastesebbe","totalPoints":3036,"rank":5,"id":419259,"place":6910,"uniqueZonesTaken":9,"region":{"name":"Västmanland","id":143}}}]