[{"medal":151,"time":"2024-04-22T13:15:15+0000","type":"medal","user":{"country":"se","medals":[67,4,70,5,95,16,79,15,124,68,82,72,68,75,22,129,3,68,40,107,66,151],"zones":[47744,562958,6152,6153,6154,24203,6155,62028,6157,93902,37458,37460,44117,37461,42262,155871,43040,652521,38240,361188,565866,281825,96744,381422,179182,560831,36732],"pointsPerHour":0,"points":10040,"blocktime":22,"taken":20664,"name":"rocadero","totalPoints":4567941,"rank":49,"id":142529,"place":6995,"uniqueZonesTaken":2426,"region":{"name":"Västmanland","id":143}}},{"medal":90,"time":"2024-04-22T13:14:52+0000","type":"medal","user":{"country":"se","medals":[93,80,85,90],"zones":[11346,655865,839,377,23242,12779,878,11343],"pointsPerHour":0,"points":1287,"blocktime":11,"taken":10,"name":"HpTibro","totalPoints":1287,"rank":4,"id":421205,"place":6995,"uniqueZonesTaken":10,"region":{"name":"Västra Götaland","id":132}}},{"medal":85,"time":"2024-04-22T13:14:52+0000","type":"medal","user":{"country":"se","medals":[93,80,85,90],"zones":[11346,655865,839,377,23242,12779,878,11343],"pointsPerHour":0,"points":1287,"blocktime":11,"taken":10,"name":"HpTibro","totalPoints":1287,"rank":4,"id":421205,"place":6995,"uniqueZonesTaken":10,"region":{"name":"Västra Götaland","id":132}}},{"medal":94,"time":"2024-04-22T13:12:09+0000","type":"medal","user":{"country":"se","medals":[94],"zones":[],"pointsPerHour":0,"points":80,"blocktime":10,"taken":1,"name":"cossoc","totalPoints":80,"rank":0,"id":421210,"place":6995,"uniqueZonesTaken":1,"region":{"name":"Stockholm","id":141}}},{"medal":84,"time":"2024-04-22T13:08:58+0000","type":"medal","user":{"country":"se","medals":[80,84],"zones":[11345,12818,655897,116005,319161],"pointsPerHour":0,"points":851,"blocktime":10,"taken":5,"name":"ibmo","totalPoints":851,"rank":3,"id":421195,"place":6992,"uniqueZonesTaken":5,"region":{"name":"Västra Götaland","id":132}}},{"medal":80,"time":"2024-04-22T13:08:58+0000","type":"medal","user":{"country":"se","medals":[80,84],"zones":[11345,12818,655897,116005,319161],"pointsPerHour":0,"points":851,"blocktime":10,"taken":5,"name":"ibmo","totalPoints":851,"rank":3,"id":421195,"place":6992,"uniqueZonesTaken":5,"region":{"name":"Västra Götaland","id":132}}}]