[{"medal":37,"time":"2024-02-05T12:25:23+0000","type":"medal","user":{"country":"se","medals":[126,90,78,94,15,107,128,66,55,16,153,37],"zones":[430694,6241,25380,93092,21896,153930,42891,18923,42892,28204,42893,42894,114994,24276,353713,218],"pointsPerHour":0,"points":4026,"blocktime":1230,"taken":7500,"name":"Tingstumannen","totalPoints":1811302,"rank":42,"id":118078,"place":3954,"uniqueZonesTaken":2040,"region":{"name":"Stockholm","id":141}}},{"medal":103,"time":"2024-02-05T12:25:17+0000","type":"medal","user":{"country":"se","medals":[94,90,127,152,11,42,53,16,103],"zones":[488501],"pointsPerHour":0,"points":510,"blocktime":870,"taken":438,"name":"Hannah_jojjo","totalPoints":79195,"rank":18,"id":409199,"place":3954,"uniqueZonesTaken":84,"region":{"name":"Västra Götaland","id":132}}},{"medal":12,"time":"2024-02-05T12:16:29+0000","type":"medal","user":{"country":"se","medals":[52,42,12],"zones":[850,61634,24398,383],"pointsPerHour":0,"points":671,"blocktime":840,"taken":253,"name":"Limp","totalPoints":57229,"rank":16,"id":34529,"place":3943,"uniqueZonesTaken":100,"region":{"name":"Västra Götaland","id":132}}}]