[{"medal":16,"time":"2024-02-06T11:34:21+0000","type":"medal","user":{"country":"uk","medals":[53,11,152,32,16],"zones":[475303,477381,426404,426402,476779,475307,48525,429064,475305,429065,426409,500692,426398,426399,426396,426397,426394,559445,426395,426393],"pointsPerHour":0,"points":4582,"blocktime":840,"taken":164,"name":"Turfsley","totalPoints":56659,"rank":16,"id":415256,"place":4348,"uniqueZonesTaken":61,"region":{"name":"Scotland","id":200}}},{"medal":35,"time":"2024-02-06T11:17:19+0000","type":"medal","user":{"country":"fi","medals":[46,127,28,55,13,7,152,35],"zones":[12275,178107,650864,155806],"pointsPerHour":0,"points":576,"blocktime":1095,"taken":2500,"name":"Valterix","totalPoints":496953,"rank":33,"id":364087,"place":4338,"uniqueZonesTaken":283,"region":{"name":"Åland","id":177}}}]