[{"sender":{"country":"se","medals":[28,47,16,57,7,77,83,79,98,4,126,122,15,27,70,67,106,117,155,132,88],"zones":[14659,1508,648,21160,353773,1512,200778,565988,7984,12433,48308,28855,3549,23901,81599,21151],"pointsPerHour":71,"points":6994,"blocktime":1395,"taken":40099,"name":"spirit303","totalPoints":7752682,"rank":53,"id":46566,"place":997,"uniqueZonesTaken":1310,"region":{"name":"Dalarna","id":129}},"time":"2024-02-06T18:26:45+0000","message":"WikkeOWL: Ja, vi kommer 👍","region":{"name":"Dalarna","id":129},"type":"chat"},{"medal":84,"time":"2024-02-06T18:25:17+0000","type":"medal","user":{"country":"se","medals":[84],"zones":[37703,1481,91422],"pointsPerHour":0,"points":563,"blocktime":630,"taken":5,"name":"short_king","totalPoints":563,"rank":2,"id":417488,"place":4471,"uniqueZonesTaken":5,"region":{"name":"Stockholm","id":141}}},{"medal":88,"time":"2024-02-06T18:19:59+0000","type":"medal","user":{"country":"se","medals":[16,4,5,28,27,57,48,24,17,24,79,17,17,116,15,91,77,126,24,24,128,108,24,154,88],"zones":[4419,224407,8292,36853,89255,117110,568,29387,29388],"pointsPerHour":0,"points":10252,"blocktime":1365,"taken":40000,"name":"Gladiator","totalPoints":6135650,"rank":51,"id":28192,"place":4469,"uniqueZonesTaken":1269,"region":{"name":"Östergötland","id":139}}}]