[{"medal":85,"time":"2024-02-13T13:25:53+0000","type":"medal","user":{"country":"se","medals":[85],"zones":[2416],"pointsPerHour":0,"points":155,"blocktime":675,"taken":10,"name":"Bileta","totalPoints":3111,"rank":5,"id":414638,"place":5239,"uniqueZonesTaken":7,"region":{"name":"Stockholm","id":141}}},{"medal":127,"time":"2024-02-13T12:59:59+0000","type":"medal","user":{"country":"uk","medals":[90,5,79,7,13,55,154,35,127],"zones":[365447,565098,493221,365056,359823,140141,566488,348375,493205,364759,493268,348374,381718,364758,493203,365053,348376,365051,139741,566487],"pointsPerHour":0,"points":20970,"blocktime":1140,"taken":2961,"name":"Hästhov","totalPoints":784586,"rank":36,"id":312155,"place":5234,"uniqueZonesTaken":274,"region":{"name":"Yorkshire & The Humber","id":202}}}]