[{"sender":{"country":"se","medals":[16,24,77,17,4,7,57,28,27,5,24,24,117,24,79,116,17,22,67,24,24,24,24,126,48,124,24,70,17,24,24,17,74,24,89,108,132,24,24,155],"zones":[7474,275,637164,37734,24283,517448],"pointsPerHour":31,"points":15226,"blocktime":1440,"taken":60824,"name":"Tålamodet","totalPoints":11341724,"rank":56,"id":188982,"place":1336,"uniqueZonesTaken":5536,"region":{"name":"Stockholm","id":141}},"time":"2024-02-13T16:41:48+0000","message":"magnusn: ☺️","region":{"name":"Stockholm","id":141},"type":"chat"}]