[{"medal":51,"time":"2024-02-13T09:52:30+0000","type":"medal","user":{"country":"de","medals":[31,51],"zones":[393029,381316,393031,381318,393030,368161,652844,381315,368162,474219],"pointsPerHour":0,"points":3116,"blocktime":720,"taken":36,"name":"special-k","totalPoints":9866,"rank":8,"id":416720,"place":5217,"uniqueZonesTaken":12,"region":{"name":"Schleswig-Holstein","id":443}}},{"sender":{"country":"uk","medals":[16,72,127,79,94,15,47,101,59,38,123,156],"zones":[321572,344706,321589,485940,381277,321790,392734,321593,321785,374232,321787,321819],"pointsPerHour":32,"points":8194,"blocktime":1305,"taken":12663,"name":"MuttsCycles","totalPoints":3969499,"rank":47,"id":353862,"place":2008,"uniqueZonesTaken":1792,"region":{"name":"Scotland","id":200}},"time":"2024-02-13T09:41:20+0000","message":"CardiffSoulCru: I seen it, I was riding up. reply in a minute.","region":{"name":"Scotland","id":200},"type":"chat"}]