[{"sender":{"country":"se","medals":[77,5,70,16,79,17,116,15,67,28,117,47,126,123,55,24,4,66,21,110,17,132,24,87,152],"zones":[95760,36858,973,31501,26606,20574],"pointsPerHour":34,"points":10585,"blocktime":1350,"taken":38613,"name":"bettyblue","totalPoints":5137050,"rank":50,"id":100419,"place":1755,"uniqueZonesTaken":2184,"region":{"name":"Östergötland","id":139}},"time":"2024-02-13T15:59:34+0000","message":"Jag läste det lite sent!","region":{"name":"Östergötland","id":139},"type":"chat"},{"medal":6,"time":"2024-02-13T15:57:39+0000","type":"medal","user":{"country":"se","medals":[93,46,28,67,55,100,79,34,14,122,4,6],"zones":[23662],"pointsPerHour":0,"points":80,"blocktime":1020,"taken":1799,"name":".Huxflux.","totalPoints":252889,"rank":28,"id":232919,"place":5257,"uniqueZonesTaken":531,"region":{"name":"Västmanland","id":143}}},{"sender":{"country":"se","medals":[5,67,79,16,28,97,127,59,48,24,7,15,22,41,124,105,155],"zones":[100,90120,64650,319151,972,2573,11919,79,11920,563,11925,11927,599349,92,599351,44126,599350],"pointsPerHour":87,"points":28671,"blocktime":1335,"taken":28631,"name":"Ute&cyklar","totalPoints":4909706,"rank":49,"id":326415,"place":670,"uniqueZonesTaken":1521,"region":{"name":"Östergötland","id":139}},"time":"2024-02-13T15:55:57+0000","message":"bettyblue: är du på väg hit?","region":{"name":"Östergötland","id":139},"type":"chat"}]