[{"sender":{"country":"uk","medals":[16,72,127,79,94,15,47,101,59,38,123,156],"zones":[321572,344706,321589,485940,381277,321790,392734,321593,321785,374232,321787,321819],"pointsPerHour":32,"points":8194,"blocktime":1305,"taken":12663,"name":"MuttsCycles","totalPoints":3969499,"rank":47,"id":353862,"place":2008,"uniqueZonesTaken":1792,"region":{"name":"Scotland","id":200}},"time":"2024-02-13T09:41:20+0000","message":"CardiffSoulCru: I seen it, I was riding up. reply in a minute.","region":{"name":"Scotland","id":200},"type":"chat"},{"sender":{"country":"uk","medals":[16,67,27,22,79,5,59,77,123,96,72,15,75,128,103,88,156],"zones":[321830,361383,393123,361386,392727,376823,376822,387600,329456,321820,321821,361404,365564,392735,392728,392731,361403,392730],"pointsPerHour":21,"points":131861,"blocktime":1440,"taken":46414,"name":"CardiffSoulCru","totalPoints":11029362,"rank":56,"id":302121,"place":22,"uniqueZonesTaken":1748,"region":{"name":"Scotland","id":200}},"time":"2024-02-13T09:39:52+0000","message":"MuttsCycles: Sent you a WhatsApp message","region":{"name":"Scotland","id":200},"type":"chat"},{"sender":{"country":"uk","medals":[16,67,27,22,79,5,59,77,123,96,72,15,75,128,103,88,156],"zones":[321830,361383,393123,361386,392727,376823,376822,387600,329456,321820,321821,361404,365564,392735,392728,392731,361403,392730],"pointsPerHour":21,"points":131861,"blocktime":1440,"taken":46414,"name":"CardiffSoulCru","totalPoints":11029361,"rank":56,"id":302121,"place":22,"uniqueZonesTaken":1748,"region":{"name":"Scotland","id":200}},"time":"2024-02-13T09:37:52+0000","message":"MuttsCycles: Are you working today?","region":{"name":"Scotland","id":200},"type":"chat"}]