[{"medal":84,"time":"2024-05-13T08:43:31+0000","type":"medal","user":{"country":"se","medals":[94,84],"zones":[16848,590136,62348],"pointsPerHour":0,"points":626,"blocktime":10,"taken":5,"name":"Tildamaju","totalPoints":626,"rank":2,"id":423966,"place":6504,"uniqueZonesTaken":5,"region":{"name":"Halland","id":134}}},{"medal":84,"time":"2024-05-13T08:43:07+0000","type":"medal","user":{"country":"se","medals":[80,84],"zones":[429313,50137,576515,50139,515914],"pointsPerHour":0,"points":1273,"blocktime":11,"taken":5,"name":"sommarsnö","totalPoints":1273,"rank":4,"id":423679,"place":6503,"uniqueZonesTaken":5,"region":{"name":"Västra Götaland","id":132}}},{"medal":80,"time":"2024-05-13T08:43:07+0000","type":"medal","user":{"country":"se","medals":[80,84],"zones":[429313,50137,576515,50139,515914],"pointsPerHour":0,"points":1273,"blocktime":11,"taken":5,"name":"sommarsnö","totalPoints":1273,"rank":4,"id":423679,"place":6503,"uniqueZonesTaken":5,"region":{"name":"Västra Götaland","id":132}}},{"sender":{"country":"se","medals":[93,28,4,78,127,16,47,122,14,104,7,155,57,37],"zones":[24000,9409,642698,28613,28614,605006,9352,226953,62283,22095,9552,32017,32019,32020,32022,30811,21727,21728,31396,31398,27757,154924,652153,46385,47671,44344,379,380,381],"pointsPerHour":66,"points":44310,"blocktime":20,"taken":8219,"name":"joab69","totalPoints":1887971,"rank":42,"id":69363,"place":481,"uniqueZonesTaken":908,"region":{"name":"Blekinge","id":136}},"time":"2024-05-13T08:42:16+0000","message":"PEWA68: Härligt att ta zoner i solskenet :)","region":{"name":"Blekinge","id":136},"type":"chat"},{"medal":95,"time":"2024-05-13T08:41:16+0000","type":"medal","user":{"country":"se","medals":[95],"zones":[64601],"pointsPerHour":0,"points":250,"blocktime":10,"taken":2,"name":"Alvaaaa7411","totalPoints":250,"rank":1,"id":423970,"place":6503,"uniqueZonesTaken":2,"region":{"name":"Halland","id":134}}},{"medal":93,"time":"2024-05-13T08:40:06+0000","type":"medal","user":{"country":"se","medals":[93],"zones":[],"pointsPerHour":0,"points":125,"blocktime":10,"taken":1,"name":"Shadi._.xp","totalPoints":125,"rank":0,"id":423872,"place":6502,"uniqueZonesTaken":1,"region":{"name":"Örebro","id":131}}},{"medal":93,"time":"2024-05-13T08:39:24+0000","type":"medal","user":{"country":"se","medals":[93],"zones":[],"pointsPerHour":0,"points":170,"blocktime":10,"taken":1,"name":"Pellekanin5555","totalPoints":170,"rank":0,"id":423978,"place":6501,"uniqueZonesTaken":1,"region":{"name":"Västerbotten","id":127}}},{"medal":95,"time":"2024-05-13T08:30:34+0000","type":"medal","user":{"country":"se","medals":[95],"zones":[],"pointsPerHour":0,"points":125,"blocktime":10,"taken":1,"name":"Nicoleee","totalPoints":125,"rank":0,"id":423968,"place":6497,"uniqueZonesTaken":1,"region":{"name":"Halland","id":134}}},{"medal":95,"time":"2024-05-13T08:30:34+0000","type":"medal","user":{"country":"se","medals":[95],"zones":[],"pointsPerHour":0,"points":125,"blocktime":10,"taken":1,"name":"Cissiiii","totalPoints":125,"rank":0,"id":423969,"place":6497,"uniqueZonesTaken":1,"region":{"name":"Halland","id":134}}},{"medal":95,"time":"2024-05-13T08:30:34+0000","type":"medal","user":{"country":"se","medals":[95],"zones":[],"pointsPerHour":0,"points":125,"blocktime":10,"taken":1,"name":"issssa","totalPoints":125,"rank":0,"id":423965,"place":6497,"uniqueZonesTaken":1,"region":{"name":"Halland","id":134}}}]