[{"medal":151,"time":"2024-05-14T10:26:29+0000","type":"medal","user":{"country":"se","medals":[93,67,126,5,28,46,101,55,35,7,79,15,151],"zones":[139316],"pointsPerHour":0,"points":10428,"blocktime":18,"taken":2907,"name":"DrSegatron","totalPoints":482775,"rank":33,"id":254139,"place":6809,"uniqueZonesTaken":1061,"region":{"name":"Västmanland","id":143}}},{"medal":92,"time":"2024-05-14T10:26:11+0000","type":"medal","user":{"country":"wd","medals":[85,93,92],"zones":[95627],"pointsPerHour":0,"points":3550,"blocktime":11,"taken":17,"name":"egzörppp","totalPoints":3550,"rank":6,"id":423486,"place":6809,"uniqueZonesTaken":15,"region":{"name":"Lithuania","id":232}}},{"medal":84,"time":"2024-05-14T10:22:00+0000","type":"medal","user":{"country":"se","medals":[93,84],"zones":[98147,17940,31067],"pointsPerHour":0,"points":435,"blocktime":10,"taken":5,"name":"Klövern","totalPoints":755,"rank":3,"id":417781,"place":6809,"uniqueZonesTaken":5,"region":{"name":"Västmanland","id":143}}}]