[{"medal":11,"time":"2024-05-14T17:22:39+0000","type":"medal","user":{"country":"se","medals":[51,86,151,11],"zones":[524231,524230,21045,47480],"pointsPerHour":0,"points":10952,"blocktime":12,"taken":80,"name":"kak-ola","totalPoints":14229,"rank":9,"id":421430,"place":6901,"uniqueZonesTaken":50,"region":{"name":"Södermanland","id":140}}},{"medal":90,"time":"2024-05-14T17:16:32+0000","type":"medal","user":{"country":"se","medals":[93,100,52,86,11,90],"zones":[21168,42420,451595,12430,11263],"pointsPerHour":0,"points":9628,"blocktime":12,"taken":71,"name":"Kalleboi2211","totalPoints":12782,"rank":9,"id":394746,"place":6901,"uniqueZonesTaken":51,"region":{"name":"Dalarna","id":129}}}]