[{"medal":5,"time":"2024-02-19T02:48:16+0000","type":"medal","user":{"country":"wd","medals":[85,5],"zones":[518966,394271,382490],"pointsPerHour":0,"points":555,"blocktime":11,"taken":10,"name":"NogginTheNog","totalPoints":6134,"rank":7,"id":399982,"place":5645,"uniqueZonesTaken":7,"region":{"name":"Australia","id":222}}},{"medal":85,"time":"2024-02-19T02:48:16+0000","type":"medal","user":{"country":"wd","medals":[85,5],"zones":[518966,394271,382490],"pointsPerHour":0,"points":555,"blocktime":11,"taken":10,"name":"NogginTheNog","totalPoints":6134,"rank":7,"id":399982,"place":5645,"uniqueZonesTaken":7,"region":{"name":"Australia","id":222}}}]