[{"medal":80,"time":"2024-01-30T12:44:37+0000","type":"medal","user":{"country":"se","medals":[84,80],"zones":[64965,390,522,523,413],"pointsPerHour":0,"points":829,"blocktime":10,"taken":8,"name":"RåttBebisar","totalPoints":829,"rank":3,"id":417299,"place":6007,"uniqueZonesTaken":6,"region":{"name":"Skåne","id":135}}},{"medal":80,"time":"2024-01-30T12:41:31+0000","type":"medal","user":{"country":"se","medals":[84,80],"zones":[417,134144,27561,521,394],"pointsPerHour":0,"points":712,"blocktime":10,"taken":6,"name":"GinAndTonic","totalPoints":712,"rank":3,"id":417300,"place":6007,"uniqueZonesTaken":6,"region":{"name":"Skåne","id":135}}}]