[{"medal":84,"time":"2024-04-01T12:45:04+0000","type":"medal","user":{"country":"se","medals":[93,84],"zones":[492957,153037,62271],"pointsPerHour":0,"points":1022,"blocktime":10,"taken":5,"name":"pannakotta13","totalPoints":1022,"rank":3,"id":419249,"place":7057,"uniqueZonesTaken":5,"region":{"name":"Skåne","id":135}}},{"medal":93,"time":"2024-04-01T12:45:04+0000","type":"medal","user":{"country":"se","medals":[93],"zones":[],"pointsPerHour":0,"points":185,"blocktime":10,"taken":1,"name":"apan100","totalPoints":185,"rank":0,"id":385716,"place":7057,"uniqueZonesTaken":1,"region":{"name":"Skåne","id":135}}},{"sender":{"country":"uk","medals":[16,77,79,117,67,70,124,48,22,99,27,7,82,72,131,4,108,120,65,41,24,155],"zones":[328197,328196,328198,328194,655008,360334,389161,652519,403273,360336,332925,491038,518653,328191,401179],"pointsPerHour":20,"points":42231,"blocktime":23,"taken":27323,"name":"DaffyDuck","totalPoints":7586067,"rank":53,"id":289726,"place":1652,"uniqueZonesTaken":8520,"region":{"name":"Scotland","id":200}},"time":"2024-04-01T12:44:36+0000","message":"SpookyWood-y: 🤷\u200d♀️","region":{"name":"East Midlands","id":203},"type":"chat"},{"medal":151,"time":"2024-04-01T12:43:46+0000","type":"medal","user":{"country":"se","medals":[28,55,47,4,79,16,7,101,14,38,94,151],"zones":[569,5577,27801,139416,63692,31981],"pointsPerHour":0,"points":10000,"blocktime":20,"taken":14670,"name":"Readmylips","totalPoints":1842585,"rank":42,"id":211802,"place":7057,"uniqueZonesTaken":539,"region":{"name":"Västmanland","id":143}}},{"sender":{"country":"uk","medals":[16,77,67,22,79,82,48,72,27,124,117,70,99,127,68,68,4,7,108,120,65,5,24,41,156],"zones":[365572,328199,328192,365571,328195,344717,360333,344716,360335,403274,401178,344794,655010,79082,323188,355253,328181,13489,328180,328183,328182,355249,355251,328189,328188,328185,328184,328187],"pointsPerHour":34,"points":121733,"blocktime":23,"taken":26669,"name":"SpookyWood-y","totalPoints":7720414,"rank":53,"id":281407,"place":516,"uniqueZonesTaken":8584,"region":{"name":"Scotland","id":200}},"time":"2024-04-01T12:43:42+0000","message":"DaffyDuck: where\u2019s everyone else!? 😉","region":{"name":"East Midlands","id":203},"type":"chat"},{"sender":{"country":"uk","medals":[16,77,79,117,67,70,124,48,22,99,27,7,82,72,131,4,108,120,65,41,24,155],"zones":[328197,328196,328198,328194,655008,360334,389161,652519,403273,360336,332925,491038,518653,328191,401179],"pointsPerHour":20,"points":42045,"blocktime":23,"taken":27322,"name":"DaffyDuck","totalPoints":7585882,"rank":53,"id":289726,"place":1657,"uniqueZonesTaken":8519,"region":{"name":"Scotland","id":200}},"time":"2024-04-01T12:42:45+0000","message":"SpookyWood-y: Back again 🤣","region":{"name":"East Midlands","id":203},"type":"chat"}]