[{"medal":95,"time":"2024-04-01T10:20:04+0000","type":"medal","user":{"country":"se","medals":[31,100,92,95],"zones":[62419,22748],"pointsPerHour":0,"points":8037,"blocktime":11,"taken":41,"name":"busigare","totalPoints":8037,"rank":7,"id":418120,"place":7034,"uniqueZonesTaken":15,"region":{"name":"Kronoberg","id":147}}},{"medal":156,"time":"2024-04-01T10:17:09+0000","type":"medal","user":{"country":"se","medals":[47,16,28,5,71,67,95,57,13,70,107,6,122,117,39,132,156],"zones":[5315,92199,21479,23754,606245,278600,116653,21484,227885,24815,23472,21810,24596,110741,220246,656639,62647,55643,625010,93151,41855,93150],"pointsPerHour":0,"points":250146,"blocktime":21,"taken":15507,"name":"morgonstund","totalPoints":2690467,"rank":44,"id":373654,"place":7034,"uniqueZonesTaken":491,"region":{"name":"Örebro","id":131}}}]