[{"country":"se","sender":{"country":"se","medals":[],"zones":[],"pointsPerHour":0,"points":0,"blocktime":600,"taken":0,"name":"MikeMalm","totalPoints":1,"rank":0,"id":391660,"place":4211,"uniqueZonesTaken":0},"time":"2024-06-03T10:07:32+0000","message":"håll er innanför rutan","type":"chat"},{"country":"se","sender":{"country":"se","medals":[],"zones":[],"pointsPerHour":0,"points":0,"blocktime":600,"taken":0,"name":"MikeMalm","totalPoints":1,"rank":0,"id":391660,"place":4210,"uniqueZonesTaken":0},"time":"2024-06-03T10:07:02+0000","message":"nate23 ny","type":"chat"},{"medal":84,"time":"2024-06-03T10:03:05+0000","type":"medal","user":{"country":"se","medals":[93,84],"zones":[44267],"pointsPerHour":0,"points":125,"blocktime":630,"taken":5,"name":"kuken65","totalPoints":485,"rank":2,"id":408165,"place":4199,"uniqueZonesTaken":3,"region":{"name":"Dalarna","id":129}}},{"medal":85,"time":"2024-06-03T10:00:26+0000","type":"medal","user":{"country":"se","medals":[80,85],"zones":[608385],"pointsPerHour":0,"points":235,"blocktime":675,"taken":10,"name":"Kaptenbölja","totalPoints":2211,"rank":5,"id":416544,"place":4191,"uniqueZonesTaken":9,"region":{"name":"Östergötland","id":139}}}]