[{"medal":12,"time":"2024-06-04T09:45:48+0000","type":"medal","user":{"country":"se","medals":[80,93,32,12],"zones":[187778,197028,96670],"pointsPerHour":0,"points":391,"blocktime":810,"taken":232,"name":"MrUv","totalPoints":41341,"rank":14,"id":389995,"place":4864,"uniqueZonesTaken":100,"region":{"name":"Stockholm","id":141}}},{"medal":85,"time":"2024-06-04T09:45:42+0000","type":"medal","user":{"country":"se","medals":[80,85],"zones":[22224,215],"pointsPerHour":0,"points":983,"blocktime":645,"taken":10,"name":"niklasniklas","totalPoints":983,"rank":3,"id":427197,"place":4864,"uniqueZonesTaken":10,"region":{"name":"Stockholm","id":141}}},{"medal":85,"time":"2024-06-04T09:40:25+0000","type":"medal","user":{"country":"se","medals":[93,85],"zones":[432180],"pointsPerHour":0,"points":475,"blocktime":660,"taken":10,"name":"Simon492","totalPoints":1545,"rank":4,"id":423348,"place":4863,"uniqueZonesTaken":5,"region":{"name":"Kalmar","id":137}}}]