[{"medal":85,"time":"2024-06-04T08:55:25+0000","type":"medal","user":{"country":"se","medals":[80,85],"zones":[1120,97138,38440,10504,410,11452],"pointsPerHour":0,"points":799,"blocktime":645,"taken":10,"name":"NellieoAgnes","totalPoints":799,"rank":3,"id":427347,"place":4833,"uniqueZonesTaken":10,"region":{"name":"Västra Götaland","id":132}}},{"medal":100,"time":"2024-06-04T08:52:11+0000","type":"medal","user":{"country":"se","medals":[94,85,100],"zones":[43795,399121,1565,599414],"pointsPerHour":0,"points":1136,"blocktime":645,"taken":11,"name":"Endrias","totalPoints":1136,"rank":3,"id":427388,"place":4832,"uniqueZonesTaken":11,"region":{"name":"Uppsala","id":142}}},{"medal":85,"time":"2024-06-04T08:52:11+0000","type":"medal","user":{"country":"se","medals":[94,100,85],"zones":[11670,6926,46894],"pointsPerHour":0,"points":1131,"blocktime":645,"taken":11,"name":"Dyaami1","totalPoints":1131,"rank":3,"id":427382,"place":4832,"uniqueZonesTaken":11,"region":{"name":"Uppsala","id":142}}},{"medal":80,"time":"2024-06-04T08:49:51+0000","type":"medal","user":{"country":"se","medals":[80,84],"zones":[12531,500,178263,46891,28284],"pointsPerHour":0,"points":528,"blocktime":630,"taken":5,"name":"Raghd","totalPoints":528,"rank":2,"id":427395,"place":4831,"uniqueZonesTaken":5,"region":{"name":"Uppsala","id":142}}},{"medal":84,"time":"2024-06-04T08:49:51+0000","type":"medal","user":{"country":"se","medals":[80,84],"zones":[12531,500,178263,46891,28284],"pointsPerHour":0,"points":528,"blocktime":630,"taken":5,"name":"Raghd","totalPoints":528,"rank":2,"id":427395,"place":4831,"uniqueZonesTaken":5,"region":{"name":"Uppsala","id":142}}}]