[{"medal":51,"time":"2024-06-25T12:08:17+0000","type":"medal","user":{"country":"uk","medals":[93,85,92,51],"zones":[405927,406002,406000,405934,405933,25531,405930,624708,405931,405928],"pointsPerHour":0,"points":3295,"blocktime":11,"taken":18,"name":"NateTortellini","totalPoints":5058,"rank":6,"id":426710,"place":7387,"uniqueZonesTaken":17,"region":{"name":"Wales","id":198}}},{"sender":{"country":"se","medals":[28,96,46,4,53,16,131,6,77,38,155,70,13,103],"zones":[1225,43743],"pointsPerHour":11,"points":62674,"blocktime":20,"taken":14500,"name":"Maggiz","totalPoints":2168214,"rank":43,"id":355874,"place":1060,"uniqueZonesTaken":257,"region":{"name":"Kalmar","id":137}},"time":"2024-06-25T12:04:57+0000","message":"Madizon: Trevligt att träffas idag på morgonpromenaden ☀️","region":{"name":"Kalmar","id":137},"type":"chat"}]