[{"medal":92,"time":"2024-06-25T12:22:13+0000","type":"medal","user":{"country":"se","medals":[85,51,92],"zones":[24131,24132,62276,62279,28872,154571,323823,3245,154573,3248,3249,43062,559856,221145],"pointsPerHour":0,"points":4615,"blocktime":11,"taken":19,"name":"ronrag","totalPoints":4615,"rank":6,"id":428289,"place":7389,"uniqueZonesTaken":15,"region":{"name":"Halland","id":134}}},{"medal":94,"time":"2024-06-25T12:17:23+0000","type":"medal","user":{"country":"se","medals":[94],"zones":[225106,655864],"pointsPerHour":0,"points":748,"blocktime":10,"taken":4,"name":"WizzedSoup","totalPoints":748,"rank":3,"id":428575,"place":7389,"uniqueZonesTaken":4,"region":{"name":"Västra Götaland","id":132}}}]