[{"medal":84,"time":"2024-05-06T12:35:44+0000","type":"medal","user":{"country":"se","medals":[84],"zones":[16904,7870],"pointsPerHour":0,"points":586,"blocktime":10,"taken":5,"name":"Adalverna8G24","totalPoints":586,"rank":2,"id":423114,"place":4482,"uniqueZonesTaken":5,"region":{"name":"Jönköping","id":133}}},{"medal":94,"time":"2024-05-06T12:35:26+0000","type":"medal","user":{"country":"se","medals":[94],"zones":[],"pointsPerHour":0,"points":221,"blocktime":10,"taken":2,"name":"LinusKO","totalPoints":221,"rank":1,"id":423130,"place":4481,"uniqueZonesTaken":2,"region":{"name":"Stockholm","id":141}}},{"medal":42,"time":"2024-05-06T12:34:28+0000","type":"medal","user":{"country":"se","medals":[93,11,152,10,46,55,101,42],"zones":[5314,151863,81862,24506,62223],"pointsPerHour":0,"points":3579,"blocktime":13,"taken":250,"name":"TidohPlayz","totalPoints":47977,"rank":15,"id":419478,"place":4479,"uniqueZonesTaken":68,"region":{"name":"Örebro","id":131}}},{"medal":11,"time":"2024-05-06T12:34:16+0000","type":"medal","user":{"country":"se","medals":[51,151,93,100,32,11],"zones":[154464,79523,154465,154561,11211,117101,96142,431670,19666,154673,601566,21530,94075,333950,138239],"pointsPerHour":0,"points":6512,"blocktime":13,"taken":119,"name":"manolito49","totalPoints":23821,"rank":12,"id":421492,"place":4477,"uniqueZonesTaken":50,"region":{"name":"Västernorrland","id":145}}},{"medal":84,"time":"2024-05-06T12:33:30+0000","type":"medal","user":{"country":"se","medals":[80,84],"zones":[15040,36421,16902,15039,7871],"pointsPerHour":0,"points":540,"blocktime":10,"taken":5,"name":"addrakarna8g.","totalPoints":540,"rank":2,"id":423117,"place":4475,"uniqueZonesTaken":5,"region":{"name":"Jönköping","id":133}}},{"medal":80,"time":"2024-05-06T12:33:30+0000","type":"medal","user":{"country":"se","medals":[80,84],"zones":[15040,36421,16902,15039,7871],"pointsPerHour":0,"points":540,"blocktime":10,"taken":5,"name":"addrakarna8g.","totalPoints":540,"rank":2,"id":423117,"place":4475,"uniqueZonesTaken":5,"region":{"name":"Jönköping","id":133}}},{"medal":94,"time":"2024-05-06T12:33:30+0000","type":"medal","user":{"country":"se","medals":[94],"zones":[],"pointsPerHour":0,"points":220,"blocktime":10,"taken":2,"name":"liaafz","totalPoints":220,"rank":1,"id":423124,"place":4475,"uniqueZonesTaken":1,"region":{"name":"Stockholm","id":141}}},{"medal":94,"time":"2024-05-06T12:33:30+0000","type":"medal","user":{"country":"se","medals":[94],"zones":[],"pointsPerHour":0,"points":110,"blocktime":10,"taken":1,"name":"Dogge_XL","totalPoints":110,"rank":0,"id":423125,"place":4475,"uniqueZonesTaken":1,"region":{"name":"Stockholm","id":141}}},{"medal":84,"time":"2024-05-06T12:32:48+0000","type":"medal","user":{"country":"se","medals":[93,84],"zones":[62250,17291,566949],"pointsPerHour":0,"points":730,"blocktime":10,"taken":5,"name":"Lamisisbest","totalPoints":730,"rank":3,"id":423135,"place":4474,"uniqueZonesTaken":5,"region":{"name":"Skåne","id":135}}},{"medal":84,"time":"2024-05-06T12:32:25+0000","type":"medal","user":{"country":"se","medals":[80,84],"zones":[6964,527070,323314,141657,22797],"pointsPerHour":0,"points":746,"blocktime":10,"taken":5,"name":"Ahmidooo","totalPoints":746,"rank":3,"id":423093,"place":4470,"uniqueZonesTaken":5,"region":{"name":"Skåne","id":135}}},{"medal":80,"time":"2024-05-06T12:32:25+0000","type":"medal","user":{"country":"se","medals":[80,84],"zones":[6964,527070,323314,141657,22797],"pointsPerHour":0,"points":746,"blocktime":10,"taken":5,"name":"Ahmidooo","totalPoints":746,"rank":3,"id":423093,"place":4470,"uniqueZonesTaken":5,"region":{"name":"Skåne","id":135}}},{"medal":84,"time":"2024-05-06T12:31:26+0000","type":"medal","user":{"country":"se","medals":[84],"zones":[20741,20742],"pointsPerHour":0,"points":340,"blocktime":10,"taken":5,"name":"eImino","totalPoints":897,"rank":3,"id":343472,"place":4466,"uniqueZonesTaken":5,"region":{"name":"Stockholm","id":141}}}]