[{"sender":{"country":"se","medals":[79,5,28,56,47,122,127,7,16,15,38,101,153,94,24],"zones":[61969,22715,25356,22717],"pointsPerHour":15,"points":2121,"blocktime":20,"taken":13494,"name":"Arga_katten","totalPoints":2208473,"rank":43,"id":213031,"place":1929,"uniqueZonesTaken":1163,"region":{"name":"Stockholm","id":141}},"time":"2024-05-06T16:39:08+0000","message":"AnnSch: Andra gången i området faktiskt!","region":{"name":"Stockholm","id":141},"type":"chat"},{"sender":{"country":"se","medals":[46,16,10,67,55,7,13,35,100,94,151],"zones":[24192,94600,98060,68367,19343],"pointsPerHour":8,"points":3658,"blocktime":19,"taken":4422,"name":"Ulfheim","totalPoints":952853,"rank":37,"id":145761,"place":1360,"uniqueZonesTaken":422,"region":{"name":"Kalmar","id":137}},"time":"2024-05-06T16:38:35+0000","message":"mikmik: råkade radera mig från Nybrosidan kan du lägga till mig mvh Jörgen","region":{"name":"Kalmar","id":137},"type":"chat"},{"medal":85,"time":"2024-05-06T16:33:42+0000","type":"medal","user":{"country":"se","medals":[80,85],"zones":[24816,425382,24817,115205,116660,408528],"pointsPerHour":0,"points":845,"blocktime":11,"taken":10,"name":"issapling","totalPoints":1687,"rank":4,"id":422805,"place":4685,"uniqueZonesTaken":10,"region":{"name":"Örebro","id":131}}}]