[{"medal":84,"time":"2024-05-06T15:21:23+0000","type":"medal","user":{"country":"se","medals":[80,84],"zones":[32480,32294,32297,25292,6751],"pointsPerHour":0,"points":963,"blocktime":10,"taken":5,"name":"Ollibolli8002","totalPoints":963,"rank":3,"id":422886,"place":4628,"uniqueZonesTaken":5,"region":{"name":"Dalarna","id":129}}},{"medal":80,"time":"2024-05-06T15:21:23+0000","type":"medal","user":{"country":"se","medals":[80,84],"zones":[32480,32294,32297,25292,6751],"pointsPerHour":0,"points":963,"blocktime":10,"taken":5,"name":"Ollibolli8002","totalPoints":963,"rank":3,"id":422886,"place":4628,"uniqueZonesTaken":5,"region":{"name":"Dalarna","id":129}}}]