[{"medal":85,"time":"2024-05-06T13:02:00+0000","type":"medal","user":{"country":"se","medals":[80,85],"zones":[36453,43176,91977,893,117724],"pointsPerHour":0,"points":1112,"blocktime":10,"taken":10,"name":"Strongk_boy","totalPoints":1112,"rank":3,"id":422976,"place":4503,"uniqueZonesTaken":10,"region":{"name":"Stockholm","id":141}}},{"medal":84,"time":"2024-05-06T13:01:02+0000","type":"medal","user":{"country":"se","medals":[84],"zones":[94802,20739],"pointsPerHour":0,"points":659,"blocktime":10,"taken":5,"name":"Mikimouse","totalPoints":659,"rank":2,"id":422973,"place":4504,"uniqueZonesTaken":5,"region":{"name":"Stockholm","id":141}}},{"medal":84,"time":"2024-05-06T13:00:56+0000","type":"medal","user":{"country":"se","medals":[84],"zones":[126586,95677,22829],"pointsPerHour":0,"points":689,"blocktime":10,"taken":5,"name":"max911119","totalPoints":689,"rank":2,"id":423126,"place":4504,"uniqueZonesTaken":5,"region":{"name":"Stockholm","id":141}}},{"medal":100,"time":"2024-05-06T13:00:56+0000","type":"medal","user":{"country":"se","medals":[95,100],"zones":[],"pointsPerHour":0,"points":631,"blocktime":10,"taken":6,"name":"Dogge_XL","totalPoints":631,"rank":2,"id":423125,"place":4504,"uniqueZonesTaken":6,"region":{"name":"Stockholm","id":141}}},{"medal":84,"time":"2024-05-06T12:59:28+0000","type":"medal","user":{"country":"se","medals":[93,84],"zones":[28161,1228],"pointsPerHour":0,"points":566,"blocktime":10,"taken":5,"name":"davidgc","totalPoints":566,"rank":2,"id":423071,"place":4502,"uniqueZonesTaken":5,"region":{"name":"Stockholm","id":141}}},{"medal":84,"time":"2024-05-06T12:58:06+0000","type":"medal","user":{"country":"se","medals":[93,84],"zones":[174274,94801,97890,44565],"pointsPerHour":0,"points":656,"blocktime":10,"taken":5,"name":"mabebe","totalPoints":656,"rank":2,"id":423133,"place":4502,"uniqueZonesTaken":5,"region":{"name":"Stockholm","id":141}}}]