[{"medal":26,"time":"2024-06-17T15:32:02+0000","type":"medal","user":{"country":"se","medals":[16,70,47,77,4,79,72,94,91,22,59,5,126,123,73,68,106,120,154,26],"zones":[32001,80562,46438,204132,142472,185352,142473,444653,151646,605429,601302],"pointsPerHour":0,"points":22998,"blocktime":1410,"taken":33534,"name":"Dale","totalPoints":8544673,"rank":54,"id":74655,"place":6764,"uniqueZonesTaken":7974,"region":{"name":"Västra Götaland","id":132}}},{"medal":86,"time":"2024-06-17T15:25:29+0000","type":"medal","user":{"country":"se","medals":[79,90,92,52,86],"zones":[18048,61475,139446,139447],"pointsPerHour":0,"points":545,"blocktime":705,"taken":50,"name":"mistergranat","totalPoints":7910,"rank":7,"id":415386,"place":6763,"uniqueZonesTaken":27,"region":{"name":"Halland","id":134}}}]