[{"medal":36,"time":"2024-04-09T09:19:52+0000","type":"medal","user":{"country":"se","medals":[24,127,12,95,7,28,46,53,105,152,36],"zones":[29169,97298,14869,14870,711,15959,15960,7756,41726,139261,42175],"pointsPerHour":0,"points":3647,"blocktime":18,"taken":5000,"name":"Marwingay","totalPoints":680125,"rank":35,"id":351440,"place":4746,"uniqueZonesTaken":209,"region":{"name":"Västmanland","id":143}}},{"medal":94,"time":"2024-04-09T09:18:45+0000","type":"medal","user":{"country":"se","medals":[94],"zones":[],"pointsPerHour":0,"points":155,"blocktime":10,"taken":1,"name":"LovisaAina","totalPoints":155,"rank":0,"id":419638,"place":4745,"uniqueZonesTaken":1,"region":{"name":"Jönköping","id":133}}},{"medal":94,"time":"2024-04-09T09:18:45+0000","type":"medal","user":{"country":"se","medals":[94],"zones":[],"pointsPerHour":0,"points":310,"blocktime":10,"taken":2,"name":"Hilmaebba123","totalPoints":310,"rank":1,"id":419641,"place":4745,"uniqueZonesTaken":1,"region":{"name":"Jönköping","id":133}}},{"medal":151,"time":"2024-04-09T09:16:00+0000","type":"medal","user":{"country":"se","medals":[27,16,67,47,13,57,28,5,22,7,70,68,78,77,68,126,94,128,100,88,151],"zones":[63873,63874,44547,44549,44550,11528,3593,9546,12365,481865,656402,24346,24347,601449,62305,601450,17256,14898,21234,43000,221311,30909,30910,63871],"pointsPerHour":0,"points":10005,"blocktime":24,"taken":44704,"name":"babsan","totalPoints":12442221,"rank":56,"id":26982,"place":4744,"uniqueZonesTaken":411,"region":{"name":"Gävleborg","id":144}}},{"medal":84,"time":"2024-04-09T09:15:02+0000","type":"medal","user":{"country":"se","medals":[84],"zones":[16882,16884,76758,136328],"pointsPerHour":0,"points":806,"blocktime":10,"taken":5,"name":"Oskarocompany","totalPoints":806,"rank":3,"id":419640,"place":4743,"uniqueZonesTaken":5,"region":{"name":"Jönköping","id":133}}}]