[{"medal":93,"time":"2024-04-08T10:58:38+0000","type":"medal","user":{"country":"se","medals":[93],"zones":[],"pointsPerHour":0,"points":170,"blocktime":10,"taken":1,"name":"Elina0","totalPoints":170,"rank":0,"id":419546,"place":4163,"uniqueZonesTaken":1,"region":{"name":"Västra Götaland","id":132}}},{"sender":{"country":"uk","medals":[16,72,127,79,94,15,38,123,156,102,22,48,81],"zones":[374535,381441,392451,321807,392727,321814,374550,515729,515728,321811,321820,321821,392735,15387,392729,15388,392728,392731,392730,96798,15392,321571,374562,321582,321583,361386,321589,485940,321584,321586,361404,476733,361401,361403,361402,476742,389447,496581,48453,16070,476751,328268,476750,476749,374600,389448,381013,381012,381014,374232,476761,655333,655335,376823,376822,382206],"pointsPerHour":93,"points":14622,"blocktime":22,"taken":14136,"name":"MuttsCycles","totalPoints":4433412,"rank":48,"id":353862,"place":216,"uniqueZonesTaken":1914,"region":{"name":"Scotland","id":200}},"time":"2024-04-08T10:58:32+0000","message":"ELO_PY:  👍🏻","region":{"name":"Scotland","id":200},"type":"chat"},{"sender":{"country":"uk","medals":[122,47,79,127,72,16,95,59,15,7,22,38,102,77,155],"zones":[354497,354496,409152,354499,321485,321481,487753,321547,487752,321483,321460,488659,321008,321489,362010,138141],"pointsPerHour":46,"points":3670,"blocktime":21,"taken":13473,"name":"ELO_PY","totalPoints":3487895,"rank":46,"id":312302,"place":1178,"uniqueZonesTaken":1961,"region":{"name":"Scotland","id":200}},"time":"2024-04-08T10:58:08+0000","message":"MuttsCycles: I may be following you along that route later today","region":{"name":"Scotland","id":200},"type":"chat"},{"sender":{"country":"se","medals":[95],"zones":[],"pointsPerHour":0,"points":331,"blocktime":10,"taken":3,"name":"josephkuk","totalPoints":331,"rank":1,"id":419544,"place":3201,"uniqueZonesTaken":2,"region":{"name":"Västra Götaland","id":132}},"time":"2024-04-08T10:56:09+0000","message":"lök bombar","region":{"name":"Västra Götaland","id":132},"type":"chat"},{"medal":84,"time":"2024-04-08T10:55:39+0000","type":"medal","user":{"country":"se","medals":[93,84],"zones":[7045,10889],"pointsPerHour":0,"points":641,"blocktime":10,"taken":5,"name":"Liseee","totalPoints":641,"rank":2,"id":419541,"place":4159,"uniqueZonesTaken":5,"region":{"name":"Västra Götaland","id":132}}},{"sender":{"country":"se","medals":[95],"zones":[],"pointsPerHour":0,"points":331,"blocktime":10,"taken":3,"name":"josephkuk","totalPoints":331,"rank":1,"id":419544,"place":3200,"uniqueZonesTaken":2,"region":{"name":"Västra Götaland","id":132}},"time":"2024-04-08T10:55:28+0000","message":"vill nån bli kk","region":{"name":"Västra Götaland","id":132},"type":"chat"},{"medal":92,"time":"2024-04-08T10:53:59+0000","type":"medal","user":{"country":"uk","medals":[80,85,92],"zones":[169155,318887,169158,478001,12553,14554,14636,389418],"pointsPerHour":0,"points":2788,"blocktime":11,"taken":18,"name":"bookish.jogger","totalPoints":3784,"rank":6,"id":419450,"place":4158,"uniqueZonesTaken":15,"region":{"name":"Scotland","id":200}}},{"medal":100,"time":"2024-04-08T10:52:12+0000","type":"medal","user":{"country":"se","medals":[94,79,32,10,11,152,54,46,100],"zones":[569757,518306,7206,361,113915,11453],"pointsPerHour":0,"points":9552,"blocktime":13,"taken":220,"name":"Hissfararen","totalPoints":37647,"rank":14,"id":418799,"place":4155,"uniqueZonesTaken":63,"region":{"name":"Halland","id":134}}}]