[{"medal":86,"time":"2024-04-08T16:29:50+0000","type":"medal","user":{"country":"se","medals":[51,92,86],"zones":[26880,26881,296118,92098,50164,155012,538145,538146,222175,17855],"pointsPerHour":0,"points":4337,"blocktime":12,"taken":50,"name":"Black&White","totalPoints":10954,"rank":8,"id":419270,"place":4507,"uniqueZonesTaken":25,"region":{"name":"Kronoberg","id":147}}},{"medal":51,"time":"2024-04-08T16:28:06+0000","type":"medal","user":{"country":"se","medals":[6,92,51,31],"zones":[525448,1888,60196,154565,136330,485726,116011,476764,116013,116012],"pointsPerHour":0,"points":2295,"blocktime":11,"taken":25,"name":"Kortslutning","totalPoints":5726,"rank":7,"id":417684,"place":4506,"uniqueZonesTaken":18,"region":{"name":"Västra Götaland","id":132}}},{"medal":31,"time":"2024-04-08T16:28:06+0000","type":"medal","user":{"country":"se","medals":[6,92,51,31],"zones":[525448,1888,60196,154565,136330,485726,116011,476764,116013,116012],"pointsPerHour":0,"points":2295,"blocktime":11,"taken":25,"name":"Kortslutning","totalPoints":5726,"rank":7,"id":417684,"place":4506,"uniqueZonesTaken":18,"region":{"name":"Västra Götaland","id":132}}},{"sender":{"country":"se","medals":[10,7,16,77,70,79,27,22,55,95,4,122,24,126,5,67,47,89,132,50,155,108],"zones":[46800,111825,288,176,91712,21591,175],"pointsPerHour":44,"points":3721,"blocktime":24,"taken":59714,"name":"derdlim","totalPoints":12632381,"rank":56,"id":117540,"place":1434,"uniqueZonesTaken":2630,"region":{"name":"Stockholm","id":141}},"time":"2024-04-08T16:27:40+0000","message":"Ghostturfen: men den var ju snygg👍🙋\u200d♀️","region":{"name":"Stockholm","id":141},"type":"chat"},{"sender":{"country":"se","medals":[10,7,16,77,70,79,27,22,55,95,4,122,24,126,5,67,47,89,132,50,155,108],"zones":[46800,111825,288,176,91712,21591,175],"pointsPerHour":44,"points":3719,"blocktime":24,"taken":59714,"name":"derdlim","totalPoints":12632380,"rank":56,"id":117540,"place":1433,"uniqueZonesTaken":2630,"region":{"name":"Stockholm","id":141}},"time":"2024-04-08T16:25:38+0000","message":"ursäkta ingen koll alls","region":{"name":"Stockholm","id":141},"type":"chat"},{"sender":{"country":"se","medals":[4,16,27,24,67,17,21,70,45,30,24,43,72,75,1,69,68,79,24,77,83,91,82,17,116,2,68,117,17,26,25,126,124,127,73,20,105,65,125,155,68,68,120],"zones":[6752,94112,113440,6753,145024,524133,654488,57170,154039,57173,228250,154621],"pointsPerHour":47,"points":2477,"blocktime":23,"taken":33933,"name":"OdKing","totalPoints":9180287,"rank":54,"id":40854,"place":1852,"uniqueZonesTaken":7600,"region":{"name":"Dalarna","id":129}},"time":"2024-04-08T16:20:32+0000","message":"peterspirea: Japp! 🙂","region":{"name":"Dalarna","id":129},"type":"chat"}]