[{"sender":{"country":"uk","medals":[16,6,94,28,35,122,47,59,103,15,79,151],"zones":[381205,381206],"pointsPerHour":2,"points":470,"blocktime":20,"taken":4667,"name":"PancakeMike","totalPoints":1346825,"rank":40,"id":298692,"place":2884,"uniqueZonesTaken":1099,"region":{"name":"Scotland","id":200}},"time":"2024-04-08T09:39:29+0000","message":"ELO_PY: Haddington! enjoy Airdrie. couldn't see you'll on the way past.","region":{"name":"Scotland","id":200},"type":"chat"},{"medal":92,"time":"2024-04-08T09:36:21+0000","type":"medal","user":{"country":"se","medals":[94,100,85,90,80,92],"zones":[3550],"pointsPerHour":0,"points":125,"blocktime":11,"taken":20,"name":"Nils7D","totalPoints":2485,"rank":5,"id":402061,"place":4019,"uniqueZonesTaken":15,"region":{"name":"Värmland","id":130}}},{"sender":{"country":"uk","medals":[122,47,79,127,72,16,95,59,15,7,22,38,102,77,155],"zones":[354500,354503,354497,354496,409152,354499,321485,321487,354505,321481,487753,321547,487752,321483,321460,488659,321457,321489,362010],"pointsPerHour":52,"points":3308,"blocktime":21,"taken":13471,"name":"ELO_PY","totalPoints":3487533,"rank":46,"id":312302,"place":1187,"uniqueZonesTaken":1961,"region":{"name":"Scotland","id":200}},"time":"2024-04-08T09:35:29+0000","message":"PancakeMike: Collecting yellows? I'm going to Airdrie for uniques","region":{"name":"Scotland","id":200},"type":"chat"}]