[{"medal":92,"time":"2024-03-27T14:23:38+0000","type":"medal","user":{"country":"se","medals":[51,90,31,92],"zones":[46400,136384,92114,203588,26345,559857,555140,96317,125423,25086,65182],"pointsPerHour":0,"points":4446,"blocktime":11,"taken":26,"name":"campusområdet","totalPoints":4446,"rank":6,"id":418736,"place":6669,"uniqueZonesTaken":15,"region":{"name":"Västra Götaland","id":132}}},{"medal":127,"time":"2024-03-27T14:23:15+0000","type":"medal","user":{"country":"fi","medals":[92,51,10,151,32,127],"zones":[154756,353132],"pointsPerHour":0,"points":17689,"blocktime":12,"taken":148,"name":"The11","totalPoints":17689,"rank":11,"id":418182,"place":6669,"uniqueZonesTaken":26,"region":{"name":"Åland","id":177}}},{"sender":{"country":"se","medals":[16,55,17,47,22,79,77,72,15,117,17,115,123,126,89,131,91,103,153],"zones":[559016,2913,37125,64104,94833,21521,92848,518965,211,63987,1269,94233,18714,92698,64091,8221,8222,1055],"pointsPerHour":121,"points":72039,"blocktime":23,"taken":63570,"name":"Rubacava","totalPoints":8060058,"rank":54,"id":56448,"place":830,"uniqueZonesTaken":1465,"region":{"name":"Stockholm","id":141}},"time":"2024-03-27T14:22:47+0000","message":"Rubacava: OK sånt händer","region":{"name":"Stockholm","id":141},"type":"chat"},{"sender":{"country":"se","medals":[24,16,17,17,24,24,24,24,27,79,24,28,17,116,47,15,4,77,117,24,126,22,24,57,111,122,131,66,30,118,154],"zones":[152354,325,24069,44713,242,109079,8377,92699,167742,278617,278618,9598],"pointsPerHour":57,"points":42724,"blocktime":24,"taken":86227,"name":"alligatorn","totalPoints":14859287,"rank":57,"id":26497,"place":1428,"uniqueZonesTaken":1535,"region":{"name":"Stockholm","id":141}},"time":"2024-03-27T14:22:14+0000","message":"Rubacava: din gubbe hoppade hit och dit så jag antog att du var på en buss eller så URSÄKTA","region":{"name":"Stockholm","id":141},"type":"chat"},{"medal":31,"time":"2024-03-27T14:21:25+0000","type":"medal","user":{"country":"se","medals":[51,90,31],"zones":[46400,136384,92114,203588,559857,555140,96317,125423,25086,65182],"pointsPerHour":0,"points":4305,"blocktime":11,"taken":25,"name":"campusområdet","totalPoints":4305,"rank":6,"id":418736,"place":6669,"uniqueZonesTaken":14,"region":{"name":"Västra Götaland","id":132}}},{"sender":{"country":"se","medals":[16,55,17,47,22,79,77,72,15,117,17,115,123,126,89,131,91,103,153],"zones":[559016,2913,37125,64104,94833,21521,92848,518965,211,63987,1269,94233,18714,92698,64091,8221,8222,1055],"pointsPerHour":121,"points":72034,"blocktime":23,"taken":63570,"name":"Rubacava","totalPoints":8060054,"rank":54,"id":56448,"place":830,"uniqueZonesTaken":1465,"region":{"name":"Stockholm","id":141}},"time":"2024-03-27T14:20:51+0000","message":"alligatorn: onödig block. Var bara 20 meter ifrån","region":{"name":"Stockholm","id":141},"type":"chat"},{"medal":37,"time":"2024-03-27T14:19:17+0000","type":"medal","user":{"country":"se","medals":[16,93,127,79,7,14,28,56,47,155,37],"zones":[64902,44360,44940,44175,7823,322763,64847,154833,119703,34968,381919,114524,606057,605409,230953,92204,228018,19059,7796,16056,462719,306493,528370,44669,44222,30974],"pointsPerHour":0,"points":86827,"blocktime":20,"taken":7500,"name":"Honda250","totalPoints":1694927,"rank":41,"id":355780,"place":6669,"uniqueZonesTaken":950,"region":{"name":"Värmland","id":130}}}]