[{"medal":93,"time":"2024-03-27T05:03:08+0000","type":"medal","user":{"country":"se","medals":[85,51,93],"zones":[523939,569757,523938,223797,115111,95673,27048,318991,481897,30751],"pointsPerHour":0,"points":2190,"blocktime":11,"taken":16,"name":"marlin77","totalPoints":2190,"rank":5,"id":411926,"place":6618,"uniqueZonesTaken":14,"region":{"name":"Halland","id":134}}},{"medal":85,"time":"2024-03-27T04:51:29+0000","type":"medal","user":{"country":"se","medals":[80,85],"zones":[114500,7646],"pointsPerHour":0,"points":1373,"blocktime":11,"taken":10,"name":"carl.axelsson","totalPoints":1780,"rank":4,"id":342701,"place":6618,"uniqueZonesTaken":10,"region":{"name":"Jönköping","id":133}}}]