[{"medal":84,"time":"2024-06-25T10:38:07+0000","type":"medal","user":{"country":"se","medals":[94,84],"zones":[190241,62420,16565,57095],"pointsPerHour":0,"points":1023,"blocktime":10,"taken":5,"name":"NN17","totalPoints":1023,"rank":3,"id":428470,"place":7382,"uniqueZonesTaken":5,"region":{"name":"Kronoberg","id":147}}},{"medal":153,"time":"2024-06-25T10:32:23+0000","type":"medal","user":{"country":"se","medals":[28,46,53,7,78,95,127,38,14,70,106,153],"zones":[196976,62057,8601,44730,8603],"pointsPerHour":0,"points":50038,"blocktime":20,"taken":13179,"name":"vinterälskaren","totalPoints":2146921,"rank":43,"id":129107,"place":7382,"uniqueZonesTaken":525,"region":{"name":"Värmland","id":130}}}]