[{"medal":92,"time":"2024-06-25T05:20:14+0000","type":"medal","user":{"country":"se","medals":[53,86,92],"zones":[176249],"pointsPerHour":0,"points":155,"blocktime":12,"taken":78,"name":"MJF","totalPoints":15341,"rank":10,"id":86648,"place":7368,"uniqueZonesTaken":45,"region":{"name":"Södermanland","id":140}}},{"medal":86,"time":"2024-06-25T05:20:14+0000","type":"medal","user":{"country":"se","medals":[53,86,92],"zones":[176249],"pointsPerHour":0,"points":155,"blocktime":12,"taken":78,"name":"MJF","totalPoints":15341,"rank":10,"id":86648,"place":7368,"uniqueZonesTaken":45,"region":{"name":"Södermanland","id":140}}},{"medal":52,"time":"2024-06-25T05:19:05+0000","type":"medal","user":{"country":"se","medals":[85,92,52],"zones":[173440,75075,25924,80389,18053,138884,154885,565440,565441,200175,62350,481079,154674,5330,3414,3415,3418,3419,154655,115740],"pointsPerHour":0,"points":4519,"blocktime":11,"taken":24,"name":"Västerut","totalPoints":4519,"rank":6,"id":428560,"place":7368,"uniqueZonesTaken":23,"region":{"name":"Halland","id":134}}},{"medal":42,"time":"2024-06-25T04:30:29+0000","type":"medal","user":{"country":"se","medals":[93,46,102,12,90,152,52,42],"zones":[12531,500,43733,62345,46891],"pointsPerHour":0,"points":32625,"blocktime":13,"taken":250,"name":"SuperLady","totalPoints":32625,"rank":13,"id":428144,"place":7368,"uniqueZonesTaken":121,"region":{"name":"Uppsala","id":142}}}]