[{"medal":86,"time":"2024-06-24T06:04:15+0000","type":"medal","user":{"country":"se","medals":[92,52,93,86],"zones":[323912,19631],"pointsPerHour":0,"points":9782,"blocktime":12,"taken":50,"name":"Kronborg","totalPoints":9782,"rank":8,"id":428262,"place":7293,"uniqueZonesTaken":32,"region":{"name":"Skåne","id":135}}},{"medal":151,"time":"2024-06-24T06:04:09+0000","type":"medal","user":{"country":"se","medals":[52,93,90,12,33,100,151],"zones":[12084],"pointsPerHour":0,"points":10322,"blocktime":15,"taken":797,"name":"Bexxii","totalPoints":139395,"rank":22,"id":378636,"place":7293,"uniqueZonesTaken":165,"region":{"name":"Stockholm","id":141}}},{"sender":{"country":"se","medals":[95,55,28,46,79,66,13,103,127,77,35,155,16],"zones":[11844,11846,570690,21098,389198,36748,28606,408137,28607],"pointsPerHour":43,"points":41965,"blocktime":19,"taken":4001,"name":"XFalken","totalPoints":785410,"rank":36,"id":160041,"place":1453,"uniqueZonesTaken":384,"region":{"name":"Södermanland","id":140}},"time":"2024-06-24T06:03:41+0000","message":"Ingen fara. Tack iaf. Jobbar intill och kan ta den när det passar. Fortsatt god tur, Grönis. 😁","region":{"name":"Södermanland","id":140},"type":"chat"},{"sender":{"country":"se","medals":[79,4,77,67,72,70,16,27,75,83,21,95,68,117,68,68,68,68,68,59,7,68,68,68,126,50,124,118,105,155,132],"zones":[68228,14406,88969,408141,42764,408138,36749,115729,488785,16534,490399,664,17368,184091,665,42970,285016,22748,54877,22749,54878,22751,37088,127587,21093,12006,92136,9323,95660,33775,9328,11952,12019,12023,1527,1528,1529,1531,1532,95804,155647],"pointsPerHour":190,"points":220063,"blocktime":24,"taken":92594,"name":"Grönjäveln","totalPoints":18350392,"rank":58,"id":117520,"place":119,"uniqueZonesTaken":3754,"region":{"name":"Södermanland","id":140}},"time":"2024-06-24T05:59:54+0000","message":"XFalken: Åh, hade lämnat den om jag hade sett att du svarade...","region":{"name":"Södermanland","id":140},"type":"chat"},{"sender":{"country":"se","medals":[95,55,28,46,79,66,13,103,127,77,35,155,16],"zones":[11844,11846,570690,21098,389198,36748,28606,408137,28607],"pointsPerHour":43,"points":41961,"blocktime":19,"taken":4001,"name":"XFalken","totalPoints":785406,"rank":36,"id":160041,"place":1453,"uniqueZonesTaken":384,"region":{"name":"Södermanland","id":140}},"time":"2024-06-24T05:58:14+0000","message":"Nja. Inte mer än att ta mig till jobbet 😉 Stora torgetz möjligen. 👍","region":{"name":"Södermanland","id":140},"type":"chat"}]