[{"sender":{"country":"se","medals":[67,16,28,47,5,59,79,127,14,123,34,156,94],"zones":[601353,47872,601352,601357,21640,29706,47882,168335,177420,601351,47886,28823,617235,175262,47900,180638,11805,175260,47903,47905,133664,155941,184235,23724,227248,165694,515642,165692,44736,44737,168394,481228,27980,24784,603101,139860,96475,21344,11490,64491,64492,50156,50157,37230,64494,64495,47856,1392,28020,172923,15100,47869,172924],"pointsPerHour":127,"points":20687,"blocktime":1065,"taken":1626,"name":"uppuppuppner","totalPoints":378218,"rank":31,"id":416646,"place":69,"uniqueZonesTaken":688,"region":{"name":"Västra Götaland","id":132}},"time":"2024-02-05T11:22:04+0000","message":"Coda1: det är lugnt. Jag är inte känslig för om någon tar zoner före mig. Kul att folk tar zoner.","region":{"name":"Västra Götaland","id":132},"type":"chat"},{"sender":{"country":"se","medals":[79,94,16,28,47,122,57,14,126,6,105,127,88,154],"zones":[19205,19206,694,608206],"pointsPerHour":27,"points":1973,"blocktime":1380,"taken":42317,"name":"Torekov","totalPoints":6694919,"rank":52,"id":240677,"place":1553,"uniqueZonesTaken":779,"region":{"name":"Värmland","id":130}},"time":"2024-02-05T11:21:30+0000","message":"ZoneMaan: på plats höll mobilen i handen. Det är ju bra att veta i fortsättningen att jag ska blockera i fortsättningen än att vänta in.","region":{"name":"Värmland","id":130},"type":"chat"},{"sender":{"country":"se","medals":[79,94,16,28,47,122,57,14,126,6,105,127,88,154],"zones":[19205,19206,694,608206],"pointsPerHour":27,"points":1972,"blocktime":1380,"taken":42317,"name":"Torekov","totalPoints":6694918,"rank":52,"id":240677,"place":1551,"uniqueZonesTaken":779,"region":{"name":"Värmland","id":130}},"time":"2024-02-05T11:19:45+0000","message":"ZoneMaan: Tack för att du tog zonen Hagatorget mitt framför näsan på mig. Det var ju medvetet med tanke på att du kom ifrån stora torget och","region":{"name":"Värmland","id":130},"type":"chat"},{"medal":86,"time":"2024-02-05T11:18:17+0000","type":"medal","user":{"country":"se","medals":[67,100,94,92,51,86],"zones":[20705,25174],"pointsPerHour":0,"points":1720,"blocktime":705,"taken":50,"name":"Dr_XYZ","totalPoints":7000,"rank":7,"id":417336,"place":3882,"uniqueZonesTaken":31,"region":{"name":"Stockholm","id":141}}},{"sender":{"country":"se","medals":[79,94,10,131,55,16,46,14,7,38,155,105],"zones":[47873,43074,47876,601356,47879,47884,47887,139858,47889,139859,75888,9490,28819,28820,28821,175259,563444,165695,175261,165693,172925],"pointsPerHour":46,"points":12380,"blocktime":1275,"taken":12016,"name":"Coda1","totalPoints":2913040,"rank":45,"id":348521,"place":219,"uniqueZonesTaken":633,"region":{"name":"Västra Götaland","id":132}},"time":"2024-02-05T11:16:20+0000","message":"uppuppuppner: ledsen, kunde inte vänta, satt på bussen","region":{"name":"Västra Götaland","id":132},"type":"chat"}]