[{"medal":32,"time":"2024-02-06T14:51:00+0000","type":"medal","user":{"country":"de","medals":[97,28,53,11,32],"zones":[518276,518275,382191,603590],"pointsPerHour":0,"points":545,"blocktime":765,"taken":100,"name":"Goldfische","totalPoints":19407,"rank":11,"id":397394,"place":4409,"uniqueZonesTaken":60,"region":{"name":"Brandenburg","id":441}}},{"medal":35,"time":"2024-02-06T14:46:31+0000","type":"medal","user":{"country":"se","medals":[66,94,77,14,90,70,57,5,47,122,78,16,101,35],"zones":[25024,882],"pointsPerHour":0,"points":1601,"blocktime":1110,"taken":2500,"name":"Maven","totalPoints":567053,"rank":34,"id":57316,"place":4406,"uniqueZonesTaken":898,"region":{"name":"Skåne","id":135}}}]