[{"medal":103,"time":"2024-02-06T10:53:55+0000","type":"medal","user":{"country":"jp","medals":[127,95,12,55,5,33,103],"zones":[],"pointsPerHour":0,"points":235,"blocktime":1050,"taken":681,"name":"旨太郎","totalPoints":312652,"rank":30,"id":362711,"place":4324,"uniqueZonesTaken":148,"region":{"name":"Kyūshū Okinawa","id":397}}},{"medal":101,"time":"2024-02-06T10:42:00+0000","type":"medal","user":{"country":"jp","medals":[80,93,92,151,86,101],"zones":[],"pointsPerHour":0,"points":1410,"blocktime":765,"taken":58,"name":"わかランナー","totalPoints":20807,"rank":11,"id":416319,"place":4315,"uniqueZonesTaken":31,"region":{"name":"Kansai","id":390}}}]