[{"sender":{"country":"se","medals":[16,79,77,72,27,95,68,4,66,68,67,126,124,68,68,68,68,68,22,68,68,68,68,68,68,68,68,102,60,68,75,132,68,68,68,68,68,68,68,119,5,68,68,74,157,68,68,68,68],"zones":[37490,11948,10893],"pointsPerHour":4,"points":748,"blocktime":1485,"taken":116321,"name":"PEKOMON","totalPoints":27147464,"rank":59,"id":184856,"place":2160,"uniqueZonesTaken":5461,"region":{"name":"Södermanland","id":140}},"time":"2024-02-05T07:14:52+0000","message":"Curf: nu är du sen till jobbet...","region":{"name":"Södermanland","id":140},"type":"chat"},{"medal":118,"time":"2024-02-05T07:11:55+0000","type":"medal","user":{"country":"se","medals":[5,16,4,21,26,43,8,48,66,67,68,28,70,27,57,68,68,77,95,14,79,126,103,132,153,118],"zones":[8323,135841,2884,564876,8325,12358,21516,23599,5426,2034,7732,46424],"pointsPerHour":0,"points":2223,"blocktime":1470,"taken":75000,"name":"Chrille80","totalPoints":15434452,"rank":58,"id":6487,"place":3645,"uniqueZonesTaken":621,"region":{"name":"Gävleborg","id":144}}}]