[{"medal":80,"time":"2024-02-05T09:49:16+0000","type":"medal","user":{"country":"fi","medals":[80,84],"zones":[139474,85571,12275,7187,38335],"pointsPerHour":0,"points":524,"blocktime":630,"taken":5,"name":"Smu1tr0n","totalPoints":524,"rank":2,"id":417370,"place":3789,"uniqueZonesTaken":5,"region":{"name":"Åland","id":177}}},{"medal":84,"time":"2024-02-05T09:49:16+0000","type":"medal","user":{"country":"fi","medals":[80,84],"zones":[139474,85571,12275,7187,38335],"pointsPerHour":0,"points":524,"blocktime":630,"taken":5,"name":"Smu1tr0n","totalPoints":524,"rank":2,"id":417370,"place":3789,"uniqueZonesTaken":5,"region":{"name":"Åland","id":177}}},{"medal":90,"time":"2024-02-05T09:42:50+0000","type":"medal","user":{"country":"se","medals":[52,93,12,42,127,152,90],"zones":[154786,147235,653515,179808,21380,33252,22085,115593,25896,381421,66890,90538,651397,24238,98064,34644,24214,24215,61145,578994],"pointsPerHour":0,"points":5258,"blocktime":870,"taken":460,"name":"morticia64","totalPoints":79308,"rank":18,"id":400172,"place":3786,"uniqueZonesTaken":166,"region":{"name":"Kalmar","id":137}}}]