[{"medal":84,"time":"2024-05-07T16:13:09+0000","type":"medal","user":{"country":"se","medals":[93,84],"zones":[204691],"pointsPerHour":0,"points":703,"blocktime":645,"taken":7,"name":"Whine","totalPoints":703,"rank":3,"id":423154,"place":5269,"uniqueZonesTaken":6,"region":{"name":"Västerbotten","id":127}}},{"sender":{"country":"se","medals":[47,16,28,79,77,57,14,70,95,6,111,88,155],"zones":[34907],"pointsPerHour":2,"points":1718,"blocktime":1365,"taken":41860,"name":"adde45","totalPoints":5766431,"rank":51,"id":128558,"place":2711,"uniqueZonesTaken":829,"region":{"name":"Värmland","id":130}},"time":"2024-05-07T16:11:38+0000","message":"Jomii: okända öar","region":{"name":"Värmland","id":130},"type":"chat"},{"sender":{"country":"se","medals":[47,16,28,79,77,57,14,70,95,6,111,88,155],"zones":[34907],"pointsPerHour":2,"points":1718,"blocktime":1365,"taken":41860,"name":"adde45","totalPoints":5766431,"rank":51,"id":128558,"place":2710,"uniqueZonesTaken":829,"region":{"name":"Värmland","id":130}},"time":"2024-05-07T16:10:27+0000","message":"Jomii: kriga inte på okända där ingen tar zoner heja","region":{"name":"Värmland","id":130},"type":"chat"},{"sender":{"country":"se","medals":[77,79,47,28,4,16,27,70,66,58,122,102,126,36,97,15,67,151],"zones":[32481,12182,12183,306540,12184,397599,763,65229],"pointsPerHour":27,"points":1298,"blocktime":1230,"taken":6075,"name":"mazn","totalPoints":2013937,"rank":42,"id":193126,"place":2979,"uniqueZonesTaken":1198,"region":{"name":"Dalarna","id":129}},"time":"2024-05-07T16:09:37+0000","message":"blabr ska vi ta en idag?","region":{"name":"Dalarna","id":129},"type":"chat"},{"sender":{"country":"se","medals":[22,67,4,24,70,16,27,83,72,79,99,66,24,126,124,24,119,108,75,50,132,59,77,156,24],"zones":[44995,18309,7755,92239,41749,18200,518495,15961,14874,228120,427354,319449,43807,41760,43808,26850,47652,47653,89895,41766,181227,24170,152876,29168,8312,319416,41726,135932,604022,41727],"pointsPerHour":158,"points":27910,"blocktime":1470,"taken":134530,"name":"FlitigaTobbe","totalPoints":22912963,"rank":58,"id":48872,"place":178,"uniqueZonesTaken":3186,"region":{"name":"Västmanland","id":143}},"time":"2024-05-07T16:07:55+0000","message":"tre vildsvin häruppe...🫨","region":{"name":"Västmanland","id":143},"type":"chat"}]