[{"medal":90,"time":"2024-05-07T09:41:16+0000","type":"medal","user":{"country":"se","medals":[93,80,85,90],"zones":[22320,929,593,138512,4984,906,69535,22319],"pointsPerHour":0,"points":1129,"blocktime":645,"taken":12,"name":"Tituseklange","totalPoints":1129,"rank":3,"id":423256,"place":4992,"uniqueZonesTaken":12,"region":{"name":"Östergötland","id":139}}},{"medal":80,"time":"2024-05-07T09:39:58+0000","type":"medal","user":{"country":"se","medals":[93,84,80],"zones":[107747,22775,429693,80781,8158],"pointsPerHour":0,"points":605,"blocktime":630,"taken":6,"name":"fridalindberg","totalPoints":605,"rank":2,"id":423174,"place":4991,"uniqueZonesTaken":6,"region":{"name":"Östergötland","id":139}}}]