[{"medal":85,"time":"2024-05-07T13:49:00+0000","type":"medal","user":{"country":"se","medals":[80,85],"zones":[2289,21139,507571,926,26526],"pointsPerHour":0,"points":1335,"blocktime":660,"taken":10,"name":"Ceasar2007","totalPoints":1335,"rank":4,"id":423468,"place":5203,"uniqueZonesTaken":10,"region":{"name":"Östergötland","id":139}}},{"medal":80,"time":"2024-05-07T13:46:30+0000","type":"medal","user":{"country":"se","medals":[84,80],"zones":[22321,929,22322,429693,22319],"pointsPerHour":0,"points":637,"blocktime":630,"taken":6,"name":"Nohadra","totalPoints":637,"rank":2,"id":423471,"place":5203,"uniqueZonesTaken":6,"region":{"name":"Östergötland","id":139}}},{"medal":85,"time":"2024-05-07T13:45:13+0000","type":"medal","user":{"country":"se","medals":[80,85],"zones":[21137,21140,22775,563904,1339,69535,586471],"pointsPerHour":0,"points":1145,"blocktime":645,"taken":10,"name":"Ebba_S","totalPoints":1145,"rank":3,"id":423463,"place":5203,"uniqueZonesTaken":10,"region":{"name":"Östergötland","id":139}}},{"medal":31,"time":"2024-05-07T13:43:54+0000","type":"medal","user":{"country":"se","medals":[51,90,31,92],"zones":[29382,96134,29388,95757,29389,29390,29391,22162,22163,203760,22164,224406,7450,7451,7454],"pointsPerHour":0,"points":3028,"blocktime":675,"taken":25,"name":"AllenSon","totalPoints":3028,"rank":5,"id":422904,"place":5202,"uniqueZonesTaken":15,"region":{"name":"Östergötland","id":139}}},{"medal":92,"time":"2024-05-07T13:43:54+0000","type":"medal","user":{"country":"se","medals":[51,90,31,92],"zones":[29382,96134,29388,95757,29389,29390,29391,22162,22163,203760,22164,224406,7450,7451,7454],"pointsPerHour":0,"points":3028,"blocktime":675,"taken":25,"name":"AllenSon","totalPoints":3028,"rank":5,"id":422904,"place":5202,"uniqueZonesTaken":15,"region":{"name":"Östergötland","id":139}}}]