[{"medal":11,"time":"2024-05-06T12:55:45+0000","type":"medal","user":{"country":"se","medals":[52,5,46,42,28,11],"zones":[43713,62353,31842,62371,8335,8911],"pointsPerHour":0,"points":7845,"blocktime":810,"taken":277,"name":"bulle540","totalPoints":39931,"rank":14,"id":155657,"place":4501,"uniqueZonesTaken":50,"region":{"name":"Uppsala","id":142}}},{"sender":{"country":"uk","medals":[93,90,16,55,153,13,79,5,103,34],"zones":[652824,652826,652815,652817,652816,652819,652818,652821,652820,652823,652822],"pointsPerHour":11,"points":2861,"blocktime":1080,"taken":1098,"name":"Arnsturf#","totalPoints":461125,"rank":32,"id":384278,"place":1413,"uniqueZonesTaken":299,"region":{"name":"Scotland","id":200}},"time":"2024-05-06T12:55:23+0000","message":"LaRoo: Welcome to Turf, I See you Took CroySt zone 👋☺️","region":{"name":"Scotland","id":200},"type":"chat"},{"medal":84,"time":"2024-05-06T12:55:11+0000","type":"medal","user":{"country":"se","medals":[94,84],"zones":[20741,117725],"pointsPerHour":0,"points":611,"blocktime":630,"taken":5,"name":"gustav200788","totalPoints":611,"rank":2,"id":423127,"place":4501,"uniqueZonesTaken":4,"region":{"name":"Stockholm","id":141}}},{"sender":{"country":"se","medals":[1,16,2,27,2,22,17,48,4,44,67,17,68,60,68,70,17,24,24,79,72,24,17,112,77,66,126,102,119,83,124,74,132,156],"zones":[655882,109504,568331,56614,36006,36007,36008,36009,37546,37547,36011,37548,517449,7087,187414,9461,9462,25177,86074,430936,55774],"pointsPerHour":32,"points":7091,"blocktime":1470,"taken":111206,"name":"Bullmannen","totalPoints":23958455,"rank":58,"id":4168,"place":667,"uniqueZonesTaken":5201,"region":{"name":"Stockholm","id":141}},"time":"2024-05-06T12:54:00+0000","message":"Charmeuren: Nu kör du fel linje\u2026 😁","region":{"name":"Stockholm","id":141},"type":"chat"},{"medal":80,"time":"2024-05-06T12:53:49+0000","type":"medal","user":{"country":"se","medals":[80,84],"zones":[36452,36454,28156,894,196124],"pointsPerHour":0,"points":689,"blocktime":630,"taken":5,"name":"nichonärsynt","totalPoints":689,"rank":2,"id":423128,"place":4501,"uniqueZonesTaken":5,"region":{"name":"Stockholm","id":141}}},{"medal":84,"time":"2024-05-06T12:53:49+0000","type":"medal","user":{"country":"se","medals":[80,84],"zones":[36452,36454,28156,894,196124],"pointsPerHour":0,"points":689,"blocktime":630,"taken":5,"name":"nichonärsynt","totalPoints":689,"rank":2,"id":423128,"place":4501,"uniqueZonesTaken":5,"region":{"name":"Stockholm","id":141}}},{"medal":80,"time":"2024-05-06T12:52:43+0000","type":"medal","user":{"country":"se","medals":[84,80],"zones":[28160,36448,94420,117722,28159],"pointsPerHour":0,"points":903,"blocktime":645,"taken":6,"name":"Pavlova","totalPoints":903,"rank":3,"id":423132,"place":4500,"uniqueZonesTaken":6,"region":{"name":"Stockholm","id":141}}},{"medal":100,"time":"2024-05-06T12:52:20+0000","type":"medal","user":{"country":"se","medals":[95,100],"zones":[],"pointsPerHour":0,"points":550,"blocktime":630,"taken":5,"name":"liaafz","totalPoints":550,"rank":2,"id":423124,"place":4499,"uniqueZonesTaken":4,"region":{"name":"Stockholm","id":141}}},{"medal":84,"time":"2024-05-06T12:52:20+0000","type":"medal","user":{"country":"se","medals":[84],"zones":[1056,20740,43177],"pointsPerHour":0,"points":525,"blocktime":630,"taken":5,"name":"23Alex_G_","totalPoints":525,"rank":2,"id":422975,"place":4499,"uniqueZonesTaken":5,"region":{"name":"Stockholm","id":141}}},{"medal":84,"time":"2024-05-06T12:51:45+0000","type":"medal","user":{"country":"se","medals":[84],"zones":[595114,19011,208565,224716],"pointsPerHour":0,"points":735,"blocktime":645,"taken":5,"name":"Pavo","totalPoints":735,"rank":3,"id":423121,"place":4499,"uniqueZonesTaken":5,"region":{"name":"Skåne","id":135}}},{"sender":{"country":"uk","medals":[93,90,16,55,153,13,79,5,103,34],"zones":[652824,652826,652815,652817,652816,652819,652818,652821,652820,652823,652822],"pointsPerHour":11,"points":2860,"blocktime":1080,"taken":1098,"name":"Arnsturf#","totalPoints":461124,"rank":32,"id":384278,"place":1410,"uniqueZonesTaken":299,"region":{"name":"Scotland","id":200}},"time":"2024-05-06T12:50:59+0000","message":"would be good to have binoculars","region":{"name":"Scotland","id":200},"type":"chat"}]