[{"medal":93,"time":"2024-05-07T10:50:09+0000","type":"medal","user":{"country":"uk","medals":[51,85,93],"zones":[],"pointsPerHour":0,"points":235,"blocktime":690,"taken":13,"name":"allyj","totalPoints":4741,"rank":6,"id":418958,"place":5057,"uniqueZonesTaken":13,"region":{"name":"East of England","id":204}}},{"medal":84,"time":"2024-05-07T10:49:08+0000","type":"medal","user":{"country":"gb","medals":[94,100,84],"zones":[13009],"pointsPerHour":0,"points":1645,"blocktime":660,"taken":7,"name":"phe","totalPoints":1645,"rank":4,"id":423170,"place":5054,"uniqueZonesTaken":7,"region":{"name":"North West England","id":201}}},{"medal":93,"time":"2024-05-07T10:45:47+0000","type":"medal","user":{"country":"se","medals":[93],"zones":[],"pointsPerHour":0,"points":95,"blocktime":600,"taken":1,"name":"CassandraD","totalPoints":95,"rank":0,"id":423347,"place":5049,"uniqueZonesTaken":1,"region":{"name":"Östergötland","id":139}}}]