[{"sender":{"country":"uk","medals":[93,90,16,55,153,13,79,5,103,34],"zones":[652824,652826,652815,652817,652816,652819,652818,652821,652820,652823,652822],"pointsPerHour":11,"points":2860,"blocktime":1080,"taken":1098,"name":"Arnsturf#","totalPoints":461124,"rank":32,"id":384278,"place":1410,"uniqueZonesTaken":299,"region":{"name":"Scotland","id":200}},"time":"2024-05-06T12:50:59+0000","message":"would be good to have binoculars","region":{"name":"Scotland","id":200},"type":"chat"},{"medal":93,"time":"2024-05-06T12:50:47+0000","type":"medal","user":{"country":"se","medals":[93],"zones":[27957,43178],"pointsPerHour":0,"points":315,"blocktime":615,"taken":3,"name":"oscarno","totalPoints":315,"rank":1,"id":423131,"place":4499,"uniqueZonesTaken":3,"region":{"name":"Stockholm","id":141}}},{"medal":84,"time":"2024-05-06T12:50:11+0000","type":"medal","user":{"country":"se","medals":[84],"zones":[28160,36448,94420,28159],"pointsPerHour":0,"points":748,"blocktime":645,"taken":5,"name":"Pavlova","totalPoints":748,"rank":3,"id":423132,"place":4498,"uniqueZonesTaken":5,"region":{"name":"Stockholm","id":141}}},{"sender":{"country":"uk","medals":[93,90,16,55,153,13,79,5,103,34],"zones":[652824,652826,652815,652817,652816,652819,652818,652821,652820,652823,652822],"pointsPerHour":11,"points":2860,"blocktime":1080,"taken":1098,"name":"Arnsturf#","totalPoints":461124,"rank":32,"id":384278,"place":1410,"uniqueZonesTaken":299,"region":{"name":"Scotland","id":200}},"time":"2024-05-06T12:50:08+0000","message":"barking: That would be brackenknowe Road, with chevron on OS map, offers a great view 😀","region":{"name":"Scotland","id":200},"type":"chat"},{"sender":{"country":"se","medals":[67,22,47,28,7,55,79,112,24,77,17,15,126,122,118,132,117,107,152],"zones":[576056,7752,9677],"pointsPerHour":20,"points":1235,"blocktime":1410,"taken":81022,"name":"tine","totalPoints":9339986,"rank":54,"id":36446,"place":2213,"uniqueZonesTaken":1536,"region":{"name":"Västmanland","id":143}},"time":"2024-05-06T12:49:16+0000","message":"kepsen: hej Är du på väg till Vallby?","region":{"name":"Västmanland","id":143},"type":"chat"},{"medal":95,"time":"2024-05-06T12:48:21+0000","type":"medal","user":{"country":"se","medals":[95],"zones":[],"pointsPerHour":0,"points":316,"blocktime":615,"taken":3,"name":"LinusKO","totalPoints":316,"rank":1,"id":423130,"place":4498,"uniqueZonesTaken":3,"region":{"name":"Stockholm","id":141}}},{"medal":95,"time":"2024-05-06T12:48:21+0000","type":"medal","user":{"country":"se","medals":[95],"zones":[],"pointsPerHour":0,"points":425,"blocktime":630,"taken":4,"name":"liaafz","totalPoints":425,"rank":2,"id":423124,"place":4498,"uniqueZonesTaken":3,"region":{"name":"Stockholm","id":141}}},{"medal":95,"time":"2024-05-06T12:48:21+0000","type":"medal","user":{"country":"se","medals":[95],"zones":[],"pointsPerHour":0,"points":396,"blocktime":615,"taken":4,"name":"Dogge_XL","totalPoints":396,"rank":1,"id":423125,"place":4498,"uniqueZonesTaken":4,"region":{"name":"Stockholm","id":141}}},{"medal":93,"time":"2024-05-06T12:44:57+0000","type":"medal","user":{"country":"se","medals":[93],"zones":[],"pointsPerHour":0,"points":220,"blocktime":615,"taken":2,"name":"davidgc","totalPoints":220,"rank":1,"id":423071,"place":4493,"uniqueZonesTaken":2,"region":{"name":"Stockholm","id":141}}}]