[{"medal":84,"time":"2024-05-07T06:39:03+0000","type":"medal","user":{"country":"se","medals":[84],"zones":[669822,562958,6153,155871],"pointsPerHour":0,"points":792,"blocktime":645,"taken":5,"name":"L.bjork","totalPoints":792,"rank":3,"id":423187,"place":4856,"uniqueZonesTaken":5,"region":{"name":"Västmanland","id":143}}},{"medal":80,"time":"2024-05-07T06:38:11+0000","type":"medal","user":{"country":"se","medals":[80,84],"zones":[929,933,22775,429693,22319],"pointsPerHour":0,"points":508,"blocktime":630,"taken":5,"name":"bellah.fahl","totalPoints":508,"rank":2,"id":423211,"place":4856,"uniqueZonesTaken":5,"region":{"name":"Östergötland","id":139}}},{"medal":84,"time":"2024-05-07T06:38:11+0000","type":"medal","user":{"country":"se","medals":[80,84],"zones":[929,933,22775,429693,22319],"pointsPerHour":0,"points":508,"blocktime":630,"taken":5,"name":"bellah.fahl","totalPoints":508,"rank":2,"id":423211,"place":4856,"uniqueZonesTaken":5,"region":{"name":"Östergötland","id":139}}},{"medal":84,"time":"2024-05-07T06:36:11+0000","type":"medal","user":{"country":"se","medals":[84],"zones":[37461,42262,6152,179182],"pointsPerHour":0,"points":777,"blocktime":645,"taken":5,"name":"Nellielalla10","totalPoints":777,"rank":3,"id":423192,"place":4854,"uniqueZonesTaken":5,"region":{"name":"Västmanland","id":143}}},{"medal":84,"time":"2024-05-07T06:34:38+0000","type":"medal","user":{"country":"se","medals":[84],"zones":[26744,563904],"pointsPerHour":0,"points":557,"blocktime":630,"taken":5,"name":"WattAtt","totalPoints":557,"rank":2,"id":423186,"place":4852,"uniqueZonesTaken":5,"region":{"name":"Östergötland","id":139}}},{"medal":94,"time":"2024-05-07T06:33:41+0000","type":"medal","user":{"country":"se","medals":[94],"zones":[97458,2957],"pointsPerHour":0,"points":360,"blocktime":615,"taken":3,"name":"Neil24","totalPoints":360,"rank":1,"id":423189,"place":4850,"uniqueZonesTaken":3,"region":{"name":"Jämtland","id":128}}}]