[{"sender":{"country":"wd","medals":[16,79,28,57,17,116,66,77,4,70,107,48,22,50,24,123,126,129,89,155],"zones":[656218,656216,656211,656224,656212],"pointsPerHour":13,"points":1536,"blocktime":1425,"taken":54475,"name":"elgurro","totalPoints":9997644,"rank":55,"id":110186,"place":2306,"uniqueZonesTaken":4050,"region":{"name":"Spain","id":211}},"time":"2024-05-06T18:28:28+0000","message":"Game-Over: är ni kvar","region":{"name":"Spain","id":211},"type":"chat"},{"medal":86,"time":"2024-05-06T18:26:52+0000","type":"medal","user":{"country":"se","medals":[92,52,10,86],"zones":[349204,37460,44117,62028,37455],"pointsPerHour":0,"points":5159,"blocktime":720,"taken":50,"name":"ollehedlund84","totalPoints":9253,"rank":8,"id":352987,"place":4753,"uniqueZonesTaken":37,"region":{"name":"Västmanland","id":143}}}]