[{"medal":80,"time":"2024-05-06T06:55:24+0000","type":"medal","user":{"country":"se","medals":[80,84],"zones":[15040,2977,36421,16902,15039],"pointsPerHour":0,"points":567,"blocktime":630,"taken":5,"name":"ADbarberna8M","totalPoints":567,"rank":2,"id":422913,"place":4052,"uniqueZonesTaken":5,"region":{"name":"Jönköping","id":133}}},{"medal":84,"time":"2024-05-06T06:55:24+0000","type":"medal","user":{"country":"se","medals":[80,84],"zones":[15040,2977,36421,16902,15039],"pointsPerHour":0,"points":567,"blocktime":630,"taken":5,"name":"ADbarberna8M","totalPoints":567,"rank":2,"id":422913,"place":4052,"uniqueZonesTaken":5,"region":{"name":"Jönköping","id":133}}},{"medal":32,"time":"2024-05-06T06:53:15+0000","type":"medal","user":{"country":"se","medals":[93,151,10,11,54,46,32],"zones":[605008],"pointsPerHour":0,"points":185,"blocktime":765,"taken":100,"name":"PEWA68","totalPoints":19244,"rank":11,"id":403650,"place":4051,"uniqueZonesTaken":81,"region":{"name":"Blekinge","id":136}}}]