[{"medal":93,"time":"2024-05-06T10:25:21+0000","type":"medal","user":{"country":"se","medals":[93],"zones":[86070,20703],"pointsPerHour":0,"points":375,"blocktime":615,"taken":3,"name":"StellaWe","totalPoints":375,"rank":1,"id":422936,"place":4292,"uniqueZonesTaken":3,"region":{"name":"Stockholm","id":141}}},{"medal":94,"time":"2024-05-06T10:17:34+0000","type":"medal","user":{"country":"se","medals":[94],"zones":[],"pointsPerHour":0,"points":125,"blocktime":600,"taken":1,"name":"EdithW","totalPoints":125,"rank":0,"id":422933,"place":4271,"uniqueZonesTaken":1,"region":{"name":"Stockholm","id":141}}},{"medal":94,"time":"2024-05-06T10:17:34+0000","type":"medal","user":{"country":"se","medals":[94],"zones":[],"pointsPerHour":0,"points":125,"blocktime":600,"taken":1,"name":"AstridG","totalPoints":125,"rank":0,"id":422902,"place":4271,"uniqueZonesTaken":1,"region":{"name":"Stockholm","id":141}}}]