[{"medal":80,"time":"2024-05-07T09:02:26+0000","type":"medal","user":{"country":"se","medals":[96,84,80],"zones":[97184,115013,12090,11533,33181],"pointsPerHour":0,"points":590,"blocktime":645,"taken":8,"name":"flygasomfågel","totalPoints":965,"rank":3,"id":406178,"place":4962,"uniqueZonesTaken":5,"region":{"name":"Gävleborg","id":144}}},{"medal":92,"time":"2024-05-07T09:00:51+0000","type":"medal","user":{"country":"se","medals":[85,51,92],"zones":[26032,96178,482035,93158,113462,58280,315533,376702,115167],"pointsPerHour":0,"points":2580,"blocktime":675,"taken":15,"name":"hugo987","totalPoints":2580,"rank":5,"id":423183,"place":4962,"uniqueZonesTaken":15,"region":{"name":"Dalarna","id":129}}},{"medal":52,"time":"2024-05-07T08:59:08+0000","type":"medal","user":{"country":"uk","medals":[92,151,32,52],"zones":[651592,62915,371267,14566,14567,517869,14700,14701,318250,476488,318251,344404,64338,15154,346743,15155,64339,649629,400338,14554],"pointsPerHour":0,"points":5699,"blocktime":795,"taken":147,"name":"NewTownIsBlue","totalPoints":28216,"rank":13,"id":421336,"place":4962,"uniqueZonesTaken":49,"region":{"name":"Scotland","id":200}}},{"medal":14,"time":"2024-05-07T08:54:00+0000","type":"medal","user":{"country":"uk","medals":[79,16,47,28,94,122,59,35,153,14],"zones":[345052,345049,345051,345050],"pointsPerHour":0,"points":890,"blocktime":1215,"taken":4050,"name":"richard27","totalPoints":1630133,"rank":41,"id":385061,"place":4962,"uniqueZonesTaken":500,"region":{"name":"Scotland","id":200}}}]