[{"medal":84,"time":"2024-05-07T11:54:54+0000","type":"medal","user":{"country":"se","medals":[80,84],"zones":[1058,42738,1060,69006,9583],"pointsPerHour":0,"points":405,"blocktime":10,"taken":5,"name":"jollebolle9","totalPoints":405,"rank":1,"id":423403,"place":5131,"uniqueZonesTaken":5,"region":{"name":"Södermanland","id":140}}},{"medal":80,"time":"2024-05-07T11:54:54+0000","type":"medal","user":{"country":"se","medals":[80,84],"zones":[1058,42738,1060,69006,9583],"pointsPerHour":0,"points":405,"blocktime":10,"taken":5,"name":"jollebolle9","totalPoints":405,"rank":1,"id":423403,"place":5131,"uniqueZonesTaken":5,"region":{"name":"Södermanland","id":140}}},{"medal":15,"time":"2024-05-07T11:53:36+0000","type":"medal","user":{"country":"se","medals":[98,28,67,77,79,47,16,7,27,57,126,122,130,73,111,155,15],"zones":[17568,115104,23686,24729,138623,23135,26863],"pointsPerHour":0,"points":12096,"blocktime":22,"taken":33916,"name":"Namnet","totalPoints":6095817,"rank":51,"id":179906,"place":5131,"uniqueZonesTaken":1000,"region":{"name":"Kalmar","id":137}}},{"medal":80,"time":"2024-05-07T11:50:17+0000","type":"medal","user":{"country":"se","medals":[84,80],"zones":[38240,669822,220699,6153,155871],"pointsPerHour":0,"points":919,"blocktime":10,"taken":6,"name":"pellepaltnack7","totalPoints":919,"rank":3,"id":423397,"place":5130,"uniqueZonesTaken":6,"region":{"name":"Västmanland","id":143}}},{"medal":52,"time":"2024-05-07T11:50:17+0000","type":"medal","user":{"country":"se","medals":[151,93,100,32,11,52],"zones":[184546,154464,79523,154465,387393,11211,117101,96142,19666,64850,154673,601566,168885,21530,94075,154168,518941,333950,138239,28862],"pointsPerHour":0,"points":9379,"blocktime":13,"taken":131,"name":"manolito49","totalPoints":26688,"rank":12,"id":421492,"place":5130,"uniqueZonesTaken":51,"region":{"name":"Västernorrland","id":145}}},{"medal":84,"time":"2024-05-07T11:45:37+0000","type":"medal","user":{"country":"se","medals":[84],"zones":[38240,220699,6153,155871],"pointsPerHour":0,"points":763,"blocktime":10,"taken":5,"name":"pellepaltnack7","totalPoints":763,"rank":3,"id":423397,"place":5128,"uniqueZonesTaken":5,"region":{"name":"Västmanland","id":143}}}]