[{"medal":85,"time":"2024-05-07T08:53:17+0000","type":"medal","user":{"country":"se","medals":[93,80,85],"zones":[20642,642716,668945,24268,563685,208764],"pointsPerHour":0,"points":952,"blocktime":11,"taken":10,"name":"gyatt54","totalPoints":1478,"rank":4,"id":422193,"place":4962,"uniqueZonesTaken":9,"region":{"name":"Stockholm","id":141}}},{"medal":85,"time":"2024-05-07T08:52:42+0000","type":"medal","user":{"country":"se","medals":[51,85],"zones":[565512,33761,319158,33762,42948,61621,58279,20824,29613,182140],"pointsPerHour":0,"points":1684,"blocktime":11,"taken":10,"name":"Hannabjork","totalPoints":1684,"rank":4,"id":423267,"place":4961,"uniqueZonesTaken":10,"region":{"name":"Dalarna","id":129}}},{"medal":51,"time":"2024-05-07T08:52:42+0000","type":"medal","user":{"country":"se","medals":[51,85],"zones":[565512,33761,319158,33762,42948,61621,58279,20824,29613,182140],"pointsPerHour":0,"points":1684,"blocktime":11,"taken":10,"name":"Hannabjork","totalPoints":1684,"rank":4,"id":423267,"place":4961,"uniqueZonesTaken":10,"region":{"name":"Dalarna","id":129}}},{"medal":80,"time":"2024-05-07T08:50:24+0000","type":"medal","user":{"country":"se","medals":[93,84,80],"zones":[20642,642716,668945,24268,563685],"pointsPerHour":0,"points":796,"blocktime":11,"taken":9,"name":"gyatt54","totalPoints":1322,"rank":4,"id":422193,"place":4959,"uniqueZonesTaken":8,"region":{"name":"Stockholm","id":141}}},{"medal":84,"time":"2024-05-07T08:49:35+0000","type":"medal","user":{"country":"se","medals":[93,84],"zones":[41684],"pointsPerHour":0,"points":265,"blocktime":10,"taken":6,"name":"Alva7E","totalPoints":904,"rank":3,"id":421529,"place":4958,"uniqueZonesTaken":4,"region":{"name":"Stockholm","id":141}}},{"medal":80,"time":"2024-05-07T08:48:29+0000","type":"medal","user":{"country":"se","medals":[84,80],"zones":[224515,651240,519708,485128],"pointsPerHour":0,"points":1333,"blocktime":11,"taken":6,"name":"tyskennnnnnnnn","totalPoints":1333,"rank":4,"id":423266,"place":4956,"uniqueZonesTaken":6,"region":{"name":"Dalarna","id":129}}}]