[{"medal":80,"time":"2024-05-06T16:28:03+0000","type":"medal","user":{"country":"se","medals":[84,80],"zones":[24816,425382,24817,115205,408528],"pointsPerHour":0,"points":703,"blocktime":11,"taken":9,"name":"issapling","totalPoints":1545,"rank":4,"id":422805,"place":4684,"uniqueZonesTaken":9,"region":{"name":"Örebro","id":131}}},{"medal":51,"time":"2024-05-06T16:26:28+0000","type":"medal","user":{"country":"se","medals":[93,86,100,92,51],"zones":[224147,43729,54289,54290,54292,45717,18038,297053,43705,595461],"pointsPerHour":0,"points":1614,"blocktime":12,"taken":70,"name":"Vidundret18","totalPoints":10341,"rank":8,"id":419569,"place":4683,"uniqueZonesTaken":17,"region":{"name":"Kalmar","id":137}}},{"medal":93,"time":"2024-05-06T16:18:33+0000","type":"medal","user":{"country":"se","medals":[93],"zones":[],"pointsPerHour":0,"points":95,"blocktime":10,"taken":2,"name":"klyftigbofink","totalPoints":299,"rank":1,"id":422833,"place":4678,"uniqueZonesTaken":2,"region":{"name":"Västra Götaland","id":132}}}]