[{"sender":{"country":"se","medals":[24,16,17,17,24,24,24,24,27,79,24,28,17,116,47,15,4,77,117,24,126,22,24,57,111,122,131,66,30,118,154],"zones":[141568,24068,29253,515602,179799,109079,155348,30871,109080,67613,278618,152354,26529,115427,429410,115428,44711,44712,61609,44713,134958,601701,179823,656484,659044,29299,8374,29302,8377,8378,29307,254,139581],"pointsPerHour":90,"points":12497,"blocktime":24,"taken":86829,"name":"alligatorn","totalPoints":14974603,"rank":57,"id":26497,"place":575,"uniqueZonesTaken":1537,"region":{"name":"Stockholm","id":141}},"time":"2024-05-07T12:30:31+0000","message":"krokodilen: jag anade det är vid fåren","region":{"name":"Stockholm","id":141},"type":"chat"},{"medal":84,"time":"2024-05-07T12:29:32+0000","type":"medal","user":{"country":"se","medals":[80,84],"zones":[15585,2852,50662,122871,117066],"pointsPerHour":0,"points":614,"blocktime":10,"taken":5,"name":"Liam_stark","totalPoints":614,"rank":2,"id":423426,"place":5152,"uniqueZonesTaken":5,"region":{"name":"Kalmar","id":137}}},{"medal":80,"time":"2024-05-07T12:29:32+0000","type":"medal","user":{"country":"se","medals":[80,84],"zones":[15585,2852,50662,122871,117066],"pointsPerHour":0,"points":614,"blocktime":10,"taken":5,"name":"Liam_stark","totalPoints":614,"rank":2,"id":423426,"place":5152,"uniqueZonesTaken":5,"region":{"name":"Kalmar","id":137}}},{"sender":{"country":"se","medals":[17,16,17,79,24,17,116,47,27,56,4,77,117,28,24,126,22,24,15,5,122,89,131,66,30,111,154],"zones":[26197,24567,167742,278617,9598],"pointsPerHour":22,"points":7028,"blocktime":24,"taken":64313,"name":"krokodilen","totalPoints":11127532,"rank":56,"id":45356,"place":1074,"uniqueZonesTaken":1262,"region":{"name":"Stockholm","id":141}},"time":"2024-05-07T12:29:08+0000","message":"alligatorn: härligt! jag har rast","region":{"name":"Stockholm","id":141},"type":"chat"},{"sender":{"country":"se","medals":[24,16,17,17,24,24,24,24,27,79,24,28,17,116,47,15,4,77,117,24,126,22,24,57,111,122,131,66,30,118,154],"zones":[141568,24068,29253,515602,179799,109079,155348,30871,109080,67613,278618,152354,26529,115427,429410,115428,44711,44712,61609,44713,134958,601701,179823,656484,659044,29299,8374,29302,8377,8378,29307,254,139581],"pointsPerHour":90,"points":12494,"blocktime":24,"taken":86829,"name":"alligatorn","totalPoints":14974600,"rank":57,"id":26497,"place":575,"uniqueZonesTaken":1537,"region":{"name":"Stockholm","id":141}},"time":"2024-05-07T12:28:35+0000","message":"krokodilen: det går utmärkt","region":{"name":"Stockholm","id":141},"type":"chat"},{"medal":100,"time":"2024-05-07T12:27:38+0000","type":"medal","user":{"country":"se","medals":[51,85,93,92,100],"zones":[21474,21475,21476,21477,344684,23948,576484,50317,96017,77043,61779,9525,50326,567743,9373],"pointsPerHour":0,"points":4964,"blocktime":11,"taken":23,"name":"Benjamin_10","totalPoints":4964,"rank":6,"id":422701,"place":5152,"uniqueZonesTaken":19,"region":{"name":"Östergötland","id":139}}},{"sender":{"country":"se","medals":[17,16,17,79,24,17,116,47,27,56,4,77,117,28,24,126,22,24,15,5,122,89,131,66,30,111,154],"zones":[26197,24567,167742,278617,9598],"pointsPerHour":22,"points":7028,"blocktime":24,"taken":64313,"name":"krokodilen","totalPoints":11127532,"rank":56,"id":45356,"place":1072,"uniqueZonesTaken":1262,"region":{"name":"Stockholm","id":141}},"time":"2024-05-07T12:27:22+0000","message":"alligatorn hur går det?","region":{"name":"Stockholm","id":141},"type":"chat"},{"medal":84,"time":"2024-05-07T12:26:32+0000","type":"medal","user":{"country":"se","medals":[93,84],"zones":[2850,12063],"pointsPerHour":0,"points":595,"blocktime":10,"taken":5,"name":"FlottaBollen","totalPoints":595,"rank":2,"id":423429,"place":5152,"uniqueZonesTaken":5,"region":{"name":"Kalmar","id":137}}},{"medal":84,"time":"2024-05-07T12:22:52+0000","type":"medal","user":{"country":"se","medals":[93,80,84],"zones":[19328,34624,74405,1752,11882],"pointsPerHour":0,"points":709,"blocktime":10,"taken":6,"name":"SamuelFrank","totalPoints":709,"rank":3,"id":423435,"place":5151,"uniqueZonesTaken":6,"region":{"name":"Kalmar","id":137}}},{"medal":80,"time":"2024-05-07T12:22:52+0000","type":"medal","user":{"country":"se","medals":[93,80,84],"zones":[19328,34624,74405,1752,11882],"pointsPerHour":0,"points":709,"blocktime":10,"taken":6,"name":"SamuelFrank","totalPoints":709,"rank":3,"id":423435,"place":5151,"uniqueZonesTaken":6,"region":{"name":"Kalmar","id":137}}}]