[{"medal":84,"time":"2024-05-06T13:01:02+0000","type":"medal","user":{"country":"se","medals":[84],"zones":[94802,20739],"pointsPerHour":0,"points":659,"blocktime":10,"taken":5,"name":"Mikimouse","totalPoints":659,"rank":2,"id":422973,"place":4504,"uniqueZonesTaken":5,"region":{"name":"Stockholm","id":141}}},{"medal":84,"time":"2024-05-06T13:00:56+0000","type":"medal","user":{"country":"se","medals":[84],"zones":[126586,95677,22829],"pointsPerHour":0,"points":689,"blocktime":10,"taken":5,"name":"max911119","totalPoints":689,"rank":2,"id":423126,"place":4504,"uniqueZonesTaken":5,"region":{"name":"Stockholm","id":141}}},{"medal":100,"time":"2024-05-06T13:00:56+0000","type":"medal","user":{"country":"se","medals":[95,100],"zones":[],"pointsPerHour":0,"points":631,"blocktime":10,"taken":6,"name":"Dogge_XL","totalPoints":631,"rank":2,"id":423125,"place":4504,"uniqueZonesTaken":6,"region":{"name":"Stockholm","id":141}}},{"medal":84,"time":"2024-05-06T12:59:28+0000","type":"medal","user":{"country":"se","medals":[93,84],"zones":[28161,1228],"pointsPerHour":0,"points":566,"blocktime":10,"taken":5,"name":"davidgc","totalPoints":566,"rank":2,"id":423071,"place":4502,"uniqueZonesTaken":5,"region":{"name":"Stockholm","id":141}}},{"medal":84,"time":"2024-05-06T12:58:06+0000","type":"medal","user":{"country":"se","medals":[93,84],"zones":[174274,94801,97890,44565],"pointsPerHour":0,"points":656,"blocktime":10,"taken":5,"name":"mabebe","totalPoints":656,"rank":2,"id":423133,"place":4502,"uniqueZonesTaken":5,"region":{"name":"Stockholm","id":141}}},{"medal":84,"time":"2024-05-06T12:57:55+0000","type":"medal","user":{"country":"se","medals":[80,84],"zones":[323313,323282,527070,96683,374495],"pointsPerHour":0,"points":936,"blocktime":10,"taken":5,"name":"Tedomi","totalPoints":936,"rank":3,"id":423120,"place":4502,"uniqueZonesTaken":5,"region":{"name":"Skåne","id":135}}},{"medal":80,"time":"2024-05-06T12:57:55+0000","type":"medal","user":{"country":"se","medals":[80,84],"zones":[323313,323282,527070,96683,374495],"pointsPerHour":0,"points":936,"blocktime":10,"taken":5,"name":"Tedomi","totalPoints":936,"rank":3,"id":423120,"place":4502,"uniqueZonesTaken":5,"region":{"name":"Skåne","id":135}}},{"medal":153,"time":"2024-05-06T12:56:45+0000","type":"medal","user":{"country":"se","medals":[24,79,16,83,67,77,70,75,21,68,82,27,117,72,4,1,69,68,68,24,99,68,107,15,68,68,126,1,69,68,89,124,7,68,68,129,153],"zones":[169986,1025,92423,22534,19208,19210,19211,78615,155936,47139,17198,17199,139318,31285,31287,31289,31294,6978,6979,26439,65611,14411,14412,14413,135762,346711,66905,66904,21082,21083,7772,7773,7774,7775,7777,7778,7779,41828,43109,41829,43111,32106,44142,44399,7795,7796,138102,7798,7799,7800,7801,235647,7804,183933,411782,30083,147078,30084,43908,43909,43910,43912,30089,43913,44425,476045,217999,46477,217998,77199,77201,77200,128665,16537,47513,47514,47515,47516,47517,41885,134301,48031,141475,932,119719,24497,16051,43959,179642,114874,179134,23746,96199,178116,404417,33736,8136,43977,208840,43983,98007,152030,29150,29152,31969,136161,625900,69350,15851,26102,52476,93693,30974,1022],"pointsPerHour":0,"points":50019,"blocktime":23,"taken":66217,"name":"Jajk","totalPoints":10976114,"rank":55,"id":107070,"place":4501,"uniqueZonesTaken":2409,"region":{"name":"Värmland","id":130}}},{"medal":11,"time":"2024-05-06T12:55:45+0000","type":"medal","user":{"country":"se","medals":[52,5,46,42,28,11],"zones":[43713,62353,31842,62371,8335,8911],"pointsPerHour":0,"points":7845,"blocktime":13,"taken":277,"name":"bulle540","totalPoints":39931,"rank":14,"id":155657,"place":4501,"uniqueZonesTaken":50,"region":{"name":"Uppsala","id":142}}}]