[{"sender":{"country":"se","medals":[70,5,21,16,77,67,79,24,117,15,123,72,27,130,107,7,114,24,58,75,41,155],"zones":[17027,91972,17030,7047,11591,1479,281804,91978,17036,91980,1617,92690,55773,8225,7074,637162,203558,94116,139310,178350,97836,22830,22831,515573,822,139316,9465,7162,603314,348862,251,94206],"pointsPerHour":166,"points":10121,"blocktime":22,"taken":25406,"name":"Fred_Flinta","totalPoints":4228367,"rank":48,"id":234160,"place":533,"uniqueZonesTaken":2286,"region":{"name":"Stockholm","id":141}},"time":"2024-05-06T17:03:25+0000","message":"Fearglas:hi","region":{"name":"Stockholm","id":141},"type":"chat"},{"sender":{"country":"uk","medals":[80,86],"zones":[],"pointsPerHour":0,"points":0,"blocktime":12,"taken":52,"name":"lord-dalhousie","totalPoints":16907,"rank":10,"id":418515,"place":1789,"uniqueZonesTaken":12,"region":{"name":"Scotland","id":200}},"time":"2024-05-06T17:00:35+0000","message":"What\u2019s all the yellow nutral","region":{"name":"Scotland","id":200},"type":"chat"},{"medal":71,"time":"2024-05-06T16:50:32+0000","type":"medal","user":{"country":"se","medals":[93,100,152,52,12,34,71],"zones":[26051,1654,29142,484975,42092,11645,16894,56015],"pointsPerHour":0,"points":1830,"blocktime":17,"taken":1078,"name":"honsomgar","totalPoints":251871,"rank":28,"id":359204,"place":4690,"uniqueZonesTaken":117,"region":{"name":"Jönköping","id":133}}}]