[{"medal":80,"time":"2024-05-07T06:20:25+0000","type":"medal","user":{"country":"se","medals":[84,80],"zones":[37459,6156,113484,21758,512792],"pointsPerHour":0,"points":902,"blocktime":10,"taken":6,"name":"baxatelebobo","totalPoints":902,"rank":3,"id":423190,"place":4831,"uniqueZonesTaken":6,"region":{"name":"Västmanland","id":143}}},{"medal":84,"time":"2024-05-07T06:19:45+0000","type":"medal","user":{"country":"se","medals":[84],"zones":[7819,154253],"pointsPerHour":0,"points":786,"blocktime":10,"taken":5,"name":"amotoast","totalPoints":786,"rank":3,"id":404740,"place":4830,"uniqueZonesTaken":5,"region":{"name":"Värmland","id":130}}},{"sender":{"country":"se","medals":[22,67,4,24,70,16,27,83,72,79,99,66,24,126,124,24,119,108,75,50,132,59,77,156,24],"zones":[18309,7755,7757,92239,41749,14871,18200,518495,15961,14874,228120,427354,319449,43807,41760,43808,26850,47653,89895,41766,24173,152876,29168,20849,26164,8312,37244,319416,41726,135932,150653,604022,41727],"pointsPerHour":179,"points":23654,"blocktime":24,"taken":134503,"name":"FlitigaTobbe","totalPoints":22908707,"rank":58,"id":48872,"place":166,"uniqueZonesTaken":3186,"region":{"name":"Västmanland","id":143}},"time":"2024-05-07T06:19:05+0000","message":"Marrrs: 👍","region":{"name":"Västmanland","id":143},"type":"chat"},{"sender":{"country":"se","medals":[4,16,17,27,43,67,48,24,70,64,17,21,17,72,15,79,24,77,66,83,24,17,117,58,24,24,17,116,24,122,107,126,88,152],"zones":[31840,92224,49138,63794,2567,11466,24170],"pointsPerHour":33,"points":2061,"blocktime":23,"taken":43692,"name":"Marrrs","totalPoints":7763941,"rank":53,"id":13960,"place":2166,"uniqueZonesTaken":2166,"region":{"name":"Uppsala","id":142}},"time":"2024-05-07T06:18:18+0000","message":"FlitigaTobbe: Då stannar gubben kvar","region":{"name":"Västmanland","id":143},"type":"chat"},{"sender":{"country":"se","medals":[4,16,17,27,43,67,48,24,70,64,17,21,17,72,15,79,24,77,66,83,24,17,117,58,24,24,17,116,24,122,107,126,88,152],"zones":[31840,92224,49138,63794,2567,11466,24170],"pointsPerHour":33,"points":2061,"blocktime":23,"taken":43692,"name":"Marrrs","totalPoints":7763941,"rank":53,"id":13960,"place":2166,"uniqueZonesTaken":2166,"region":{"name":"Uppsala","id":142}},"time":"2024-05-07T06:17:50+0000","message":"FlitigaTobbe: Jag kan ställa in om gps ska vara igång i bakgrunden eller inte. Går bara till hemskärmen när jag är i zonen","region":{"name":"Västmanland","id":143},"type":"chat"}]