[{"medal":37,"time":"2024-05-06T16:11:04+0000","type":"medal","user":{"country":"se","medals":[79,127,47,55,77,28,6,14,108,152,95,37],"zones":[43745,369,21800],"pointsPerHour":0,"points":308,"blocktime":19,"taken":7500,"name":"Staarmaann","totalPoints":1177358,"rank":39,"id":351562,"place":4671,"uniqueZonesTaken":645,"region":{"name":"Gävleborg","id":144}}},{"sender":{"country":"fi","medals":[72,78,16,6,114,48,57,126,122,106,131,89,14,155],"zones":[14592,480103,179298,15570,480101,11715,382192,516526,62394,64125,20575],"pointsPerHour":67,"points":5507,"blocktime":23,"taken":63411,"name":"Limaja","totalPoints":8439528,"rank":54,"id":206647,"place":963,"uniqueZonesTaken":536,"region":{"name":"Åland","id":177}},"time":"2024-05-06T16:08:22+0000","message":"Alvedon: 😊","region":{"name":"Åland","id":177},"type":"chat"},{"sender":{"country":"fi","medals":[30,17,66,71,47,57,16,72,114,17,67,70,5,4,14,122,126,108,128,155,89],"zones":[519687,22625,141632,590443,587243,396194,37510,21513,596963,519692,111786,519691,519690,519689,519688,63445,518288,428049,39835,107837,141631,570006,64126],"pointsPerHour":99,"points":15563,"blocktime":23,"taken":51338,"name":"Alvedon","totalPoints":7378102,"rank":53,"id":169520,"place":268,"uniqueZonesTaken":748,"region":{"name":"Åland","id":177}},"time":"2024-05-06T16:07:59+0000","message":"Limaja: vi kan vänta. har inte beåttom","region":{"name":"Åland","id":177},"type":"chat"}]