[{"medal":152,"time":"2024-06-11T13:30:31+0000","type":"medal","user":{"country":"se","medals":[79,70,67,16,46,55,83,34,72,127,97,13,107,152],"zones":[650777,119219,122338,640333,28458,87946,481883,8429],"pointsPerHour":0,"points":25446,"blocktime":1095,"taken":2427,"name":"Solsurfarn","totalPoints":489548,"rank":33,"id":368018,"place":6121,"uniqueZonesTaken":257,"region":{"name":"Stockholm","id":141}}},{"medal":31,"time":"2024-06-11T13:28:28+0000","type":"medal","user":{"country":"se","medals":[95,100,92,51,31],"zones":[22982,22887,648609,138891,15850,7818,19211,319752,24497,426389,16057,222682,1021],"pointsPerHour":0,"points":3444,"blocktime":675,"taken":25,"name":"Lövåsen","totalPoints":3444,"rank":5,"id":427685,"place":6120,"uniqueZonesTaken":21,"region":{"name":"Värmland","id":130}}}]