[{"medal":85,"time":"2024-06-11T08:12:42+0000","type":"medal","user":{"country":"gb","medals":[51,85],"zones":[508503,508501,508466,504849,508465,508464,15053,498858,498857,498856],"pointsPerHour":0,"points":2372,"blocktime":675,"taken":10,"name":"LonelySoul","totalPoints":2372,"rank":5,"id":427787,"place":6080,"uniqueZonesTaken":10,"region":{"name":"North East England","id":199}}},{"medal":51,"time":"2024-06-11T08:12:36+0000","type":"medal","user":{"country":"gb","medals":[84,51],"zones":[508503,508501,508466,504849,508465,508464,15053,498858,498857,498856],"pointsPerHour":0,"points":2372,"blocktime":675,"taken":10,"name":"LonelySoul","totalPoints":2372,"rank":5,"id":427787,"place":6080,"uniqueZonesTaken":10,"region":{"name":"North East England","id":199}}},{"medal":12,"time":"2024-06-11T08:05:45+0000","type":"medal","user":{"country":"se","medals":[80,6,32,101,95,12],"zones":[154754,26352,601849,28963,66117,213844,11516],"pointsPerHour":0,"points":5550,"blocktime":795,"taken":155,"name":"ArreBarre3","totalPoints":32609,"rank":13,"id":389605,"place":6080,"uniqueZonesTaken":100,"region":{"name":"Västra Götaland","id":132}}},{"medal":93,"time":"2024-06-11T08:05:45+0000","type":"medal","user":{"country":"se","medals":[93],"zones":[],"pointsPerHour":0,"points":185,"blocktime":600,"taken":1,"name":"bestigningen","totalPoints":185,"rank":0,"id":427848,"place":6080,"uniqueZonesTaken":1,"region":{"name":"Västra Götaland","id":132}}}]