[{"medal":80,"time":"2024-04-29T10:24:33+0000","type":"medal","user":{"country":"se","medals":[84,80],"zones":[15040,2977,36421,7871,15039],"pointsPerHour":0,"points":829,"blocktime":645,"taken":6,"name":"ACSI","totalPoints":829,"rank":3,"id":422019,"place":7632,"uniqueZonesTaken":6,"region":{"name":"Jönköping","id":133}}},{"medal":85,"time":"2024-04-29T10:23:40+0000","type":"medal","user":{"country":"fi","medals":[93,80,85],"zones":[139474,61761,63898,63900],"pointsPerHour":0,"points":2283,"blocktime":675,"taken":10,"name":"Violentinvader","totalPoints":2283,"rank":5,"id":421744,"place":7631,"uniqueZonesTaken":10,"region":{"name":"Lounais-Suomi","id":184}}},{"medal":94,"time":"2024-04-29T10:22:59+0000","type":"medal","user":{"country":"se","medals":[92,51,31,94],"zones":[30832,23862],"pointsPerHour":0,"points":4966,"blocktime":690,"taken":32,"name":"Funny_fishey_1","totalPoints":4966,"rank":6,"id":421789,"place":7631,"uniqueZonesTaken":22,"region":{"name":"Södermanland","id":140}}},{"medal":94,"time":"2024-04-29T10:22:59+0000","type":"medal","user":{"country":"se","medals":[80,84,94],"zones":[],"pointsPerHour":0,"points":1619,"blocktime":660,"taken":8,"name":"anniela","totalPoints":1619,"rank":4,"id":421058,"place":7631,"uniqueZonesTaken":8,"region":{"name":"Södermanland","id":140}}},{"medal":31,"time":"2024-04-29T10:22:59+0000","type":"medal","user":{"country":"gb","medals":[51,92,31],"zones":[138146,320900,320901,320902,320807,324609,321538,320898,320815,356074,320854,320855,320816,625661,320860,320665,318905,320858],"pointsPerHour":0,"points":4331,"blocktime":690,"taken":25,"name":"Lib.dib","totalPoints":4331,"rank":6,"id":421912,"place":7631,"uniqueZonesTaken":22,"region":{"name":"Scotland","id":200}}},{"medal":92,"time":"2024-04-29T10:22:23+0000","type":"medal","user":{"country":"se","medals":[51,85,92],"zones":[656426,19682,26307,26308,19684,26309,19686,26310,26311,153962,606241,153964,133261,78623,178397],"pointsPerHour":0,"points":3719,"blocktime":690,"taken":15,"name":"JABE-J","totalPoints":3719,"rank":6,"id":420986,"place":7631,"uniqueZonesTaken":15,"region":{"name":"Västernorrland","id":145}}},{"medal":93,"time":"2024-04-29T10:21:12+0000","type":"medal","user":{"country":"se","medals":[93],"zones":[],"pointsPerHour":0,"points":170,"blocktime":600,"taken":1,"name":"antoniaa","totalPoints":170,"rank":0,"id":422025,"place":7631,"uniqueZonesTaken":1,"region":{"name":"Halland","id":134}}},{"medal":84,"time":"2024-04-29T10:20:37+0000","type":"medal","user":{"country":"se","medals":[84],"zones":[15040,2977,36421,7871],"pointsPerHour":0,"points":688,"blocktime":630,"taken":5,"name":"ACSI","totalPoints":688,"rank":2,"id":422019,"place":7630,"uniqueZonesTaken":5,"region":{"name":"Jönköping","id":133}}},{"medal":85,"time":"2024-04-29T10:18:27+0000","type":"medal","user":{"country":"se","medals":[93,80,85],"zones":[326533,412436,203697,429425,221162,92203,1372],"pointsPerHour":0,"points":2059,"blocktime":675,"taken":10,"name":"FiskePatrik","totalPoints":2059,"rank":5,"id":421872,"place":7630,"uniqueZonesTaken":9,"region":{"name":"Västra Götaland","id":132}}}]