[{"medal":84,"time":"2024-04-30T07:39:15+0000","type":"medal","user":{"country":"se","medals":[93,84],"zones":[347492,654236],"pointsPerHour":0,"points":792,"blocktime":645,"taken":5,"name":"Turfection","totalPoints":792,"rank":3,"id":421900,"place":7736,"uniqueZonesTaken":5,"region":{"name":"Stockholm","id":141}}},{"medal":152,"time":"2024-04-30T07:30:28+0000","type":"medal","user":{"country":"se","medals":[16,46,9,28,56,5,24,77,97,79,15,66,103,126,122,127,40,152],"zones":[221315,480998,8132,221316,46414,393640,46415,23215,625017,46417,481941,568031,26174],"pointsPerHour":0,"points":25311,"blocktime":1305,"taken":21253,"name":"Ironhawk67","totalPoints":3721215,"rank":47,"id":49130,"place":7733,"uniqueZonesTaken":2179,"region":{"name":"Gävleborg","id":144}}}]