[{"medal":92,"time":"2024-04-29T09:27:37+0000","type":"medal","user":{"country":"gb","medals":[85,51,92],"zones":[138146,320854,320807,320816,324609,321538,320898,320860,320665,320858,356074],"pointsPerHour":0,"points":3182,"blocktime":675,"taken":18,"name":"Lib.dib","totalPoints":3182,"rank":5,"id":421912,"place":7617,"uniqueZonesTaken":15,"region":{"name":"Scotland","id":200}}},{"medal":153,"time":"2024-04-29T09:14:26+0000","type":"medal","user":{"country":"se","medals":[46,54,16,6,28,79,126,13,94,17,127,38,104,153],"zones":[7697,6932,51670,176837,170778,44554,168222],"pointsPerHour":0,"points":50080,"blocktime":1200,"taken":10665,"name":"zambody","totalPoints":1432303,"rank":40,"id":123763,"place":7616,"uniqueZonesTaken":481,"region":{"name":"Västerbotten","id":127}}}]