[{"medal":80,"time":"2024-05-28T07:35:46+0000","type":"medal","user":{"country":"se","medals":[93,85,100,92,80],"zones":[22195,22838,36442,228014,1311],"pointsPerHour":0,"points":3626,"blocktime":11,"taken":23,"name":"tittibonvax","totalPoints":3626,"rank":6,"id":425758,"place":8759,"uniqueZonesTaken":17,"region":{"name":"Stockholm","id":141}}},{"medal":91,"time":"2024-05-28T07:16:56+0000","type":"medal","user":{"country":"se","medals":[70,67,57,68,5,16,68,68,68,79,68,68,77,75,22,24,72,4,24,68,30,24,124,126,24,119,98,24,109,50,24,132,155,24,91],"zones":[42849,31346,95474,47656,485786,31341,31342],"pointsPerHour":0,"points":105799,"blocktime":24,"taken":130018,"name":"Aldo","totalPoints":19653398,"rank":58,"id":120009,"place":8757,"uniqueZonesTaken":2643,"region":{"name":"Västmanland","id":143}}}]