[{"medal":84,"time":"2024-05-28T12:26:32+0000","type":"medal","user":{"country":"se","medals":[94,84],"zones":[552409,489514],"pointsPerHour":0,"points":295,"blocktime":10,"taken":5,"name":"Becken","totalPoints":843,"rank":3,"id":390522,"place":8823,"uniqueZonesTaken":5,"region":{"name":"Stockholm","id":141}}},{"medal":93,"time":"2024-05-28T12:26:15+0000","type":"medal","user":{"country":"se","medals":[80,84,93],"zones":[185335,481234,22185,515467,515466],"pointsPerHour":0,"points":1161,"blocktime":10,"taken":6,"name":"MolAnd","totalPoints":1161,"rank":3,"id":426357,"place":8823,"uniqueZonesTaken":6,"region":{"name":"Skåne","id":135}}},{"medal":84,"time":"2024-05-28T12:26:08+0000","type":"medal","user":{"country":"se","medals":[84],"zones":[419070,55674,25963,94063],"pointsPerHour":0,"points":777,"blocktime":10,"taken":5,"name":"stallbacka","totalPoints":777,"rank":3,"id":426538,"place":8823,"uniqueZonesTaken":5,"region":{"name":"Örebro","id":131}}},{"medal":54,"time":"2024-05-28T12:26:03+0000","type":"medal","user":{"country":"uk","medals":[77,79,6,98,13,102,34,16,152,54],"zones":[328580,169155,14722,14723,371265,338817,169158,476482,16006,316738,41800,318093,318094,476489,355669,64337,296087,14677,14679,389277,64345,62169,296088,14559,15456,14562,389283,15014,14699,339305,339306,14640,350516,322485,350518,350512,318899,476477,346745,138559],"pointsPerHour":0,"points":30676,"blocktime":18,"taken":2191,"name":"DianaVilliers","totalPoints":469869,"rank":32,"id":280921,"place":8823,"uniqueZonesTaken":455,"region":{"name":"Scotland","id":200}}},{"medal":93,"time":"2024-05-28T12:25:57+0000","type":"medal","user":{"country":"se","medals":[93],"zones":[],"pointsPerHour":0,"points":170,"blocktime":10,"taken":1,"name":"Hederfors","totalPoints":170,"rank":0,"id":426563,"place":8822,"uniqueZonesTaken":1,"region":{"name":"Stockholm","id":141}}},{"medal":93,"time":"2024-05-28T12:24:59+0000","type":"medal","user":{"country":"se","medals":[93],"zones":[55673,55674],"pointsPerHour":0,"points":607,"blocktime":10,"taken":4,"name":"sheinfactory","totalPoints":607,"rank":2,"id":426539,"place":8821,"uniqueZonesTaken":4,"region":{"name":"Örebro","id":131}}},{"medal":84,"time":"2024-05-28T12:24:59+0000","type":"medal","user":{"country":"se","medals":[93,84],"zones":[21803,204684],"pointsPerHour":0,"points":776,"blocktime":10,"taken":5,"name":"RasmusLowe","totalPoints":776,"rank":3,"id":426558,"place":8821,"uniqueZonesTaken":5,"region":{"name":"Örebro","id":131}}},{"sender":{"country":"se","medals":[77,24,79,16,126,70,72,24,6,24,67,107,83,24,123,48,17,115,15,59,24,4,21,156,68,88,131,24],"zones":[475333,11864],"pointsPerHour":2,"points":130812,"blocktime":23,"taken":44765,"name":"EQ","totalPoints":6697362,"rank":52,"id":200915,"place":434,"uniqueZonesTaken":1066,"region":{"name":"Västerbotten","id":127}},"time":"2024-05-28T12:23:36+0000","message":"MarzzOne: https://painthelper.knzoon.se/","region":{"name":"Västerbotten","id":127},"type":"chat"}]