[{"medal":151,"time":"2024-06-10T06:22:33+0000","type":"medal","user":{"country":"se","medals":[92,52,86,151],"zones":[115009,655883,463044,340518,568333,56773,97990,565952,30891,505739,425675,8493,221293,515657,23919,23920,179987,42869,115007,109503],"pointsPerHour":0,"points":10842,"blocktime":720,"taken":54,"name":"Krabban1","totalPoints":11837,"rank":8,"id":426125,"place":5936,"uniqueZonesTaken":31,"region":{"name":"Stockholm","id":141}}},{"sender":{"country":"fi","medals":[69,68,16,22,68,69,9,4,72,68,67,112,79,69,68,24,49,91,50,122,68,126,75,59,83,68,68,109,131,118,153,24],"zones":[203924],"pointsPerHour":1,"points":10822,"blocktime":1440,"taken":79387,"name":"TheMadDog","totalPoints":12500049,"rank":56,"id":118132,"place":1948,"uniqueZonesTaken":3314,"region":{"name":"Åland","id":177}},"time":"2024-06-10T06:11:35+0000","message":"birykow:Nice!! 😊","region":{"name":"Åland","id":177},"type":"chat"}]