[{"medal":93,"time":"2024-05-14T10:20:49+0000","type":"medal","user":{"country":"se","medals":[93],"zones":[],"pointsPerHour":0,"points":325,"blocktime":10,"taken":2,"name":"Varvara","totalPoints":325,"rank":1,"id":423664,"place":6807,"uniqueZonesTaken":2,"region":{"name":"Skåne","id":135}}},{"country":"se","sender":{"country":"wd","medals":[52,95,79,42,6,152,12,77,101,4],"zones":[144454,144455,144452,144453,144458,144459,144456,144457,144462,144460,60308,60309,15637,60310,60312,60313],"pointsPerHour":18,"points":7541,"blocktime":14,"taken":498,"name":"Vidde7","totalPoints":94706,"rank":19,"id":354683,"place":2621,"uniqueZonesTaken":132,"region":{"name":"Cyprus","id":228}},"time":"2024-05-14T10:19:48+0000","message":"Jag såg att du ville vara med i min turf liga satsa25 (till Viking64)","type":"chat"},{"medal":93,"time":"2024-05-14T10:19:07+0000","type":"medal","user":{"country":"se","medals":[93],"zones":[],"pointsPerHour":0,"points":170,"blocktime":10,"taken":1,"name":"gurka123","totalPoints":170,"rank":0,"id":424326,"place":6806,"uniqueZonesTaken":1,"region":{"name":"Stockholm","id":141}}},{"country":"se","sender":{"country":"wd","medals":[52,95,79,42,6,152,12,77,101,4],"zones":[144454,144455,144452,144453,144458,144459,144456,144457,144462,144460,60308,60309,15637,60310,60312,60313],"pointsPerHour":18,"points":7540,"blocktime":14,"taken":498,"name":"Vidde7","totalPoints":94705,"rank":19,"id":354683,"place":2620,"uniqueZonesTaken":132,"region":{"name":"Cyprus","id":228}},"time":"2024-05-14T10:16:53+0000","message":"Ska vi ses vid turfen (stickstigen)","type":"chat"},{"country":"se","sender":{"country":"wd","medals":[52,95,79,42,6,152,12,77,101,4],"zones":[144454,144455,144452,144453,144458,144459,144456,144457,144462,144460,60308,60309,15637,60310,60312,60313],"pointsPerHour":18,"points":7540,"blocktime":14,"taken":498,"name":"Vidde7","totalPoints":94705,"rank":19,"id":354683,"place":2620,"uniqueZonesTaken":132,"region":{"name":"Cyprus","id":228}},"time":"2024-05-14T10:16:10+0000","message":"Du Viking64 vill du turfa lite med mig här i Västervik","type":"chat"}]