[{"sender":{"country":"no","medals":[28,46,16,12,42,57],"zones":[9074],"pointsPerHour":1,"points":286,"blocktime":16,"taken":480,"name":"Beric","totalPoints":168146,"rank":24,"id":238922,"place":6046,"uniqueZonesTaken":235,"region":{"name":"Østlandet","id":179}},"time":"2024-05-14T18:58:24+0000","message":"Er det ingen som lager nye soner i Norge? Jeg foreslo mange soner for 3-5 år siden, men ingen ble lagt til. Så jeg slutta å spille.","region":{"name":"Østlandet","id":179},"type":"chat"},{"medal":90,"time":"2024-05-14T18:52:12+0000","type":"medal","user":{"country":"se","medals":[51,94,151,127,11,79,42,90],"zones":[1058,1060,275311,9579,9580,3214,9583,69006,19216,54903,5433,5435],"pointsPerHour":0,"points":15188,"blocktime":13,"taken":254,"name":"Funny_fishey_1","totalPoints":37515,"rank":14,"id":421789,"place":6911,"uniqueZonesTaken":55,"region":{"name":"Södermanland","id":140}}}]