[{"medal":52,"time":"2024-05-13T11:22:21+0000","type":"medal","user":{"country":"se","medals":[94,92,100,78,86,52],"zones":[117286,584,41801,7018,7019,7020,23950,558,31089,31090,486869,31091,175574,31989,356765,44121,44122,92091,15771,7260],"pointsPerHour":0,"points":9232,"blocktime":12,"taken":51,"name":"Sarno","totalPoints":9232,"rank":8,"id":423723,"place":6559,"uniqueZonesTaken":38,"region":{"name":"Östergötland","id":139}}},{"medal":84,"time":"2024-05-13T11:19:42+0000","type":"medal","user":{"country":"se","medals":[84],"zones":[26528,12382],"pointsPerHour":0,"points":457,"blocktime":10,"taken":5,"name":"chxrrycoffee","totalPoints":457,"rank":2,"id":423891,"place":6559,"uniqueZonesTaken":5,"region":{"name":"Östergötland","id":139}}},{"medal":86,"time":"2024-05-13T11:16:55+0000","type":"medal","user":{"country":"se","medals":[94,92,100,51,78,86],"zones":[117286,584,41801,7018,7019,7020,23950,31089,31090,486869,31091,175574,31989,356765,44121,44122,92091,15771,7260],"pointsPerHour":0,"points":9134,"blocktime":12,"taken":50,"name":"Sarno","totalPoints":9134,"rank":8,"id":423723,"place":6559,"uniqueZonesTaken":37,"region":{"name":"Östergötland","id":139}}}]