[{"medal":80,"time":"2024-01-30T08:57:17+0000","type":"medal","user":{"country":"se","medals":[84,80],"zones":[23924,390,33754,522,636],"pointsPerHour":0,"points":652,"blocktime":630,"taken":6,"name":"Crystalrose","totalPoints":652,"rank":2,"id":417078,"place":5958,"uniqueZonesTaken":6,"region":{"name":"Skåne","id":135}}},{"medal":80,"time":"2024-01-30T08:56:03+0000","type":"medal","user":{"country":"se","medals":[84,80],"zones":[402,141510,409168,60477,131901],"pointsPerHour":0,"points":955,"blocktime":645,"taken":9,"name":"Greken040","totalPoints":955,"rank":3,"id":417259,"place":5958,"uniqueZonesTaken":9,"region":{"name":"Skåne","id":135}}},{"medal":84,"time":"2024-01-30T08:53:47+0000","type":"medal","user":{"country":"se","medals":[84],"zones":[513,27827,44333,399],"pointsPerHour":0,"points":554,"blocktime":630,"taken":5,"name":"tamara.rada","totalPoints":554,"rank":2,"id":417262,"place":5958,"uniqueZonesTaken":5,"region":{"name":"Skåne","id":135}}}]