[{"medal":128,"time":"2024-01-30T15:16:01+0000","type":"medal","user":{"country":"se","medals":[92,51,32,152,90,128],"zones":[200195,43233,42466,136036,560401,292123],"pointsPerHour":0,"points":29216,"blocktime":825,"taken":192,"name":"IBIZA","totalPoints":45026,"rank":15,"id":415584,"place":6038,"uniqueZonesTaken":35,"region":{"name":"Kalmar","id":137}}},{"medal":84,"time":"2024-01-30T15:15:11+0000","type":"medal","user":{"country":"se","medals":[94,84],"zones":[513],"pointsPerHour":0,"points":490,"blocktime":630,"taken":5,"name":"NUTJOB","totalPoints":490,"rank":2,"id":417321,"place":6036,"uniqueZonesTaken":5,"region":{"name":"Skåne","id":135}}},{"medal":80,"time":"2024-01-30T15:14:34+0000","type":"medal","user":{"country":"se","medals":[94,84,80],"zones":[340,390,522,24986,95226],"pointsPerHour":0,"points":501,"blocktime":630,"taken":6,"name":"aminda123","totalPoints":501,"rank":2,"id":417326,"place":6036,"uniqueZonesTaken":6,"region":{"name":"Skåne","id":135}}},{"medal":80,"time":"2024-01-30T15:13:45+0000","type":"medal","user":{"country":"se","medals":[84,80],"zones":[402,141510,117258,636,60477],"pointsPerHour":0,"points":636,"blocktime":630,"taken":6,"name":"Emistar","totalPoints":636,"rank":2,"id":417309,"place":6036,"uniqueZonesTaken":6,"region":{"name":"Skåne","id":135}}},{"medal":80,"time":"2024-01-30T15:12:19+0000","type":"medal","user":{"country":"se","medals":[80,84],"zones":[20632,20634,28330,987,91742],"pointsPerHour":0,"points":539,"blocktime":630,"taken":5,"name":"honorine","totalPoints":539,"rank":2,"id":417316,"place":6036,"uniqueZonesTaken":5,"region":{"name":"Skåne","id":135}}},{"medal":84,"time":"2024-01-30T15:12:19+0000","type":"medal","user":{"country":"se","medals":[80,84],"zones":[20632,20634,28330,987,91742],"pointsPerHour":0,"points":539,"blocktime":630,"taken":5,"name":"honorine","totalPoints":539,"rank":2,"id":417316,"place":6036,"uniqueZonesTaken":5,"region":{"name":"Skåne","id":135}}}]