[{"medal":33,"time":"2024-06-04T06:09:20+0000","type":"medal","user":{"country":"no","medals":[28,46,16,12,57,151,33],"zones":[673612],"pointsPerHour":0,"points":235,"blocktime":16,"taken":500,"name":"Beric","totalPoints":179303,"rank":24,"id":238922,"place":4711,"uniqueZonesTaken":243,"region":{"name":"Østlandet","id":179}}},{"medal":51,"time":"2024-06-04T06:03:15+0000","type":"medal","user":{"country":"se","medals":[85,51],"zones":[525192,655723,115376,21875,115381,346497,42329,141755,42330,141756],"pointsPerHour":0,"points":2464,"blocktime":11,"taken":12,"name":"Imrah","totalPoints":2839,"rank":5,"id":427072,"place":4705,"uniqueZonesTaken":10,"region":{"name":"Norrbotten","id":126}}}]