[{"sender":{"country":"se","medals":[27,16,79,77,30,68,22,76,91,48,82,69,68,124,126,24,89,111,131,24,72,99,24,4,120,24,155],"zones":[232677,8137,8139,62251,59344,228115,1650,246961,30328,564048,30329,476830,30330],"pointsPerHour":26,"points":16658,"blocktime":24,"taken":69528,"name":"nesse","totalPoints":14502053,"rank":57,"id":74358,"place":533,"uniqueZonesTaken":8363,"region":{"name":"Skåne","id":135}},"time":"2024-06-04T19:58:38+0000","message":"nukööörvi,Grodturf,Fiona,Kullagard,Teijman och Mickedif- grattis till god prestation!!!","region":{"name":"Östergötland","id":139},"type":"chat"},{"medal":85,"time":"2024-06-04T19:57:53+0000","type":"medal","user":{"country":"se","medals":[85],"zones":[455589],"pointsPerHour":0,"points":170,"blocktime":11,"taken":12,"name":"bee","totalPoints":1919,"rank":5,"id":5967,"place":4839,"uniqueZonesTaken":6,"region":{"name":"Stockholm","id":141}}},{"sender":{"country":"se","medals":[27,16,79,77,30,68,22,76,91,48,82,69,68,124,126,24,89,111,131,24,72,99,24,4,120,24,155],"zones":[232677,8137,8139,62251,59344,228115,1650,246961,30328,564048,30329,476830,30330],"pointsPerHour":26,"points":16657,"blocktime":24,"taken":69528,"name":"nesse","totalPoints":14502052,"rank":57,"id":74358,"place":533,"uniqueZonesTaken":8363,"region":{"name":"Skåne","id":135}},"time":"2024-06-04T19:57:09+0000","message":"6 st nu som klarat utmaningarna - vi försöker kontinuerligt lägga upp på hemsidan - glöm inte att anmäla Er så vi inte missar någon","region":{"name":"Östergötland","id":139},"type":"chat"},{"medal":54,"time":"2024-06-04T19:52:13+0000","type":"medal","user":{"country":"se","medals":[10,6,42,12,151,54],"zones":[23808,155651,23809,31877,155652,138954,22088,80393,80392,14794,33802,14795,33803,33804,30796,31885,31886,8914,8532,206869,114966,224031,152359,603695,18214,47852,94190,176823,47861,62389,47862,11255,603697,183930,47865,21882,47866,220856,21884,21886],"pointsPerHour":0,"points":15013,"blocktime":14,"taken":317,"name":"Åttioåringen","totalPoints":64344,"rank":16,"id":53086,"place":4836,"uniqueZonesTaken":119,"region":{"name":"Uppsala","id":142}}}]