[{"sender":{"country":"se","medals":[79,77,16,67,72,27,58,117,7,17,116,24,4,70,83,124,50,132,24,24,21,24,24,106,75,154,73],"zones":[233191,354000,11849,96333,490441],"pointsPerHour":18,"points":7119,"blocktime":22,"taken":30023,"name":"vildapeln","totalPoints":4926093,"rank":49,"id":317420,"place":1225,"uniqueZonesTaken":3592,"region":{"name":"Västra Götaland","id":132}},"time":"2024-06-04T14:16:07+0000","message":"Kiwi_kz7 Väntar du oxå på tåget?","region":{"name":"Stockholm","id":141},"type":"chat"},{"medal":31,"time":"2024-06-04T14:12:31+0000","type":"medal","user":{"country":"se","medals":[92,71,51,31],"zones":[56977,114931,342,669933,64648,64649,602067,8092,477578,109500],"pointsPerHour":0,"points":1481,"blocktime":11,"taken":25,"name":"Fjomp","totalPoints":5495,"rank":6,"id":386011,"place":5003,"uniqueZonesTaken":18,"region":{"name":"Jämtland","id":128}}},{"medal":51,"time":"2024-06-04T14:12:31+0000","type":"medal","user":{"country":"se","medals":[92,71,51,31],"zones":[56977,114931,342,669933,64648,64649,602067,8092,477578,109500],"pointsPerHour":0,"points":1481,"blocktime":11,"taken":25,"name":"Fjomp","totalPoints":5495,"rank":6,"id":386011,"place":5003,"uniqueZonesTaken":18,"region":{"name":"Jämtland","id":128}}},{"medal":31,"time":"2024-06-04T14:04:36+0000","type":"medal","user":{"country":"se","medals":[31],"zones":[22195],"pointsPerHour":0,"points":646,"blocktime":11,"taken":25,"name":"PrinsessanY","totalPoints":3857,"rank":6,"id":422864,"place":4996,"uniqueZonesTaken":4,"region":{"name":"Stockholm","id":141}}}]