[{"medal":100,"time":"2024-06-03T18:17:19+0000","type":"medal","user":{"country":"se","medals":[80,85,94,100],"zones":[],"pointsPerHour":0,"points":470,"blocktime":11,"taken":16,"name":"Fjellen","totalPoints":4002,"rank":6,"id":423843,"place":4614,"uniqueZonesTaken":9,"region":{"name":"Södermanland","id":140}}},{"medal":32,"time":"2024-06-03T18:15:58+0000","type":"medal","user":{"country":"se","medals":[51,94,10,101,46,11,32],"zones":[456707,125751,203819],"pointsPerHour":0,"points":8519,"blocktime":12,"taken":100,"name":"Pandan12","totalPoints":14148,"rank":9,"id":426758,"place":4612,"uniqueZonesTaken":51,"region":{"name":"Kalmar","id":137}}},{"country":"se","sender":{"country":"se","medals":[70,67,57,68,5,16,68,68,68,79,68,68,77,75,22,24,72,4,24,68,30,24,124,126,24,119,98,24,109,50,24,132,155,24,91],"zones":[47656,47720,10923,31342,31792,31472,31793,31795,13624,7769,24188,24189],"pointsPerHour":73,"points":6407,"blocktime":24,"taken":130128,"name":"Aldo","totalPoints":19670770,"rank":58,"id":120009,"place":1009,"uniqueZonesTaken":2648,"region":{"name":"Västmanland","id":143}},"time":"2024-06-03T18:15:42+0000","message":"klavertramp: är det hundturf?","type":"chat"},{"medal":11,"time":"2024-06-03T18:12:11+0000","type":"medal","user":{"country":"se","medals":[93,51,100,70,86,11],"zones":[656426,19682,26307,19684,26309,26310,19686,26311,153964,133261,78623,178397],"pointsPerHour":0,"points":2513,"blocktime":12,"taken":61,"name":"PINGU511","totalPoints":8390,"rank":8,"id":368997,"place":4609,"uniqueZonesTaken":50,"region":{"name":"Västernorrland","id":145}}}]