[{"medal":84,"time":"2024-06-03T12:27:48+0000","type":"medal","user":{"country":"se","medals":[84],"zones":[558674,80812,5326],"pointsPerHour":0,"points":851,"blocktime":10,"taken":5,"name":"hejhopgummi","totalPoints":851,"rank":3,"id":427238,"place":4369,"uniqueZonesTaken":5,"region":{"name":"Västra Götaland","id":132}}},{"medal":93,"time":"2024-06-03T12:24:57+0000","type":"medal","user":{"country":"se","medals":[84,93],"zones":[],"pointsPerHour":0,"points":447,"blocktime":10,"taken":6,"name":"jenniferlinnea","totalPoints":559,"rank":2,"id":427070,"place":4366,"uniqueZonesTaken":6,"region":{"name":"Västra Götaland","id":132}}},{"sender":{"country":"se","medals":[16,98,5,28,70,127,15,24,24,123,79,81,104,67,156,27,48,77,40,66,4],"zones":[601595,143014,20615,90168,985,140152,318878,116877,655908],"pointsPerHour":35,"points":2008,"blocktime":22,"taken":22575,"name":"KingenMalmö","totalPoints":5130945,"rank":50,"id":318345,"place":1865,"uniqueZonesTaken":2204,"region":{"name":"Skåne","id":135}},"time":"2024-06-03T12:24:43+0000","message":"LordNorth: There are 2 double Espressos waiting :-)","type":"chat"},{"country":"se","sender":{"country":"se","medals":[],"zones":[],"pointsPerHour":0,"points":0,"blocktime":10,"taken":0,"name":"lönnsirap","totalPoints":0,"rank":0,"id":420162,"place":4365,"uniqueZonesTaken":0},"time":"2024-06-03T12:23:53+0000","message":"Grattis till guldet 💪🏼💪🏼💪🏼💪🏼🥇","type":"chat"},{"medal":80,"time":"2024-06-03T12:22:54+0000","type":"medal","user":{"country":"se","medals":[93,84,80],"zones":[554328,5328,23859,80812,5327],"pointsPerHour":0,"points":1391,"blocktime":11,"taken":8,"name":"oskarlindeblom","totalPoints":1391,"rank":4,"id":427233,"place":4365,"uniqueZonesTaken":8,"region":{"name":"Västra Götaland","id":132}}}]