[{"medal":31,"time":"2024-06-04T06:17:28+0000","type":"medal","user":{"country":"se","medals":[80,31],"zones":[19640,23208,516462,23209],"pointsPerHour":0,"points":940,"blocktime":11,"taken":25,"name":"AjaxTotal","totalPoints":7674,"rank":7,"id":320611,"place":4713,"uniqueZonesTaken":11,"region":{"name":"Gävleborg","id":144}}},{"medal":33,"time":"2024-06-04T06:09:20+0000","type":"medal","user":{"country":"no","medals":[28,46,16,12,57,151,33],"zones":[673612],"pointsPerHour":0,"points":235,"blocktime":16,"taken":500,"name":"Beric","totalPoints":179303,"rank":24,"id":238922,"place":4711,"uniqueZonesTaken":243,"region":{"name":"Østlandet","id":179}}}]