[{"medal":103,"time":"2024-06-03T20:27:34+0000","type":"medal","user":{"country":"fi","medals":[93,11,46,28,55,42,103],"zones":[206133],"pointsPerHour":0,"points":960,"blocktime":14,"taken":387,"name":"ScooterManiac","totalPoints":79967,"rank":18,"id":401030,"place":4659,"uniqueZonesTaken":91,"region":{"name":"Lounais-Suomi","id":184}}},{"sender":{"country":"se","medals":[4,47,55,16,5,67,21,27,7,79,77,126,95,128,117,15,122,41,155,72,104],"zones":[223201,494081,658829,21899,200113,670270,601628,547998,603326,569681,43898,488957,637174],"pointsPerHour":60,"points":2806,"blocktime":22,"taken":29775,"name":"raz","totalPoints":5533742,"rank":50,"id":2949,"place":1864,"uniqueZonesTaken":1213,"region":{"name":"Stockholm","id":141}},"time":"2024-06-03T20:24:22+0000","message":"Nu är jag i rätt chat! Hej Stockholm!","region":{"name":"Stockholm","id":141},"type":"chat"}]