[{"medal":120,"time":"2024-06-03T08:44:50+0000","type":"medal","user":{"country":"uk","medals":[16,67,4,70,24,24,48,79,24,17,77,28,57,83,24,24,17,116,21,117,24,17,91,24,24,126,26,124,24,24,128,17,24,89,24,17,108,24,24,24,155,24,120],"zones":[486055,318885,318241,651887,318152,14999,15000,15001,651888,15002,318239,14972],"pointsPerHour":0,"points":6750,"blocktime":24,"taken":58780,"name":"AnnSch","totalPoints":11667792,"rank":56,"id":77198,"place":4137,"uniqueZonesTaken":7500,"region":{"name":"Scotland","id":200}}},{"medal":84,"time":"2024-06-03T08:44:18+0000","type":"medal","user":{"country":"se","medals":[80,84],"zones":[193488,193489,154052,65161,80814],"pointsPerHour":0,"points":1160,"blocktime":10,"taken":5,"name":"simpara","totalPoints":1160,"rank":3,"id":427160,"place":4137,"uniqueZonesTaken":5,"region":{"name":"Västra Götaland","id":132}}},{"medal":80,"time":"2024-06-03T08:44:18+0000","type":"medal","user":{"country":"se","medals":[80,84],"zones":[193488,193489,154052,65161,80814],"pointsPerHour":0,"points":1160,"blocktime":10,"taken":5,"name":"simpara","totalPoints":1160,"rank":3,"id":427160,"place":4137,"uniqueZonesTaken":5,"region":{"name":"Västra Götaland","id":132}}},{"country":"se","sender":{"country":"se","medals":[],"zones":[],"pointsPerHour":0,"points":0,"blocktime":10,"taken":0,"name":"mötleycrüe","totalPoints":0,"rank":0,"id":427162,"place":4137,"uniqueZonesTaken":0},"time":"2024-06-03T08:43:28+0000","message":"Jag gillar apor","type":"chat"},{"medal":93,"time":"2024-06-03T08:42:09+0000","type":"medal","user":{"country":"se","medals":[93],"zones":[],"pointsPerHour":0,"points":220,"blocktime":10,"taken":1,"name":"eber_östergren","totalPoints":220,"rank":1,"id":427159,"place":4137,"uniqueZonesTaken":1,"region":{"name":"Västra Götaland","id":132}}},{"medal":93,"time":"2024-06-03T08:39:36+0000","type":"medal","user":{"country":"se","medals":[93],"zones":[5326],"pointsPerHour":0,"points":455,"blocktime":10,"taken":2,"name":"chivaz","totalPoints":455,"rank":2,"id":427150,"place":4132,"uniqueZonesTaken":2,"region":{"name":"Västra Götaland","id":132}}}]