[{"sender":{"country":"se","medals":[77,5,70,16,79,17,116,15,67,28,117,47,126,123,55,24,4,66,21,110,17,132,24,87,152],"zones":[95760,36858,973,31501,26606,20574],"pointsPerHour":34,"points":10585,"blocktime":22,"taken":38613,"name":"bettyblue","totalPoints":5137050,"rank":50,"id":100419,"place":1755,"uniqueZonesTaken":2184,"region":{"name":"Östergötland","id":139}},"time":"2024-02-13T15:59:34+0000","message":"Jag läste det lite sent!","region":{"name":"Östergötland","id":139},"type":"chat"}]