[{"medal":86,"time":"2024-06-18T08:08:51+0000","type":"medal","user":{"country":"se","medals":[92,51,93,151,86],"zones":[96961,28944,517845,1395,107446,107451,139292,105310],"pointsPerHour":0,"points":11291,"blocktime":12,"taken":50,"name":"Xiyche","totalPoints":11291,"rank":8,"id":427416,"place":6804,"uniqueZonesTaken":23,"region":{"name":"Västra Götaland","id":132}}},{"sender":{"country":"se","medals":[22,67,4,5,47,10,16,24,24,9,24,24,79,77,26,91,30,24,17,116,45,57,126,123,108,131,74,153,89],"zones":[63744,136162,32113,20850,7766,3032,26107,34269,21358,32111],"pointsPerHour":62,"points":30955,"blocktime":23,"taken":50495,"name":"Pharmis","totalPoints":7497240,"rank":53,"id":57013,"place":1471,"uniqueZonesTaken":5386,"region":{"name":"Västmanland","id":143}},"time":"2024-06-18T08:08:07+0000","message":"ManUtd50: Tack👍😊","region":{"name":"Västmanland","id":143},"type":"chat"},{"sender":{"country":"se","medals":[67,70,16,24,9,48,72,24,79,24,77,66,26,24,17,116,83,117,27,24,50,24,17,4,24,111,24,124,126,17,119,17,132,24,17,155,21,58],"zones":[20608,7457,705,542923,5572,475522,43591,14602,5579,21357,494089,23662,31982,31956,31444,480050,8309,7767,8313,359096,31453,658869],"pointsPerHour":169,"points":67229,"blocktime":24,"taken":130605,"name":"ManUtd50","totalPoints":16764780,"rank":58,"id":92949,"place":623,"uniqueZonesTaken":4354,"region":{"name":"Västmanland","id":143}},"time":"2024-06-18T08:07:40+0000","message":"Pharmis: Det är ingen fara. Det är långt mellan \"mina\" zoner. så kör på bara.","region":{"name":"Västmanland","id":143},"type":"chat"},{"medal":92,"time":"2024-06-18T08:06:52+0000","type":"medal","user":{"country":"se","medals":[93,100,80,31,92],"zones":[34649,34650,34652,22351],"pointsPerHour":0,"points":3894,"blocktime":11,"taken":31,"name":"Simon492","totalPoints":4964,"rank":6,"id":423348,"place":6803,"uniqueZonesTaken":15,"region":{"name":"Kalmar","id":137}}},{"sender":{"country":"se","medals":[22,67,4,5,47,10,16,24,24,9,24,24,79,77,26,91,30,24,17,116,45,57,126,123,108,131,74,153,89],"zones":[63744,136162,32113,20850,7766,3032,26107,34269,21358,32111],"pointsPerHour":62,"points":30952,"blocktime":23,"taken":50495,"name":"Pharmis","totalPoints":7497237,"rank":53,"id":57013,"place":1471,"uniqueZonesTaken":5386,"region":{"name":"Västmanland","id":143}},"time":"2024-06-18T08:05:46+0000","message":"ManUtd50: okej då håller vi koll att jag inte blockar!👍","region":{"name":"Västmanland","id":143},"type":"chat"},{"sender":{"country":"se","medals":[67,70,16,24,9,48,72,24,79,24,77,66,26,24,17,116,83,117,27,24,50,24,17,4,24,111,24,124,126,17,119,17,132,24,17,155,21,58],"zones":[20608,7457,705,542923,5572,475522,43591,14602,5579,21357,494089,23662,31982,31956,480050,8309,7767,8313,359096,31453,658869],"pointsPerHour":162,"points":67124,"blocktime":24,"taken":130604,"name":"ManUtd50","totalPoints":16764675,"rank":58,"id":92949,"place":623,"uniqueZonesTaken":4354,"region":{"name":"Västmanland","id":143}},"time":"2024-06-18T08:04:01+0000","message":"Pharmis: upp förbi flygplatsen, badelundaåsen osv.","region":{"name":"Västmanland","id":143},"type":"chat"}]