[{"medal":127,"time":"2024-04-16T08:21:19+0000","type":"medal","user":{"country":"se","medals":[55,78,90,16,6,34,13,46,155,127],"zones":[94851,23942,44840,91691,1484,33806,33807,33810,33811,28884,43797,33813,33814,11833,11834,11838],"pointsPerHour":0,"points":14719,"blocktime":1125,"taken":1806,"name":"NydalaElin","totalPoints":728912,"rank":35,"id":384827,"place":6195,"uniqueZonesTaken":283,"region":{"name":"Jönköping","id":133}}},{"medal":84,"time":"2024-04-16T08:12:19+0000","type":"medal","user":{"country":"se","medals":[84],"zones":[898],"pointsPerHour":0,"points":125,"blocktime":645,"taken":5,"name":"klaraca","totalPoints":798,"rank":3,"id":389900,"place":6193,"uniqueZonesTaken":5,"region":{"name":"Halland","id":134}}}]