[{"medal":84,"time":"2024-04-16T16:24:38+0000","type":"medal","user":{"country":"se","medals":[93,84],"zones":[92818],"pointsPerHour":0,"points":761,"blocktime":645,"taken":5,"name":"Valle13","totalPoints":761,"rank":3,"id":419673,"place":6288,"uniqueZonesTaken":3,"region":{"name":"Örebro","id":131}}},{"medal":151,"time":"2024-04-16T16:21:18+0000","type":"medal","user":{"country":"se","medals":[70,4,77,79,72,83,27,67,48,22,58,95,16,14,66,122,126,104,41,151],"zones":[1600,204549,8457,23532,176527],"pointsPerHour":0,"points":10000,"blocktime":1350,"taken":25859,"name":"Wiking300","totalPoints":5638089,"rank":50,"id":120001,"place":6287,"uniqueZonesTaken":868,"region":{"name":"Norrbotten","id":126}}}]