[{"sender":{"country":"se","medals":[16,27,57,44,68,67,15,4,70,79,77,83,72,48,91,94,68,126,103,89,128,122,155],"zones":[68228,12006,21095,11209,7371,516457,146477,9329,204145,138868,1527,42968,42969,14207],"pointsPerHour":63,"points":17209,"blocktime":24,"taken":73654,"name":"TheMachine","totalPoints":13191378,"rank":57,"id":26662,"place":228,"uniqueZonesTaken":1766,"region":{"name":"Södermanland","id":140}},"time":"2024-04-08T17:07:51+0000","message":"K.Rune: Inatt e hela staden vår\nbara för en kväll, bara för en kväll 😀😃😀😃😅🤣","region":{"name":"Södermanland","id":140},"type":"chat"},{"medal":52,"time":"2024-04-08T17:04:43+0000","type":"medal","user":{"country":"se","medals":[92,86,52],"zones":[26880,26881,26882,92098,382150,361190,155012,538145,538146,652163,134639,98380,296118,114514,50164,601725,114516,222175,26878,17855],"pointsPerHour":0,"points":6269,"blocktime":12,"taken":60,"name":"Black&White","totalPoints":12887,"rank":9,"id":419270,"place":4543,"uniqueZonesTaken":32,"region":{"name":"Kronoberg","id":147}}}]