[{"sender":{"country":"se","medals":[16,44,17,27,4,24,67,70,17,30,24,58,68,72,26,21,48,24,77,79,91,24,83,24,25,117,24,17,115,45,24,89,107,126,124,127,121,24,154],"zones":[23650,23652,23654,569679,44601,47609,637140],"pointsPerHour":18,"points":3003,"blocktime":24,"taken":70343,"name":"LBz","totalPoints":11167606,"rank":56,"id":53734,"place":1115,"uniqueZonesTaken":11228,"region":{"name":"Stockholm","id":141}},"time":"2024-04-08T05:22:58+0000","message":"tider: grattis och imponerande kört! nästa steg är väl att testa event.  🏆💪🚲","region":{"name":"Stockholm","id":141},"type":"chat"},{"sender":{"country":"se","medals":[27,16,57,70,68,68,47,68,67,68,72,79,77,98,22,7,122,83,68,126,4,107,14,87,130,151],"zones":[407629],"pointsPerHour":5,"points":301,"blocktime":23,"taken":39311,"name":"Pappamogge","totalPoints":7602051,"rank":53,"id":93779,"place":2726,"uniqueZonesTaken":521,"region":{"name":"Jämtland","id":128}},"time":"2024-04-08T05:10:18+0000","message":"TwistedThistle: Grattis till ännu en regionsseger.","region":{"name":"Jämtland","id":128},"type":"chat"}]