[{"sender":{"country":"se","medals":[16,24,21,67,70,17,3,68,79,20,83,75,4,17,116,27,72,24,82,1,69,68,68,68,68,24,17,1,69,68,24,24,77,68,91,68,24,24,24,126,17,68,24,68,68,17,119,24,24,129,24,121,124,24,1,69,68,17,24,24,24,24,68,109,160,24,68,24,117,24],"zones":[43512,204618,43513,43514,411259,354827],"pointsPerHour":11,"points":15851,"blocktime":24,"taken":126562,"name":"Kygni","totalPoints":22614026,"rank":58,"id":105263,"place":222,"uniqueZonesTaken":11256,"region":{"name":"Norrbotten","id":126}},"time":"2024-04-08T14:08:29+0000","message":"PiteKingen: jag har fixat 10% rabatt på scandic med koden luleturf2424","region":{"name":"Norrbotten","id":126},"type":"chat"},{"sender":{"country":"se","medals":[16,24,21,67,70,17,3,68,79,20,83,75,4,17,116,27,72,24,82,1,69,68,68,68,68,24,17,1,69,68,24,24,77,68,91,68,24,24,24,126,17,68,24,68,68,17,119,24,24,129,24,121,124,24,1,69,68,17,24,24,24,24,68,109,160,24,68,24,117,24],"zones":[43512,204618,43513,43514,411259,354827],"pointsPerHour":11,"points":15851,"blocktime":24,"taken":126562,"name":"Kygni","totalPoints":22614026,"rank":58,"id":105263,"place":222,"uniqueZonesTaken":11256,"region":{"name":"Norrbotten","id":126}},"time":"2024-04-08T14:07:53+0000","message":"PiteKingen: man får välja","region":{"name":"Norrbotten","id":126},"type":"chat"},{"medal":85,"time":"2024-04-08T14:07:20+0000","type":"medal","user":{"country":"se","medals":[93,80,85],"zones":[54290],"pointsPerHour":0,"points":1534,"blocktime":11,"taken":10,"name":"Danteman87","totalPoints":1534,"rank":4,"id":419471,"place":4362,"uniqueZonesTaken":9,"region":{"name":"Kalmar","id":137}}},{"country":"se","sender":{"country":"se","medals":[16,28,94,34,47,57,6,103,14],"zones":[1408,316676,15522,17890,15524,27845,488096,224717,1136,59314,95541,95540,95543,95542,34552,374460,95544,33756,114941,223838,25021,515929,27839],"pointsPerHour":77,"points":7008,"blocktime":17,"taken":2009,"name":"Qosti","totalPoints":395409,"rank":31,"id":336084,"place":721,"uniqueZonesTaken":545,"region":{"name":"Skåne","id":135}},"time":"2024-04-08T13:57:01+0000","message":"Vad menas med single Round?","type":"chat"}]