[{"sender":{"country":"se","medals":[5,16,27,58,43,67,64,22,62,17,24,4,8,70,68,17,24,48,24,24,17,26,50,24,72,24,77,91,24,17,113,24,79,17,116,24,117,119,17,24,24,24,126,24,17,24,17,132,110,24,17,24,123,49,156,24],"zones":[428367,38169,21039],"pointsPerHour":22,"points":786,"blocktime":24,"taken":204117,"name":"LeiLar","totalPoints":25538453,"rank":59,"id":34920,"place":3399,"uniqueZonesTaken":4433,"region":{"name":"Västerbotten","id":127}},"time":"2024-04-09T12:05:10+0000","message":"AnnSch: 👍","region":{"name":"Västerbotten","id":127},"type":"chat"},{"medal":71,"time":"2024-04-09T12:03:37+0000","type":"medal","user":{"country":"se","medals":[52,151,11,32,71],"zones":[1024,44129,44130,43938,44131,44132,44133,64902,33737,204905,14283,15852,17420,24493,474057,7794,12051,23796,224820],"pointsPerHour":0,"points":4832,"blocktime":13,"taken":127,"name":"Resma","totalPoints":22552,"rank":12,"id":418918,"place":4813,"uniqueZonesTaken":58,"region":{"name":"Värmland","id":130}}},{"sender":{"country":"se","medals":[16,67,4,70,5,24,9,56,48,22,26,72,24,77,79,24,91,49,30,126,108,122,24,132,17,115,50,40,45,152],"zones":[8025],"pointsPerHour":1,"points":1479,"blocktime":21,"taken":20992,"name":"Tirbna","totalPoints":3813806,"rank":47,"id":107223,"place":2845,"uniqueZonesTaken":2699,"region":{"name":"Norrbotten","id":126}},"time":"2024-04-09T12:01:18+0000","message":"Karl_71: Grattis till *R*👏👍","region":{"name":"Norrbotten","id":126},"type":"chat"},{"medal":31,"time":"2024-04-09T11:56:14+0000","type":"medal","user":{"country":"fi","medals":[92,52,31],"zones":[63937,317888,132811,565892,153871,63506,63767,11032,359839,133859,62050,133856,62051,62052,135846,62053,135847,61479,91881,205674,91882,95024,95029,61628],"pointsPerHour":0,"points":4872,"blocktime":11,"taken":25,"name":"KukkuuSnorrkis","totalPoints":4872,"rank":6,"id":419574,"place":4811,"uniqueZonesTaken":25,"region":{"name":"Lounais-Suomi","id":184}}}]