[{"medal":40,"time":"2024-05-20T14:12:20+0000","type":"medal","user":{"country":"fi","medals":[95,126,28,55,13,5,16,128,79,47,105,7,155,40],"zones":[406370,80485,590445,324451,590446,33608,328524,480110,120075,33610,358543,404908,324456,119469,425451,65967,328522,65966,620262,152979,343092,152980,512336],"pointsPerHour":0,"points":73922,"blocktime":1290,"taken":20000,"name":"Klimke","totalPoints":3430373,"rank":46,"id":147275,"place":7990,"uniqueZonesTaken":489,"region":{"name":"Åland","id":177}}},{"medal":86,"time":"2024-05-20T14:12:14+0000","type":"medal","user":{"country":"se","medals":[92,90,52,86],"zones":[51303,51305],"pointsPerHour":0,"points":5861,"blocktime":720,"taken":50,"name":"Syskonen","totalPoints":9303,"rank":8,"id":420434,"place":7990,"uniqueZonesTaken":23,"region":{"name":"Södermanland","id":140}}},{"sender":{"country":"se","medals":[16,10,55,70,5,64,47,6,13,4,98,79,132,77,105,73,151],"zones":[1735],"pointsPerHour":8,"points":11922,"blocktime":1320,"taken":30397,"name":"nokiakarin","totalPoints":4435334,"rank":48,"id":86233,"place":2721,"uniqueZonesTaken":413,"region":{"name":"Västerbotten","id":127}},"time":"2024-05-20T14:10:35+0000","message":"Disab; sorry, såg dig inte då jag slog igång","region":{"name":"Västerbotten","id":127},"type":"chat"},{"medal":80,"time":"2024-05-20T14:10:18+0000","type":"medal","user":{"country":"se","medals":[80,84],"zones":[95760,565,36855,88,78],"pointsPerHour":0,"points":451,"blocktime":630,"taken":5,"name":"Guladn","totalPoints":451,"rank":2,"id":425282,"place":7990,"uniqueZonesTaken":5,"region":{"name":"Östergötland","id":139}}},{"medal":84,"time":"2024-05-20T14:10:18+0000","type":"medal","user":{"country":"se","medals":[80,84],"zones":[95760,565,36855,88,78],"pointsPerHour":0,"points":451,"blocktime":630,"taken":5,"name":"Guladn","totalPoints":451,"rank":2,"id":425282,"place":7990,"uniqueZonesTaken":5,"region":{"name":"Östergötland","id":139}}},{"medal":151,"time":"2024-05-20T14:08:47+0000","type":"medal","user":{"country":"uk","medals":[77,72,5,67,70,55,16,79,34,47,14,6,106,24,114,151],"zones":[487746,321043,460702,321050,649638],"pointsPerHour":0,"points":10099,"blocktime":1080,"taken":2227,"name":"SeaTurtle","totalPoints":444670,"rank":32,"id":315661,"place":7989,"uniqueZonesTaken":812,"region":{"name":"Scotland","id":200}}},{"medal":80,"time":"2024-05-20T14:04:51+0000","type":"medal","user":{"country":"se","medals":[80,84],"zones":[29521,668945,24268,481867,563685],"pointsPerHour":0,"points":690,"blocktime":630,"taken":5,"name":"Dururu","totalPoints":690,"rank":2,"id":425551,"place":7989,"uniqueZonesTaken":5,"region":{"name":"Stockholm","id":141}}},{"medal":84,"time":"2024-05-20T14:04:51+0000","type":"medal","user":{"country":"se","medals":[80,84],"zones":[29521,668945,24268,481867,563685],"pointsPerHour":0,"points":690,"blocktime":630,"taken":5,"name":"Dururu","totalPoints":690,"rank":2,"id":425551,"place":7989,"uniqueZonesTaken":5,"region":{"name":"Stockholm","id":141}}}]