[{"medal":85,"time":"2024-05-20T06:41:14+0000","type":"medal","user":{"country":"se","medals":[80,93,85],"zones":[117732,430719,12426,12427],"pointsPerHour":0,"points":1272,"blocktime":660,"taken":10,"name":"Edward123boi","totalPoints":1272,"rank":4,"id":424799,"place":7819,"uniqueZonesTaken":8,"region":{"name":"Stockholm","id":141}}},{"medal":84,"time":"2024-05-20T06:32:44+0000","type":"medal","user":{"country":"se","medals":[93,84],"zones":[117744],"pointsPerHour":0,"points":643,"blocktime":630,"taken":5,"name":"matalma","totalPoints":643,"rank":2,"id":424804,"place":7811,"uniqueZonesTaken":4,"region":{"name":"Stockholm","id":141}}}]