[{"medal":42,"time":"2024-05-20T09:00:51+0000","type":"medal","user":{"country":"se","medals":[93,11,101,53,152,42],"zones":[184546,220706,566090,154464,79523,11843,154465,26118,246729,117101,154158,154156,96142,7281,19666,64850,601566,333950,220703,138239],"pointsPerHour":0,"points":39340,"blocktime":840,"taken":250,"name":"manolito49","totalPoints":56649,"rank":16,"id":421492,"place":7888,"uniqueZonesTaken":93,"region":{"name":"Dalarna","id":129}}},{"medal":151,"time":"2024-05-20T08:51:20+0000","type":"medal","user":{"country":"se","medals":[93,80,100,86,92,151],"zones":[2955,32668],"pointsPerHour":0,"points":10019,"blocktime":720,"taken":72,"name":"Eemmeelliiee","totalPoints":10019,"rank":8,"id":423866,"place":7882,"uniqueZonesTaken":22,"region":{"name":"Jämtland","id":128}}}]