[{"sender":{"country":"uk","medals":[70,83,67,72,16,79,127,27,75,124,2,99,77,109,148,21,24,2,69,68,74,7,88,160,1,69,68],"zones":[364445],"pointsPerHour":1,"points":1294,"blocktime":1440,"taken":42571,"name":"pPilot","totalPoints":11568451,"rank":56,"id":310626,"place":5356,"uniqueZonesTaken":6387,"region":{"name":"Scotland","id":200}},"time":"2024-05-21T18:03:33+0000","message":"lower bound on TP","type":"chat"},{"sender":{"country":"uk","medals":[70,83,67,72,16,79,127,27,75,124,2,99,77,109,148,21,24,2,69,68,74,7,88,160,1,69,68],"zones":[364445],"pointsPerHour":1,"points":1294,"blocktime":1440,"taken":42571,"name":"pPilot","totalPoints":11568451,"rank":56,"id":310626,"place":5356,"uniqueZonesTaken":6387,"region":{"name":"Scotland","id":200}},"time":"2024-05-21T18:03:11+0000","message":"lower bound on to at 65 is irrational, and limiting chance for huge overnight pph","type":"chat"},{"sender":{"country":"uk","medals":[70,83,67,72,16,79,127,27,75,124,2,99,77,109,148,21,24,2,69,68,74,7,88,160,1,69,68],"zones":[364445],"pointsPerHour":1,"points":1294,"blocktime":1440,"taken":42571,"name":"pPilot","totalPoints":11568451,"rank":56,"id":310626,"place":5356,"uniqueZonesTaken":6387,"region":{"name":"Scotland","id":200}},"time":"2024-05-21T18:01:52+0000","message":"zones to persuade people to try new stuff","type":"chat"},{"sender":{"country":"uk","medals":[70,83,67,72,16,79,127,27,75,124,2,99,77,109,148,21,24,2,69,68,74,7,88,160,1,69,68],"zones":[364445],"pointsPerHour":1,"points":1294,"blocktime":1440,"taken":42571,"name":"pPilot","totalPoints":11568451,"rank":56,"id":310626,"place":5356,"uniqueZonesTaken":6387,"region":{"name":"Scotland","id":200}},"time":"2024-05-21T18:01:29+0000","message":"MrJokerit: you might equally say that the price signals aren't working in dense turfing areas. fairy should make negative tp/ very high pph","type":"chat"}]