[{"sender":{"country":"se","medals":[67,16,27,68,72,68,79,83,59,75,24,3,68,61,18,116,24,24,17,50,4,66,24,24,108,126,21,89,124,17,24,17,24,70,17,151],"zones":[23584,21956,23476,80391,29158,23582],"pointsPerHour":14,"points":21788,"blocktime":23,"taken":57321,"name":"MiniHolger","totalPoints":9559117,"rank":55,"id":56349,"place":1185,"uniqueZonesTaken":4118,"region":{"name":"Örebro","id":131}},"time":"2024-03-12T15:27:05+0000","message":"spiken:assist?","region":{"name":"Örebro","id":131},"type":"chat"}]