[{"medal":85,"time":"2024-03-12T18:56:57+0000","type":"medal","user":{"country":"se","medals":[80,85],"zones":[660,602289,203743,3390,25919],"pointsPerHour":0,"points":1947,"blocktime":11,"taken":10,"name":"Ostbolle","totalPoints":1947,"rank":5,"id":418315,"place":5617,"uniqueZonesTaken":9,"region":{"name":"Halland","id":134}}},{"medal":80,"time":"2024-03-12T18:56:57+0000","type":"medal","user":{"country":"se","medals":[80,85],"zones":[660,602289,203743,3390,25919],"pointsPerHour":0,"points":1947,"blocktime":11,"taken":10,"name":"Ostbolle","totalPoints":1947,"rank":5,"id":418315,"place":5617,"uniqueZonesTaken":9,"region":{"name":"Halland","id":134}}}]