[{"medal":80,"time":"2024-03-11T18:01:24+0000","type":"medal","user":{"country":"se","medals":[95,100,85,92,80],"zones":[14134,14136,14137,43243,38446],"pointsPerHour":0,"points":3159,"blocktime":11,"taken":17,"name":"minibarka","totalPoints":3159,"rank":5,"id":418326,"place":5515,"uniqueZonesTaken":16,"region":{"name":"Västra Götaland","id":132}}},{"medal":92,"time":"2024-03-11T17:47:26+0000","type":"medal","user":{"country":"se","medals":[95,100,85,92],"zones":[14134,14136,43243,38446],"pointsPerHour":0,"points":2973,"blocktime":11,"taken":16,"name":"minibarka","totalPoints":2973,"rank":5,"id":418326,"place":5514,"uniqueZonesTaken":15,"region":{"name":"Skåne","id":135}}}]