[{"medal":52,"time":"2024-03-12T12:55:36+0000","type":"medal","user":{"country":"se","medals":[92,86,151,52],"zones":[91424,3042,22627,43716,11684,22341,43717,30790,2568,49132,25966,25967,18771,18260,18262,185269,43704,62392,134143,512889],"pointsPerHour":0,"points":14782,"blocktime":12,"taken":80,"name":"Emheco","totalPoints":14782,"rank":9,"id":418181,"place":5581,"uniqueZonesTaken":28,"region":{"name":"Uppsala","id":142}}},{"medal":85,"time":"2024-03-12T12:55:00+0000","type":"medal","user":{"country":"se","medals":[100,95,85],"zones":[154083],"pointsPerHour":0,"points":540,"blocktime":11,"taken":15,"name":"Ville14738","totalPoints":2824,"rank":5,"id":415041,"place":5580,"uniqueZonesTaken":13,"region":{"name":"Skåne","id":135}}},{"medal":84,"time":"2024-03-12T12:52:57+0000","type":"medal","user":{"country":"se","medals":[84],"zones":[637512,428309,18068,175252],"pointsPerHour":0,"points":867,"blocktime":10,"taken":5,"name":"Wiljalovaebba","totalPoints":867,"rank":3,"id":418457,"place":5578,"uniqueZonesTaken":5,"region":{"name":"Kronoberg","id":147}}},{"medal":85,"time":"2024-03-12T12:52:44+0000","type":"medal","user":{"country":"se","medals":[80,85],"zones":[819,42404,18069,821,18070,24009,24010,18075,12478],"pointsPerHour":0,"points":1749,"blocktime":11,"taken":10,"name":"almaochminna","totalPoints":1749,"rank":4,"id":418451,"place":5578,"uniqueZonesTaken":9,"region":{"name":"Kronoberg","id":147}}},{"medal":85,"time":"2024-03-12T12:50:58+0000","type":"medal","user":{"country":"se","medals":[80,85],"zones":[114979,83178],"pointsPerHour":0,"points":355,"blocktime":11,"taken":10,"name":"LinuzJ","totalPoints":1790,"rank":4,"id":415045,"place":5577,"uniqueZonesTaken":8,"region":{"name":"Skåne","id":135}}},{"medal":95,"time":"2024-03-12T12:47:55+0000","type":"medal","user":{"country":"se","medals":[95],"zones":[],"pointsPerHour":0,"points":170,"blocktime":10,"taken":1,"name":"oliver21","totalPoints":170,"rank":0,"id":418237,"place":5575,"uniqueZonesTaken":1,"region":{"name":"Skåne","id":135}}}]