[{"medal":46,"time":"2024-05-06T08:38:35+0000","type":"medal","user":{"country":"se","medals":[93,6,12,128,34,52,101,10,78,154,16,46],"zones":[42305,47042,1923,1924,1925,49510,49511,80872,8458,605378,565443,115370,8460,6991,553979,20851,12339,20852,484530,505744,22743],"pointsPerHour":0,"points":8811,"blocktime":1035,"taken":1782,"name":"Expresso","totalPoints":284550,"rank":29,"id":413566,"place":4171,"uniqueZonesTaken":139,"region":{"name":"Norrbotten","id":126}}},{"medal":84,"time":"2024-05-06T08:30:24+0000","type":"medal","user":{"country":"se","medals":[84],"zones":[21744,2977,21743],"pointsPerHour":0,"points":629,"blocktime":630,"taken":5,"name":"adJättarna8b.","totalPoints":629,"rank":2,"id":422958,"place":4166,"uniqueZonesTaken":5,"region":{"name":"Jönköping","id":133}}}]