[{"medal":85,"time":"2024-05-07T13:45:13+0000","type":"medal","user":{"country":"se","medals":[80,85],"zones":[21137,21140,22775,563904,1339,69535,586471],"pointsPerHour":0,"points":1145,"blocktime":645,"taken":10,"name":"Ebba_S","totalPoints":1145,"rank":3,"id":423463,"place":5203,"uniqueZonesTaken":10,"region":{"name":"Östergötland","id":139}}},{"medal":31,"time":"2024-05-07T13:43:54+0000","type":"medal","user":{"country":"se","medals":[51,90,31,92],"zones":[29382,96134,29388,95757,29389,29390,29391,22162,22163,203760,22164,224406,7450,7451,7454],"pointsPerHour":0,"points":3028,"blocktime":675,"taken":25,"name":"AllenSon","totalPoints":3028,"rank":5,"id":422904,"place":5202,"uniqueZonesTaken":15,"region":{"name":"Östergötland","id":139}}},{"medal":92,"time":"2024-05-07T13:43:54+0000","type":"medal","user":{"country":"se","medals":[51,90,31,92],"zones":[29382,96134,29388,95757,29389,29390,29391,22162,22163,203760,22164,224406,7450,7451,7454],"pointsPerHour":0,"points":3028,"blocktime":675,"taken":25,"name":"AllenSon","totalPoints":3028,"rank":5,"id":422904,"place":5202,"uniqueZonesTaken":15,"region":{"name":"Östergötland","id":139}}},{"medal":42,"time":"2024-05-07T13:41:42+0000","type":"medal","user":{"country":"se","medals":[93,90,55,46,12,78,153,42],"zones":[349893,517317,519811,161478,286145,42886,97287,97288,42890,42891,25803,602306,25804,25805,42894,42895,42897,24276,25173,280,499292,373465,30878,154653,430694,93091,28201,28204,43181,228210,353713,78454,27643,564854],"pointsPerHour":0,"points":10382,"blocktime":840,"taken":250,"name":"YJ-7","totalPoints":62746,"rank":16,"id":421025,"place":5199,"uniqueZonesTaken":121,"region":{"name":"Stockholm","id":141}}},{"medal":100,"time":"2024-05-07T13:40:30+0000","type":"medal","user":{"country":"se","medals":[80,93,86,79,100],"zones":[],"pointsPerHour":0,"points":265,"blocktime":720,"taken":72,"name":"Fridolino","totalPoints":11036,"rank":8,"id":398946,"place":5199,"uniqueZonesTaken":13,"region":{"name":"Västmanland","id":143}}},{"medal":84,"time":"2024-05-07T13:38:59+0000","type":"medal","user":{"country":"se","medals":[84],"zones":[22321,929,22322,429693],"pointsPerHour":0,"points":554,"blocktime":630,"taken":5,"name":"Nohadra","totalPoints":554,"rank":2,"id":423471,"place":5199,"uniqueZonesTaken":5,"region":{"name":"Östergötland","id":139}}}]