[{"medal":90,"time":"2024-05-07T09:41:16+0000","type":"medal","user":{"country":"se","medals":[93,80,85,90],"zones":[22320,929,593,138512,4984,906,69535,22319],"pointsPerHour":0,"points":1129,"blocktime":645,"taken":12,"name":"Tituseklange","totalPoints":1129,"rank":3,"id":423256,"place":4992,"uniqueZonesTaken":12,"region":{"name":"Östergötland","id":139}}},{"medal":80,"time":"2024-05-07T09:39:58+0000","type":"medal","user":{"country":"se","medals":[93,84,80],"zones":[107747,22775,429693,80781,8158],"pointsPerHour":0,"points":605,"blocktime":630,"taken":6,"name":"fridalindberg","totalPoints":605,"rank":2,"id":423174,"place":4991,"uniqueZonesTaken":6,"region":{"name":"Östergötland","id":139}}},{"sender":{"country":"se","medals":[5,17,9,47,22,4,16,24,67,70,17,20,91,77,79,72,24,58,17,17,116,105,17,62,126,128,88,120,154],"zones":[22209,108966,28808,107913,6074,228014,117724,139036],"pointsPerHour":49,"points":4174,"blocktime":1410,"taken":46200,"name":"Shitty","totalPoints":8970748,"rank":54,"id":28046,"place":1523,"uniqueZonesTaken":7726,"region":{"name":"Stockholm","id":141}},"time":"2024-05-07T09:39:05+0000","message":"bussragnar: nämen tjena!","region":{"name":"Stockholm","id":141},"type":"chat"},{"sender":{"country":"se","medals":[],"zones":[],"pointsPerHour":0,"points":0,"blocktime":600,"taken":0,"name":"Viktor12345123","totalPoints":1,"rank":0,"id":389193,"place":4990,"uniqueZonesTaken":0},"time":"2024-05-07T09:38:33+0000","message":"Hey","type":"chat"},{"country":"se","sender":{"country":"se","medals":[],"zones":[],"pointsPerHour":0,"points":0,"blocktime":600,"taken":0,"name":"Viktor12345123","totalPoints":1,"rank":0,"id":389193,"place":4990,"uniqueZonesTaken":0},"time":"2024-05-07T09:38:26+0000","message":"HLlå","type":"chat"},{"country":"se","sender":{"country":"se","medals":[],"zones":[],"pointsPerHour":0,"points":0,"blocktime":600,"taken":0,"name":"Viktor12345123","totalPoints":1,"rank":0,"id":389193,"place":4990,"uniqueZonesTaken":0},"time":"2024-05-07T09:38:19+0000","message":"Tja","type":"chat"},{"country":"se","sender":{"country":"se","medals":[],"zones":[],"pointsPerHour":0,"points":0,"blocktime":600,"taken":0,"name":"Viktor12345123","totalPoints":1,"rank":0,"id":389193,"place":4990,"uniqueZonesTaken":0},"time":"2024-05-07T09:38:09+0000","message":"Tja","type":"chat"},{"medal":84,"time":"2024-05-07T09:37:28+0000","type":"medal","user":{"country":"se","medals":[93,84],"zones":[22775,429693,80781,8158],"pointsPerHour":0,"points":509,"blocktime":630,"taken":5,"name":"fridalindberg","totalPoints":509,"rank":2,"id":423174,"place":4990,"uniqueZonesTaken":5,"region":{"name":"Östergötland","id":139}}},{"medal":80,"time":"2024-05-07T09:35:59+0000","type":"medal","user":{"country":"se","medals":[80,84],"zones":[31329,44793,44794,61034,570727],"pointsPerHour":0,"points":659,"blocktime":630,"taken":5,"name":"Alice2011","totalPoints":659,"rank":2,"id":423313,"place":4989,"uniqueZonesTaken":5,"region":{"name":"Uppsala","id":142}}},{"medal":84,"time":"2024-05-07T09:35:59+0000","type":"medal","user":{"country":"se","medals":[80,84],"zones":[31329,44793,44794,61034,570727],"pointsPerHour":0,"points":659,"blocktime":630,"taken":5,"name":"Alice2011","totalPoints":659,"rank":2,"id":423313,"place":4989,"uniqueZonesTaken":5,"region":{"name":"Uppsala","id":142}}}]