[{"medal":100,"time":"2024-05-07T16:22:15+0000","type":"medal","user":{"country":"se","medals":[93,84,100],"zones":[204691,9417],"pointsPerHour":0,"points":969,"blocktime":645,"taken":9,"name":"Whine","totalPoints":969,"rank":3,"id":423154,"place":5274,"uniqueZonesTaken":8,"region":{"name":"Västerbotten","id":127}}},{"medal":32,"time":"2024-05-07T16:20:34+0000","type":"medal","user":{"country":"wd","medals":[51,7,11,32],"zones":[359332,46852,558748,565773,14550],"pointsPerHour":0,"points":1134,"blocktime":810,"taken":100,"name":"canucktx","totalPoints":41017,"rank":14,"id":118514,"place":5272,"uniqueZonesTaken":76,"region":{"name":"Spain","id":211}}}]