[{"sender":{"country":"se","medals":[67,5,22,16,28,47,79,56,4,14,103,127,66,94,87,155],"zones":[80192,24898,55688,490382,11850,22555,28380,233692,139106,45665,601323,28386,139105,22822,22824,552930,25004,25006,25010,93174,14650,14652,14142,80190],"pointsPerHour":78,"points":89730,"blocktime":1380,"taken":37484,"name":"Livorno","totalPoints":6897357,"rank":52,"id":165719,"place":480,"uniqueZonesTaken":728,"region":{"name":"Västra Götaland","id":132}},"time":"2024-02-27T18:52:34+0000","message":"NSG_turf: Kollat med Pilgrim? om Gruppen där. Han är Från orten?","region":{"name":"Västra Götaland","id":132},"type":"chat"},{"medal":93,"time":"2024-02-27T18:49:00+0000","type":"medal","user":{"country":"se","medals":[93],"zones":[],"pointsPerHour":0,"points":110,"blocktime":600,"taken":1,"name":"myndigheten","totalPoints":110,"rank":0,"id":417900,"place":6030,"uniqueZonesTaken":1,"region":{"name":"Södermanland","id":140}}},{"medal":84,"time":"2024-02-27T18:48:09+0000","type":"medal","user":{"country":"se","medals":[93,84],"zones":[651393,155327],"pointsPerHour":0,"points":908,"blocktime":645,"taken":5,"name":"Ylva-Liten","totalPoints":908,"rank":3,"id":417850,"place":6030,"uniqueZonesTaken":2,"region":{"name":"Kalmar","id":137}}},{"medal":93,"time":"2024-02-27T18:34:19+0000","type":"medal","user":{"country":"se","medals":[93],"zones":[],"pointsPerHour":0,"points":343,"blocktime":615,"taken":3,"name":"Brandmannen","totalPoints":343,"rank":1,"id":417901,"place":6029,"uniqueZonesTaken":1,"region":{"name":"Södermanland","id":140}}}]