[{"sender":{"country":"se","medals":[5,4,57,22,16,67,10,47,70,79,124,24,117,77,27,97,132,104,39,50,66,153],"zones":[7139,25350,36455,32025,138045],"pointsPerHour":22,"points":17394,"blocktime":1290,"taken":19797,"name":"Mimikryp","totalPoints":3126469,"rank":46,"id":31546,"place":2052,"uniqueZonesTaken":2858,"region":{"name":"Stockholm","id":141}},"time":"2024-03-19T07:52:53+0000","message":"molex: Sorry, men jag fattar inte. Zonen ost för gubben?","region":{"name":"Stockholm","id":141},"type":"chat"},{"medal":102,"time":"2024-03-19T07:51:29+0000","type":"medal","user":{"country":"se","medals":[51,93,79,11,42,102],"zones":[2026,2028],"pointsPerHour":0,"points":9336,"blocktime":840,"taken":398,"name":"zikh","totalPoints":64436,"rank":16,"id":184391,"place":6080,"uniqueZonesTaken":79,"region":{"name":"Södermanland","id":140}}},{"sender":{"country":"se","medals":[70,28,16,79,5,48,67,117,24,95,58,15,27,22,123,128,104,155,88],"zones":[37248,408199,27847,94797,37261,62031,1231,139099,76634,44191,57183,44192,27810,208736,27813,27814,236197,21416,96105,49207,117563,38266,94202,203583,176317],"pointsPerHour":100,"points":73308,"blocktime":1410,"taken":41163,"name":"molex","totalPoints":8121897,"rank":54,"id":240222,"place":461,"uniqueZonesTaken":1463,"region":{"name":"Stockholm","id":141}},"time":"2024-03-19T07:51:09+0000","message":"Mimikryp: ok klickade på zonen ost för gubben. Roger60 tydligen.. 🤣","region":{"name":"Stockholm","id":141},"type":"chat"},{"country":"gb","sender":{"country":"uk","medals":[93,78,55,90,103,6,13,33,153,16,127],"zones":[650888,565737,15426,565738,554507,565739,479459,15045,488290,656684,488224,541666,641700,15053,650887,19023,488296,653240,488304,653239,479449,653238],"pointsPerHour":25,"points":31119,"blocktime":1050,"taken":996,"name":"Annie9jobs","totalPoints":340367,"rank":30,"id":400155,"place":1337,"uniqueZonesTaken":394,"region":{"name":"North East England","id":199}},"time":"2024-03-19T07:49:48+0000","message":"féarglas: thanks , will cycle Redcar soon so can have a better look at it .","type":"chat"},{"sender":{"country":"se","medals":[78,97,16,46,55,127,28,6,4,153,103,13,35],"zones":[1569,8418,92293,114265,348765,165162],"pointsPerHour":23,"points":34157,"blocktime":1110,"taken":3177,"name":"KungKlint","totalPoints":596422,"rank":34,"id":382275,"place":1217,"uniqueZonesTaken":282,"region":{"name":"Stockholm","id":141}},"time":"2024-03-19T07:48:45+0000","message":"Spikbebis75: Ingen minns en fegis! Men alla minns en idiot 🤪","region":{"name":"Stockholm","id":141},"type":"chat"},{"sender":{"country":"se","medals":[5,4,57,22,16,67,10,47,70,79,124,24,117,77,27,97,132,104,39,50,66,153],"zones":[7139,25350,36455,32025,138045],"pointsPerHour":22,"points":17392,"blocktime":1290,"taken":19797,"name":"Mimikryp","totalPoints":3126467,"rank":46,"id":31546,"place":2052,"uniqueZonesTaken":2858,"region":{"name":"Stockholm","id":141}},"time":"2024-03-19T07:48:08+0000","message":"molex: Öh, va? Jag är på centralen nu.","region":{"name":"Stockholm","id":141},"type":"chat"}]