[{"medal":11,"time":"2024-01-22T15:42:34+0000","type":"medal","user":{"country":"se","medals":[93,90,100,86,151,52,11],"zones":[79011,76613,76615,76614,86408,25931,43055,412471,63858,24115,24116,1367,117946,203582,28797],"pointsPerHour":0,"points":18197,"blocktime":12,"taken":92,"name":"XXEBXX","totalPoints":18197,"rank":11,"id":416775,"place":5523,"uniqueZonesTaken":50,"region":{"name":"Halland","id":134}}},{"medal":84,"time":"2024-01-22T15:41:54+0000","type":"medal","user":{"country":"se","medals":[80,84],"zones":[185312,37941,474832,154936,113149],"pointsPerHour":0,"points":705,"blocktime":10,"taken":5,"name":"Goliat12","totalPoints":705,"rank":3,"id":416573,"place":5523,"uniqueZonesTaken":5,"region":{"name":"Stockholm","id":141}}},{"medal":80,"time":"2024-01-22T15:41:54+0000","type":"medal","user":{"country":"se","medals":[80,84],"zones":[185312,37941,474832,154936,113149],"pointsPerHour":0,"points":705,"blocktime":10,"taken":5,"name":"Goliat12","totalPoints":705,"rank":3,"id":416573,"place":5523,"uniqueZonesTaken":5,"region":{"name":"Stockholm","id":141}}},{"medal":80,"time":"2024-01-22T15:39:38+0000","type":"medal","user":{"country":"se","medals":[84,80],"zones":[1569,117895,90541,30846,409529],"pointsPerHour":0,"points":1636,"blocktime":11,"taken":7,"name":"KimMissEagle","totalPoints":1636,"rank":4,"id":416963,"place":5523,"uniqueZonesTaken":6,"region":{"name":"Stockholm","id":141}}},{"sender":{"country":"se","medals":[16,27,17,2,21,4,44,1,67,24,68,68,17,68,68,68,68,68,24,70,64,17,24,26,29,72,91,79,77,68,83,75,113,24,17,117,76,49,82,24,116,17,119,30,68,24,68,124,126,121,17,125,68,24,17,132,24,17,45,68,24,143,24,154,24],"zones":[7940,514283,55885,14542,496,152567,64664,512797,516124,601396,587861,587862,491832,587863],"pointsPerHour":33,"points":45045,"blocktime":24,"taken":154251,"name":"TriggerHappy","totalPoints":25602015,"rank":59,"id":30307,"place":573,"uniqueZonesTaken":19708,"region":{"name":"Uppsala","id":142}},"time":"2024-01-22T15:30:49+0000","message":"Munin: ta årstablomman","region":{"name":"Uppsala","id":142},"type":"chat"}]