[{"sender":{"country":"se","medals":[94,10,128,101,79,77,14,46,155,16,35,54],"zones":[57083,54765,80702],"pointsPerHour":10,"points":87845,"blocktime":1110,"taken":3313,"name":"kollisbörje","totalPoints":602212,"rank":34,"id":400807,"place":731,"uniqueZonesTaken":560,"region":{"name":"Stockholm","id":141}},"time":"2024-05-27T13:04:18+0000","message":"ilenpilen2: h n.  \n ,,     ivvc v\n v  vnn vvbvvb  cnnbv\n\n nknc\nn   ö   b .c      \n .b  n\n jv.","region":{"name":"Stockholm","id":141},"type":"chat"},{"medal":7,"time":"2024-05-27T13:03:52+0000","type":"medal","user":{"country":"se","medals":[127,94,47,28,122,4,57,16,155,79,14,38,103,7],"zones":[116689,653531,92068,115140,5926,45193,137928,137929,95804,601030],"pointsPerHour":0,"points":154887,"blocktime":1260,"taken":13006,"name":"ETYPE","totalPoints":2381736,"rank":44,"id":386032,"place":8700,"uniqueZonesTaken":631,"region":{"name":"Stockholm","id":141}}},{"medal":129,"time":"2024-05-27T13:02:59+0000","type":"medal","user":{"country":"fi","medals":[95,126,28,55,13,5,16,79,47,105,7,155,40,24,129],"zones":[406370,324451,33608,328524,480110,120075,328522,65966,368634],"pointsPerHour":0,"points":106324,"blocktime":1290,"taken":20199,"name":"Klimke","totalPoints":3462776,"rank":46,"id":147275,"place":8700,"uniqueZonesTaken":491,"region":{"name":"Åland","id":177}}},{"sender":{"country":"se","medals":[79,67,4,16,77,22,117,126,72,27,83,17,115,107,48,70,66,58,50,124,132,155,118],"zones":[31584,52289,62562,62563,407456,7468,487849,21423,25237,159413,94136,92250,472728],"pointsPerHour":52,"points":131834,"blocktime":1455,"taken":80537,"name":"farfartillfem","totalPoints":14506999,"rank":57,"id":174994,"place":397,"uniqueZonesTaken":2629,"region":{"name":"Örebro","id":131}},"time":"2024-05-27T12:58:23+0000","message":"Hatti: det räcker, unik är unik.","region":{"name":"Örebro","id":131},"type":"chat"}]