[{"medal":100,"time":"2024-01-16T05:15:53+0000","type":"medal","user":{"country":"de","medals":[93,28,46,79,12,42,55,153,100],"zones":[368996,388365,566241,566242,362462,566228,393800,364618],"pointsPerHour":0,"points":5854,"blocktime":900,"taken":359,"name":"Meikthebike","totalPoints":103156,"rank":20,"id":415992,"place":5170,"uniqueZonesTaken":178,"region":{"name":"Hamburg","id":439}}},{"medal":39,"time":"2024-01-16T04:52:07+0000","type":"medal","user":{"country":"se","medals":[79,93,46,55,28,7,102,128,14,122,4,16,154,39],"zones":[154930,93107,388,25012,55687,22825,5100,38446],"pointsPerHour":0,"points":26260,"blocktime":1245,"taken":15000,"name":"Spito","totalPoints":2252078,"rank":43,"id":329454,"place":5170,"uniqueZonesTaken":915,"region":{"name":"Västra Götaland","id":132}}}]