[{"medal":93,"time":"2024-04-29T07:55:19+0000","type":"medal","user":{"country":"se","medals":[93],"zones":[],"pointsPerHour":0,"points":235,"blocktime":615,"taken":1,"name":"lynxxtrim","totalPoints":235,"rank":1,"id":421977,"place":7605,"uniqueZonesTaken":1,"region":{"name":"Dalarna","id":129}}},{"medal":84,"time":"2024-04-29T07:54:39+0000","type":"medal","user":{"country":"se","medals":[84],"zones":[28753,563697,115739,28751],"pointsPerHour":0,"points":895,"blocktime":645,"taken":5,"name":"augurdo","totalPoints":895,"rank":3,"id":421972,"place":7604,"uniqueZonesTaken":5,"region":{"name":"Halland","id":134}}},{"medal":85,"time":"2024-04-29T07:53:58+0000","type":"medal","user":{"country":"se","medals":[80,85],"zones":[10893],"pointsPerHour":0,"points":1757,"blocktime":660,"taken":10,"name":"Ellizer7","totalPoints":1757,"rank":4,"id":421072,"place":7604,"uniqueZonesTaken":9,"region":{"name":"Västra Götaland","id":132}}},{"medal":85,"time":"2024-04-29T07:51:41+0000","type":"medal","user":{"country":"se","medals":[80,85],"zones":[93091,474804,356,93092,514208,21898,42893,529190,351355],"pointsPerHour":0,"points":1572,"blocktime":660,"taken":10,"name":"brontine","totalPoints":1572,"rank":4,"id":421759,"place":7603,"uniqueZonesTaken":10,"region":{"name":"Stockholm","id":141}}}]