[{"medal":85,"time":"2024-04-29T07:51:41+0000","type":"medal","user":{"country":"se","medals":[80,85],"zones":[93091,474804,356,93092,514208,21898,42893,529190,351355],"pointsPerHour":0,"points":1572,"blocktime":660,"taken":10,"name":"brontine","totalPoints":1572,"rank":4,"id":421759,"place":7603,"uniqueZonesTaken":10,"region":{"name":"Stockholm","id":141}}},{"medal":153,"time":"2024-04-29T07:51:01+0000","type":"medal","user":{"country":"se","medals":[93,46,28,78,12,77,56,6,35,153],"zones":[486087,23296,1219,1220,23301,228421,228420,3209,155022,486089,61457,138643,61458,570460,138069,44261,44262,1383,44263,1384,48232,1385,48234,22253,22254,31471,227244,22255,198838,31478,48246,48247,23293],"pointsPerHour":0,"points":51087,"blocktime":1095,"taken":2619,"name":"elise1108","totalPoints":480892,"rank":33,"id":366092,"place":7602,"uniqueZonesTaken":131,"region":{"name":"Dalarna","id":129}}},{"medal":93,"time":"2024-04-29T07:48:59+0000","type":"medal","user":{"country":"se","medals":[93],"zones":[],"pointsPerHour":0,"points":170,"blocktime":600,"taken":1,"name":"Samjel","totalPoints":170,"rank":0,"id":421764,"place":7602,"uniqueZonesTaken":1,"region":{"name":"Stockholm","id":141}}},{"medal":85,"time":"2024-04-29T07:48:59+0000","type":"medal","user":{"country":"se","medals":[80,85],"zones":[93091,319175,356,494080,569680,153930,21896,21899,21901],"pointsPerHour":0,"points":1547,"blocktime":660,"taken":10,"name":"BBC_LINKAN8","totalPoints":1547,"rank":4,"id":421968,"place":7602,"uniqueZonesTaken":10,"region":{"name":"Stockholm","id":141}}},{"medal":93,"time":"2024-04-29T07:40:58+0000","type":"medal","user":{"country":"se","medals":[93],"zones":[565441],"pointsPerHour":0,"points":355,"blocktime":615,"taken":2,"name":"Wilmalid","totalPoints":355,"rank":1,"id":421971,"place":7601,"uniqueZonesTaken":2,"region":{"name":"Halland","id":134}}}]