[{"sender":{"country":"se","medals":[67,16,28,22,4,48,70,27,60,68,15,79,99,77,7,83,68,102,123,89,155,129],"zones":[570720,33260,7565,1613],"pointsPerHour":18,"points":21573,"blocktime":1425,"taken":52700,"name":"Glasskamp","totalPoints":9954826,"rank":55,"id":23066,"place":2410,"uniqueZonesTaken":1986,"region":{"name":"Uppsala","id":142}},"time":"2024-04-30T19:56:48+0000","message":"VESPER007: välkommen hem, skönt med mer rensning i mitt kvarter igen 😀","region":{"name":"Uppsala","id":142},"type":"chat"},{"medal":103,"time":"2024-04-30T19:51:30+0000","type":"medal","user":{"country":"se","medals":[93,92,151,32,103],"zones":[221153],"pointsPerHour":0,"points":12850,"blocktime":735,"taken":121,"name":"Mozart81","totalPoints":12850,"rank":9,"id":421005,"place":7830,"uniqueZonesTaken":47,"region":{"name":"Östergötland","id":139}}}]