[{"medal":151,"time":"2024-04-30T16:20:15+0000","type":"medal","user":{"country":"se","medals":[10,47,55,13,93,34,100,151],"zones":[20608,47360,47649,29186,47650,29189,44296,296909,38412,38413,38415,38416,47359],"pointsPerHour":0,"points":10120,"blocktime":1035,"taken":2030,"name":"boboviking","totalPoints":298337,"rank":29,"id":104056,"place":7813,"uniqueZonesTaken":306,"region":{"name":"Västmanland","id":143}}},{"medal":151,"time":"2024-04-30T16:16:35+0000","type":"medal","user":{"country":"se","medals":[51,92,31,151],"zones":[55696,55698,153978,153977,55695,153981],"pointsPerHour":0,"points":11291,"blocktime":750,"taken":41,"name":"u_got_turfed","totalPoints":15099,"rank":10,"id":419299,"place":7813,"uniqueZonesTaken":16,"region":{"name":"Örebro","id":131}}},{"sender":{"country":"se","medals":[7,17,79,56,16,48,123,72,126,96,132,109,118,50,155],"zones":[117057,32033,512003,7749,22758,552,61098,714,61099,26156,26157,31949,555174,31950,29166,31951,13617,24177,31796,8950,185269,79353,24191],"pointsPerHour":123,"points":77341,"blocktime":1440,"taken":82516,"name":"trucken","totalPoints":12292487,"rank":56,"id":22692,"place":795,"uniqueZonesTaken":2618,"region":{"name":"Västmanland","id":143}},"time":"2024-04-30T16:15:56+0000","message":"scarymom: toppen","region":{"name":"Västmanland","id":143},"type":"chat"}]