[{"medal":93,"time":"2024-04-29T10:21:12+0000","type":"medal","user":{"country":"se","medals":[93],"zones":[],"pointsPerHour":0,"points":170,"blocktime":600,"taken":1,"name":"antoniaa","totalPoints":170,"rank":0,"id":422025,"place":7631,"uniqueZonesTaken":1,"region":{"name":"Halland","id":134}}},{"medal":84,"time":"2024-04-29T10:20:37+0000","type":"medal","user":{"country":"se","medals":[84],"zones":[15040,2977,36421,7871],"pointsPerHour":0,"points":688,"blocktime":630,"taken":5,"name":"ACSI","totalPoints":688,"rank":2,"id":422019,"place":7630,"uniqueZonesTaken":5,"region":{"name":"Jönköping","id":133}}},{"medal":85,"time":"2024-04-29T10:18:27+0000","type":"medal","user":{"country":"se","medals":[93,80,85],"zones":[326533,412436,203697,429425,221162,92203,1372],"pointsPerHour":0,"points":2059,"blocktime":675,"taken":10,"name":"FiskePatrik","totalPoints":2059,"rank":5,"id":421872,"place":7630,"uniqueZonesTaken":9,"region":{"name":"Västra Götaland","id":132}}},{"medal":35,"time":"2024-04-29T10:15:18+0000","type":"medal","user":{"country":"se","medals":[52,90,6,100,12,95,152,35],"zones":[474838,525209,22850,327959,47943,545775,8632,3050,3051,407451],"pointsPerHour":0,"points":17978,"blocktime":1110,"taken":2500,"name":"hebyangel","totalPoints":610823,"rank":34,"id":301302,"place":7628,"uniqueZonesTaken":139,"region":{"name":"Uppsala","id":142}}}]