[{"medal":93,"time":"2024-04-30T08:29:22+0000","type":"medal","user":{"country":"se","medals":[93],"zones":[],"pointsPerHour":0,"points":110,"blocktime":600,"taken":1,"name":"ANLW","totalPoints":110,"rank":0,"id":422186,"place":7757,"uniqueZonesTaken":1,"region":{"name":"Örebro","id":131}}},{"medal":84,"time":"2024-04-30T08:27:35+0000","type":"medal","user":{"country":"se","medals":[84],"zones":[21744,21745,36421,15039],"pointsPerHour":0,"points":749,"blocktime":645,"taken":5,"name":"turfur","totalPoints":749,"rank":3,"id":422177,"place":7756,"uniqueZonesTaken":5,"region":{"name":"Jönköping","id":133}}},{"medal":93,"time":"2024-04-30T08:26:31+0000","type":"medal","user":{"country":"se","medals":[93],"zones":[47761],"pointsPerHour":0,"points":220,"blocktime":615,"taken":2,"name":"JCAK","totalPoints":220,"rank":1,"id":422184,"place":7755,"uniqueZonesTaken":2,"region":{"name":"Örebro","id":131}}},{"medal":92,"time":"2024-04-30T08:25:55+0000","type":"medal","user":{"country":"se","medals":[85,80,92],"zones":[2981,16903,29015,36427,21741,226814,29135],"pointsPerHour":0,"points":1133,"blocktime":690,"taken":23,"name":"SMKAD","totalPoints":3832,"rank":6,"id":398049,"place":7755,"uniqueZonesTaken":15,"region":{"name":"Jönköping","id":133}}},{"medal":84,"time":"2024-04-30T08:25:15+0000","type":"medal","user":{"country":"se","medals":[84],"zones":[10885],"pointsPerHour":0,"points":615,"blocktime":630,"taken":5,"name":"Hannes1234462","totalPoints":615,"rank":2,"id":420801,"place":7754,"uniqueZonesTaken":4,"region":{"name":"Västra Götaland","id":132}}},{"medal":80,"time":"2024-04-30T08:24:46+0000","type":"medal","user":{"country":"se","medals":[84,80],"zones":[481079,160608,5331,593437,25925],"pointsPerHour":0,"points":1193,"blocktime":645,"taken":7,"name":"sveazelma","totalPoints":1193,"rank":3,"id":422164,"place":7754,"uniqueZonesTaken":7,"region":{"name":"Halland","id":134}}},{"medal":84,"time":"2024-04-30T08:24:05+0000","type":"medal","user":{"country":"se","medals":[84],"zones":[602755,21740],"pointsPerHour":0,"points":340,"blocktime":645,"taken":5,"name":"saluhall","totalPoints":748,"rank":3,"id":412449,"place":7754,"uniqueZonesTaken":5,"region":{"name":"Jönköping","id":133}}}]