[{"sender":{"country":"se","medals":[79,28,57,16,123,48,130,67,77,97,106,15,5,7,155,40],"zones":[43494,11656,14602,63803,31982,23662,12367],"pointsPerHour":49,"points":193226,"blocktime":1275,"taken":21440,"name":"DiNotDie","totalPoints":2954538,"rank":45,"id":366592,"place":148,"uniqueZonesTaken":1069,"region":{"name":"Västmanland","id":143}},"time":"2024-04-29T03:45:03+0000","message":"Frökenbok: heja dig!","region":{"name":"Västmanland","id":143},"type":"chat"},{"sender":{"country":"se","medals":[24,22,67,17,4,24,24,24,16,7,24,24,79,24,17,5,57,24,123,15,128,24,112,88,108,75,24,72,77,24,152],"zones":[92228,2246,711,7753,5449,7756,17551,31952,31954,6098,97298,144401,14869,92116,14870,15960,14874,7258,109474,483,484,63652,485,489,491,61103,80112,29169,31474,178353,18677,43193,6843,42175,703],"pointsPerHour":257,"points":33580,"blocktime":1365,"taken":49152,"name":"Frökenbok","totalPoints":5916034,"rank":51,"id":45345,"place":1681,"uniqueZonesTaken":1532,"region":{"name":"Västmanland","id":143}},"time":"2024-04-29T03:44:41+0000","message":"DiNotDie: morsning.... Fick lite feeling att cykla redan kl 4","region":{"name":"Västmanland","id":143},"type":"chat"},{"sender":{"country":"se","medals":[79,28,57,16,123,48,130,67,77,97,106,15,5,7,155,40],"zones":[43494,11656,14602,63803,31982,23662,12367],"pointsPerHour":49,"points":193225,"blocktime":1275,"taken":21440,"name":"DiNotDie","totalPoints":2954537,"rank":45,"id":366592,"place":148,"uniqueZonesTaken":1069,"region":{"name":"Västmanland","id":143}},"time":"2024-04-29T03:43:38+0000","message":"Frökenbok: godmorgon! du är tidigt!","region":{"name":"Västmanland","id":143},"type":"chat"},{"sender":{"country":"se","medals":[79,28,57,16,123,48,130,67,77,97,106,15,5,7,155,40],"zones":[43494,11656,14602,63803,31982,23662,12367],"pointsPerHour":49,"points":193224,"blocktime":1275,"taken":21440,"name":"DiNotDie","totalPoints":2954535,"rank":45,"id":366592,"place":148,"uniqueZonesTaken":1069,"region":{"name":"Västmanland","id":143}},"time":"2024-04-29T03:41:38+0000","message":"Frokenbok: godmorgon!","region":{"name":"Västmanland","id":143},"type":"chat"}]