[{"sender":{"country":"se","medals":[5,67,9,4,22,16,28,27,3,68,24,59,68,70,68,24,17,68,77,95,68,75,7,122,105,126,119,129,155,15,79],"zones":[23072,19328,2851,19315,656398,19316,74405,56647,74406,24184,1593],"pointsPerHour":64,"points":125975,"blocktime":1470,"taken":109631,"name":"svenlov","totalPoints":20008754,"rank":58,"id":61276,"place":349,"uniqueZonesTaken":1009,"region":{"name":"Kalmar","id":137}},"time":"2024-04-29T05:09:03+0000","message":"ovalfyrkant: tur att du är klok😅","region":{"name":"Kalmar","id":137},"type":"chat"},{"medal":151,"time":"2024-04-29T05:08:59+0000","type":"medal","user":{"country":"se","medals":[93,100,6,51,90,71,32,12,151],"zones":[28787,885,60743,76662,139048,2554,586533],"pointsPerHour":0,"points":10099,"blocktime":810,"taken":169,"name":"MickeLinden22","totalPoints":36797,"rank":14,"id":385328,"place":7566,"uniqueZonesTaken":107,"region":{"name":"Jönköping","id":133}}},{"medal":151,"time":"2024-04-29T04:54:50+0000","type":"medal","user":{"country":"se","medals":[52,5,67,96,6,12,101,42,151],"zones":[138475,175],"pointsPerHour":0,"points":10002,"blocktime":855,"taken":397,"name":"iFjupp","totalPoints":67668,"rank":17,"id":96765,"place":7566,"uniqueZonesTaken":176,"region":{"name":"Stockholm","id":141}}}]