[{"medal":154,"time":"2024-05-27T11:39:12+0000","type":"medal","user":{"country":"se","medals":[16,47,77,67,28,5,70,7,126,122,14,4,17,95,103,129,24,73,79,57,154],"zones":[5600,31317,23499,50283],"pointsPerHour":0,"points":75171,"blocktime":1365,"taken":32973,"name":"stieri","totalPoints":6224120,"rank":51,"id":195559,"place":8692,"uniqueZonesTaken":817,"region":{"name":"Örebro","id":131}}},{"country":"se","sender":{"country":"se","medals":[],"zones":[],"pointsPerHour":0,"points":0,"blocktime":600,"taken":0,"name":"Voshed","totalPoints":0,"rank":0,"id":426410,"place":8689,"uniqueZonesTaken":0},"time":"2024-05-27T11:34:43+0000","message":"hallo","type":"chat"}]