[{"medal":80,"time":"2024-05-14T13:48:07+0000","type":"medal","user":{"country":"se","medals":[84,80],"zones":[11344,12818,564894,95080,93752],"pointsPerHour":0,"points":1138,"blocktime":645,"taken":6,"name":"Elliot22","totalPoints":1138,"rank":3,"id":424200,"place":6863,"uniqueZonesTaken":6,"region":{"name":"Västra Götaland","id":132}}},{"medal":84,"time":"2024-05-14T13:41:49+0000","type":"medal","user":{"country":"se","medals":[84],"zones":[139042,8304,78293],"pointsPerHour":0,"points":474,"blocktime":630,"taken":5,"name":"koviskaren","totalPoints":474,"rank":2,"id":424216,"place":6862,"uniqueZonesTaken":4,"region":{"name":"Stockholm","id":141}}}]