[{"medal":39,"time":"2024-05-13T16:43:59+0000","type":"medal","user":{"country":"uk","medals":[16,79,95,124,68,72,7,130,27,70,65,50,68,68,75,68,68,77,68,68,68,148,159,69,68,83,67,21,68,68,68,39],"zones":[19971,472704,547460,19982,19983,19984,565656,19985,19986,19987,19988,19989,14997,14998,19992,17435,565652,473114,472730,565653,565654,565655,656687,567982,473646,601662,359999,656689,389817,601652,360001,601805,411214,411213,563675,26327,568543,565458,568406,568534,568407,550380,563822,568544,516590,17646,472695,472701,472700,19835,472699,19836,472698,472697,472696,476024],"pointsPerHour":0,"points":21279,"blocktime":1410,"taken":15000,"name":"quentin","totalPoints":8068921,"rank":54,"id":298673,"place":6679,"uniqueZonesTaken":4737,"region":{"name":"Yorkshire & The Humber","id":202}}},{"medal":51,"time":"2024-05-13T16:43:47+0000","type":"medal","user":{"country":"se","medals":[51,85],"zones":[3329,73092,602320,826,7805,43933,563621,7806,830,31295],"pointsPerHour":0,"points":1374,"blocktime":660,"taken":10,"name":"Lahmacun91","totalPoints":1374,"rank":4,"id":424193,"place":6679,"uniqueZonesTaken":10,"region":{"name":"Värmland","id":130}}},{"medal":85,"time":"2024-05-13T16:43:47+0000","type":"medal","user":{"country":"se","medals":[51,85],"zones":[3329,73092,602320,826,7805,43933,563621,7806,830,31295],"pointsPerHour":0,"points":1374,"blocktime":660,"taken":10,"name":"Lahmacun91","totalPoints":1374,"rank":4,"id":424193,"place":6679,"uniqueZonesTaken":10,"region":{"name":"Värmland","id":130}}},{"medal":84,"time":"2024-05-13T16:43:23+0000","type":"medal","user":{"country":"uk","medals":[84],"zones":[364487],"pointsPerHour":0,"points":371,"blocktime":645,"taken":5,"name":"JigglyJelly","totalPoints":1101,"rank":3,"id":422079,"place":6679,"uniqueZonesTaken":2,"region":{"name":"Scotland","id":200}}},{"medal":100,"time":"2024-05-13T16:42:58+0000","type":"medal","user":{"country":"se","medals":[94,85,100],"zones":[220696,44829,44830],"pointsPerHour":0,"points":980,"blocktime":660,"taken":14,"name":"ArvidLind","totalPoints":1815,"rank":4,"id":420646,"place":6679,"uniqueZonesTaken":10,"region":{"name":"Kalmar","id":137}}},{"medal":32,"time":"2024-05-13T16:42:16+0000","type":"medal","user":{"country":"se","medals":[93,92,52,151,32],"zones":[67185,113149],"pointsPerHour":0,"points":6093,"blocktime":765,"taken":100,"name":"yummibannana","totalPoints":19389,"rank":11,"id":421608,"place":6679,"uniqueZonesTaken":38,"region":{"name":"Stockholm","id":141}}},{"medal":85,"time":"2024-05-13T16:38:05+0000","type":"medal","user":{"country":"se","medals":[94,85],"zones":[220696,44829],"pointsPerHour":0,"points":545,"blocktime":660,"taken":11,"name":"ArvidLind","totalPoints":1379,"rank":4,"id":420646,"place":6678,"uniqueZonesTaken":8,"region":{"name":"Kalmar","id":137}}}]