[{"medal":80,"time":"2024-05-13T09:12:27+0000","type":"medal","user":{"country":"se","medals":[80,84],"zones":[7769,47721,15965,31790,125310],"pointsPerHour":0,"points":568,"blocktime":630,"taken":5,"name":"Jonita","totalPoints":568,"rank":2,"id":424001,"place":6523,"uniqueZonesTaken":5,"region":{"name":"Västmanland","id":143}}},{"medal":84,"time":"2024-05-13T09:12:27+0000","type":"medal","user":{"country":"se","medals":[80,84],"zones":[7769,47721,15965,31790,125310],"pointsPerHour":0,"points":568,"blocktime":630,"taken":5,"name":"Jonita","totalPoints":568,"rank":2,"id":424001,"place":6523,"uniqueZonesTaken":5,"region":{"name":"Västmanland","id":143}}},{"medal":80,"time":"2024-05-13T09:08:53+0000","type":"medal","user":{"country":"se","medals":[80,84],"zones":[47761,21478,503,43415,5641],"pointsPerHour":0,"points":569,"blocktime":630,"taken":5,"name":"HalaT","totalPoints":569,"rank":2,"id":423989,"place":6521,"uniqueZonesTaken":5,"region":{"name":"Örebro","id":131}}},{"medal":84,"time":"2024-05-13T09:08:53+0000","type":"medal","user":{"country":"se","medals":[80,84],"zones":[47761,21478,503,43415,5641],"pointsPerHour":0,"points":569,"blocktime":630,"taken":5,"name":"HalaT","totalPoints":569,"rank":2,"id":423989,"place":6521,"uniqueZonesTaken":5,"region":{"name":"Örebro","id":131}}},{"medal":84,"time":"2024-05-13T09:03:36+0000","type":"medal","user":{"country":"se","medals":[93,84],"zones":[516630,2435,114948,428858],"pointsPerHour":0,"points":896,"blocktime":645,"taken":5,"name":"vilhelmiusxiv","totalPoints":896,"rank":3,"id":423990,"place":6517,"uniqueZonesTaken":5,"region":{"name":"Västerbotten","id":127}}}]