[{"sender":{"country":"se","medals":[70,24,79,22,126,4,28,24,77,96,24,91,67,107,122,16,117,132,47,83,57,50,38,155],"zones":[24784,28020,21498,9487],"pointsPerHour":16,"points":11567,"blocktime":1245,"taken":10751,"name":"Fartygspodden","totalPoints":2155468,"rank":43,"id":255305,"place":1889,"uniqueZonesTaken":2804,"region":{"name":"Västra Götaland","id":132}},"time":"2024-05-13T11:47:42+0000","message":"Majato: Ska du va med å ta zonen?","region":{"name":"Västra Götaland","id":132},"type":"chat"},{"medal":84,"time":"2024-05-13T11:39:18+0000","type":"medal","user":{"country":"se","medals":[84],"zones":[115419],"pointsPerHour":0,"points":1025,"blocktime":645,"taken":5,"name":"egzörppp","totalPoints":1025,"rank":3,"id":423486,"place":6559,"uniqueZonesTaken":3,"region":{"name":"Östergötland","id":139}}}]