[{"sender":{"country":"se","medals":[16,6,95,47,4,72,57,70,5,13,68,103,155,68,68,37,130],"zones":[11750,58285,21662,45150,299370],"pointsPerHour":25,"points":55775,"blocktime":1230,"taken":8736,"name":"Kerille","totalPoints":1803843,"rank":42,"id":397110,"place":429,"uniqueZonesTaken":327,"region":{"name":"Gotland","id":138}},"time":"2024-05-14T15:19:43+0000","message":"inda7: kul med besök 😀👍🏼 Välkammad utter!🦦","region":{"name":"Gotland","id":138},"type":"chat"},{"medal":86,"time":"2024-05-14T15:18:55+0000","type":"medal","user":{"country":"se","medals":[92,151,53,86],"zones":[515911,154564,154052,65161,55692,5326,5328,387220,193488,193489,412434,485727,319452,558674,176350,221150,359201,57830,57831,31402,47146,31403,31404,80813,31405,80812,80814,566951,176571,318526,47164,61245,602614],"pointsPerHour":0,"points":13410,"blocktime":735,"taken":50,"name":"rabarb","totalPoints":13410,"rank":9,"id":422872,"place":6877,"uniqueZonesTaken":49,"region":{"name":"Västra Götaland","id":132}}},{"medal":85,"time":"2024-05-14T15:12:09+0000","type":"medal","user":{"country":"se","medals":[80,85],"zones":[7296,78293,182,138504],"pointsPerHour":0,"points":907,"blocktime":645,"taken":10,"name":"koviskaren","totalPoints":907,"rank":3,"id":424216,"place":6874,"uniqueZonesTaken":9,"region":{"name":"Stockholm","id":141}}}]