[{"medal":93,"time":"2024-05-20T08:03:36+0000","type":"medal","user":{"country":"se","medals":[93],"zones":[],"pointsPerHour":0,"points":125,"blocktime":10,"taken":1,"name":"ashtray","totalPoints":125,"rank":0,"id":425396,"place":7859,"uniqueZonesTaken":1,"region":{"name":"Värmland","id":130}}},{"medal":80,"time":"2024-05-20T08:02:43+0000","type":"medal","user":{"country":"se","medals":[80,84],"zones":[43937,43938,224820,7800,599429],"pointsPerHour":0,"points":551,"blocktime":10,"taken":5,"name":"deez123","totalPoints":551,"rank":2,"id":425281,"place":7856,"uniqueZonesTaken":5,"region":{"name":"Värmland","id":130}}},{"medal":84,"time":"2024-05-20T08:02:43+0000","type":"medal","user":{"country":"se","medals":[80,84],"zones":[43937,43938,224820,7800,599429],"pointsPerHour":0,"points":551,"blocktime":10,"taken":5,"name":"deez123","totalPoints":551,"rank":2,"id":425281,"place":7856,"uniqueZonesTaken":5,"region":{"name":"Värmland","id":130}}},{"medal":84,"time":"2024-05-20T08:02:31+0000","type":"medal","user":{"country":"se","medals":[93,84],"zones":[538,8286,127598],"pointsPerHour":0,"points":522,"blocktime":10,"taken":5,"name":"nilsericson","totalPoints":522,"rank":2,"id":425376,"place":7856,"uniqueZonesTaken":5,"region":{"name":"Örebro","id":131}}},{"medal":93,"time":"2024-05-20T08:01:49+0000","type":"medal","user":{"country":"se","medals":[93],"zones":[],"pointsPerHour":0,"points":222,"blocktime":10,"taken":2,"name":"Sebbe.s","totalPoints":222,"rank":1,"id":425386,"place":7855,"uniqueZonesTaken":2,"region":{"name":"Örebro","id":131}}},{"medal":93,"time":"2024-05-20T07:59:49+0000","type":"medal","user":{"country":"se","medals":[93],"zones":[],"pointsPerHour":0,"points":110,"blocktime":10,"taken":1,"name":"Vilmapilma","totalPoints":110,"rank":0,"id":425391,"place":7850,"uniqueZonesTaken":1,"region":{"name":"Värmland","id":130}}}]