[{"medal":51,"time":"2024-05-21T08:30:23+0000","type":"medal","user":{"country":"se","medals":[92,86,51],"zones":[8304,139042,8305,8373,182,78439,563631,410525,1421,22207],"pointsPerHour":0,"points":6975,"blocktime":11,"taken":53,"name":"koviskaren","totalPoints":6975,"rank":7,"id":424216,"place":8056,"uniqueZonesTaken":27,"region":{"name":"Stockholm","id":141}}},{"medal":84,"time":"2024-05-21T08:27:38+0000","type":"medal","user":{"country":"se","medals":[93,84],"zones":[22533],"pointsPerHour":0,"points":515,"blocktime":10,"taken":5,"name":"bigmac50","totalPoints":614,"rank":2,"id":396540,"place":8055,"uniqueZonesTaken":4,"region":{"name":"Värmland","id":130}}}]