[{"medal":80,"time":"2024-05-21T07:18:39+0000","type":"medal","user":{"country":"se","medals":[85,80],"zones":[127587,16535,44216,664,9327],"pointsPerHour":0,"points":2326,"blocktime":11,"taken":18,"name":"SamulmulÅk.5","totalPoints":2326,"rank":5,"id":424083,"place":8029,"uniqueZonesTaken":14,"region":{"name":"Södermanland","id":140}}},{"medal":84,"time":"2024-05-21T07:18:22+0000","type":"medal","user":{"country":"se","medals":[84],"zones":[91958,33708,673829],"pointsPerHour":0,"points":729,"blocktime":10,"taken":5,"name":"Wilma2244","totalPoints":729,"rank":3,"id":424281,"place":8029,"uniqueZonesTaken":5,"region":{"name":"Uppsala","id":142}}},{"medal":92,"time":"2024-05-21T07:17:18+0000","type":"medal","user":{"country":"se","medals":[80,85,94,92],"zones":[1534],"pointsPerHour":0,"points":2579,"blocktime":11,"taken":17,"name":"Nisse.PS_Åk_5","totalPoints":2579,"rank":5,"id":424089,"place":8029,"uniqueZonesTaken":15,"region":{"name":"Södermanland","id":140}}},{"medal":84,"time":"2024-05-21T07:15:46+0000","type":"medal","user":{"country":"se","medals":[94,84],"zones":[11634],"pointsPerHour":0,"points":614,"blocktime":10,"taken":5,"name":"Lial123456","totalPoints":614,"rank":2,"id":424295,"place":8029,"uniqueZonesTaken":4,"region":{"name":"Uppsala","id":142}}},{"medal":84,"time":"2024-05-21T07:14:55+0000","type":"medal","user":{"country":"se","medals":[84],"zones":[11635],"pointsPerHour":0,"points":746,"blocktime":10,"taken":5,"name":"Iliboy","totalPoints":746,"rank":3,"id":423257,"place":8029,"uniqueZonesTaken":5,"region":{"name":"Uppsala","id":142}}},{"medal":154,"time":"2024-05-21T07:12:36+0000","type":"medal","user":{"country":"se","medals":[28,79,16,22,48,70,77,57,5,122,126,95,15,66,109,40,154],"zones":[30081,7811,7812,30084,107463,75914,33740,1101,26640,43668,31960,47513,31961,12505,47514,31962,43931,47515,31963,47516,31964,34909,47517,31965,48031,563624,47139,47141,429856,327842,114856,32106,15851,31283,601919,26102,29430,52475,183933],"pointsPerHour":0,"points":75101,"blocktime":22,"taken":20812,"name":"Hynbo","totalPoints":4146946,"rank":48,"id":185727,"place":8029,"uniqueZonesTaken":1955,"region":{"name":"Värmland","id":130}}}]