[{"medal":151,"time":"2024-05-20T13:01:45+0000","type":"medal","user":{"country":"se","medals":[126,70,22,5,96,24,67,52,46,107,117,78,77,130,6,24,14,24,37,151],"zones":[236210,27814,117567,62031],"pointsPerHour":0,"points":10113,"blocktime":19,"taken":7586,"name":"Zuma","totalPoints":975654,"rank":37,"id":204232,"place":7971,"uniqueZonesTaken":554,"region":{"name":"Stockholm","id":141}}},{"sender":{"country":"uk","medals":[79,16,70,4,72,67,124,83,75,21,27,82,50,108,7,130,17,115,24,155,41,77],"zones":[352832,320402,342365,342364,342367,486045,479244,342362],"pointsPerHour":10,"points":53341,"blocktime":23,"taken":28365,"name":"MarkkuEsoc","totalPoints":7221800,"rank":52,"id":281588,"place":854,"uniqueZonesTaken":3757,"region":{"name":"Scotland","id":200}},"time":"2024-05-20T12:58:27+0000","message":"31 May to 2 June. Get your entries in,  all welcome,  the more the merrier 😀","type":"chat"}]