[{"medal":93,"time":"2024-05-21T17:35:15+0000","type":"medal","user":{"country":"se","medals":[85,80,92,93],"zones":[44216,42764,95660],"pointsPerHour":0,"points":3217,"blocktime":11,"taken":23,"name":"SamulmulÅk.5","totalPoints":3217,"rank":5,"id":424083,"place":8142,"uniqueZonesTaken":18,"region":{"name":"Södermanland","id":140}}},{"medal":84,"time":"2024-05-21T17:30:46+0000","type":"medal","user":{"country":"se","medals":[84],"zones":[240587,95484,240588],"pointsPerHour":0,"points":1003,"blocktime":10,"taken":5,"name":"kalsongmodell","totalPoints":1003,"rank":3,"id":425562,"place":8141,"uniqueZonesTaken":4,"region":{"name":"Värmland","id":130}}},{"medal":85,"time":"2024-05-21T17:28:25+0000","type":"medal","user":{"country":"se","medals":[93,85],"zones":[564666,64899,496986,24494],"pointsPerHour":0,"points":1222,"blocktime":11,"taken":10,"name":"mane4401","totalPoints":1222,"rank":4,"id":425571,"place":8141,"uniqueZonesTaken":9,"region":{"name":"Värmland","id":130}}}]