[{"medal":85,"time":"2024-05-28T12:36:31+0000","type":"medal","user":{"country":"se","medals":[80,85],"zones":[23426,94066,91962,486184],"pointsPerHour":0,"points":1570,"blocktime":11,"taken":10,"name":"Lindqvist6969","totalPoints":1570,"rank":4,"id":426536,"place":8832,"uniqueZonesTaken":10,"region":{"name":"Örebro","id":131}}},{"medal":84,"time":"2024-05-28T12:30:50+0000","type":"medal","user":{"country":"se","medals":[93,84],"zones":[55673,25964],"pointsPerHour":0,"points":748,"blocktime":10,"taken":5,"name":"sheinfactory","totalPoints":748,"rank":3,"id":426539,"place":8827,"uniqueZonesTaken":5,"region":{"name":"Örebro","id":131}}}]