[{"medal":153,"time":"2024-05-27T17:43:41+0000","type":"medal","user":{"country":"se","medals":[93,100,90,11,33,53,71,153],"zones":[23686,226821,26856,26857,593283,526884,576101,26862,26863,96210,8340,96213,115097,115096,24729,115098,138878,23135],"pointsPerHour":0,"points":50102,"blocktime":16,"taken":771,"name":"garnet","totalPoints":204566,"rank":26,"id":413387,"place":8726,"uniqueZonesTaken":78,"region":{"name":"Kalmar","id":137}}},{"sender":{"country":"se","medals":[90,11,52,152,93,42,128],"zones":[2081,12178,74419,74418,179797,63625,34635,2427,486729,34718],"pointsPerHour":44,"points":44629,"blocktime":14,"taken":396,"name":"Kärven","totalPoints":78023,"rank":18,"id":420957,"place":1488,"uniqueZonesTaken":76,"region":{"name":"Kalmar","id":137}},"time":"2024-05-27T17:42:55+0000","message":"ovalfyrkant: det går lite snabbare med cykel...🤗","region":{"name":"Kalmar","id":137},"type":"chat"},{"medal":42,"time":"2024-05-27T17:39:01+0000","type":"medal","user":{"country":"se","medals":[94,152,90,53,12,42],"zones":[356741,32389,517953,650702,55816,30793,37714,37716,39253,37717,39254,37718,64247,474751,8155,512891],"pointsPerHour":0,"points":44362,"blocktime":13,"taken":250,"name":"kak-ola","totalPoints":47640,"rank":15,"id":421430,"place":8726,"uniqueZonesTaken":108,"region":{"name":"Södermanland","id":140}}},{"sender":{"country":"se","medals":[67,79,77,16,72,83,70,27,117,95,60,21,15,6,124,132,75,104,156,87],"zones":[226763,44301,2847],"pointsPerHour":11,"points":42693,"blocktime":23,"taken":39862,"name":"ovalfyrkant","totalPoints":8281631,"rank":54,"id":333844,"place":1543,"uniqueZonesTaken":1643,"region":{"name":"Kalmar","id":137}},"time":"2024-05-27T17:36:55+0000","message":"Kärven: Nu bör du få en notis om meddelande. Kämpa på 😀","region":{"name":"Kalmar","id":137},"type":"chat"}]