[{"medal":151,"time":"2024-06-25T13:19:52+0000","type":"medal","user":{"country":"se","medals":[93,92,52,86,151],"zones":[326533,474293,203697,600955,429425,684641,515417,359546,515416],"pointsPerHour":0,"points":11308,"blocktime":780,"taken":59,"name":"FiskePatrik","totalPoints":24537,"rank":12,"id":421872,"place":7392,"uniqueZonesTaken":34,"region":{"name":"Västra Götaland","id":132}}},{"medal":84,"time":"2024-06-25T13:17:27+0000","type":"medal","user":{"country":"se","medals":[84],"zones":[],"pointsPerHour":0,"points":1112,"blocktime":645,"taken":5,"name":"skobo","totalPoints":1112,"rank":3,"id":428400,"place":7392,"uniqueZonesTaken":4,"region":{"name":"Uppsala","id":142}}},{"medal":100,"time":"2024-06-25T13:16:32+0000","type":"medal","user":{"country":"se","medals":[94,100],"zones":[225106,655864],"pointsPerHour":0,"points":1273,"blocktime":660,"taken":8,"name":"WizzedSoup","totalPoints":1273,"rank":4,"id":428575,"place":7392,"uniqueZonesTaken":7,"region":{"name":"Västra Götaland","id":132}}},{"medal":100,"time":"2024-06-25T13:15:07+0000","type":"medal","user":{"country":"se","medals":[94,85,100],"zones":[21585],"pointsPerHour":0,"points":517,"blocktime":675,"taken":20,"name":"Saga2014","totalPoints":3259,"rank":5,"id":416587,"place":7391,"uniqueZonesTaken":9,"region":{"name":"Stockholm","id":141}}}]