[{"medal":79,"time":"2024-06-26T08:07:10+0000","type":"medal","user":{"country":"se","medals":[28,54,86,11,151,79],"zones":[30752,95552,476415,27049,7197,24111],"pointsPerHour":0,"points":12381,"blocktime":735,"taken":80,"name":"Ladymam","totalPoints":12381,"rank":9,"id":416726,"place":7440,"uniqueZonesTaken":55,"region":{"name":"Halland","id":134}}},{"medal":94,"time":"2024-06-26T08:05:22+0000","type":"medal","user":{"country":"se","medals":[90,16,55,154,46,100,12,33,78,6,94],"zones":[396802],"pointsPerHour":0,"points":17989,"blocktime":1020,"taken":780,"name":"Blixtbollen12","totalPoints":247960,"rank":28,"id":411357,"place":7440,"uniqueZonesTaken":164,"region":{"name":"Halland","id":134}}},{"sender":{"country":"se","medals":[95,126,51,12,7,42,102],"zones":[323253,349667,517296,11724,115020,323257],"pointsPerHour":16,"points":6835,"blocktime":870,"taken":357,"name":"anonym123","totalPoints":81344,"rank":18,"id":254153,"place":3843,"uniqueZonesTaken":146,"region":{"name":"Skåne","id":135}},"time":"2024-06-26T08:04:36+0000","message":"CoolaMormor: tack!!!","region":{"name":"Skåne","id":135},"type":"chat"},{"medal":154,"time":"2024-06-26T08:02:45+0000","type":"medal","user":{"country":"se","medals":[94,102,12,34,72,127,55,78,47,67,154],"zones":[63744,707,708,7432,602304,7434,2255,12369,9682,7762,12370,31442,7763,31764,18197,31767,228123,136162,57185,31073,109475,22755,22756,559648,31978,31979,10926,494,29171,576060,5429,29173,281714,29175,26107,28795,828,359096],"pointsPerHour":0,"points":75088,"blocktime":960,"taken":1361,"name":"WhoCanItBe?","totalPoints":168449,"rank":24,"id":372168,"place":7440,"uniqueZonesTaken":131,"region":{"name":"Västmanland","id":143}}},{"medal":32,"time":"2024-06-26T08:02:34+0000","type":"medal","user":{"country":"se","medals":[52,151,10,11,32],"zones":[473238,565562,565563,560380,553985,92107],"pointsPerHour":0,"points":17628,"blocktime":765,"taken":100,"name":"mikela","totalPoints":17628,"rank":11,"id":428288,"place":7440,"uniqueZonesTaken":53,"region":{"name":"Jämtland","id":128}}},{"medal":80,"time":"2024-06-26T07:54:17+0000","type":"medal","user":{"country":"se","medals":[94,84,80],"zones":[21712,19317,952,46364,74413],"pointsPerHour":0,"points":788,"blocktime":645,"taken":7,"name":"kevmeister2002","totalPoints":788,"rank":3,"id":428608,"place":7440,"uniqueZonesTaken":7,"region":{"name":"Kalmar","id":137}}}]