[{"sender":{"country":"se","medals":[28,47,16,57,7,77,83,79,98,4,126,122,15,27,70,67,106,117,155,132,88],"zones":[7984,21144,200778,24681,21151],"pointsPerHour":17,"points":3244,"blocktime":1395,"taken":40356,"name":"spirit303","totalPoints":7805214,"rank":53,"id":46566,"place":1820,"uniqueZonesTaken":1314,"region":{"name":"Dalarna","id":129}},"time":"2024-03-05T12:17:16+0000","message":"WikkeOWL: Vi dyker upp imorgon.","region":{"name":"Dalarna","id":129},"type":"chat"},{"medal":80,"time":"2024-03-05T12:14:19+0000","type":"medal","user":{"country":"se","medals":[94,85,80],"zones":[45666,10920,136376,23324,111823],"pointsPerHour":0,"points":929,"blocktime":675,"taken":18,"name":"Angness","totalPoints":3167,"rank":5,"id":416802,"place":4423,"uniqueZonesTaken":7,"region":{"name":"Västra Götaland","id":132}}},{"sender":{"country":"se","medals":[16,6,95,47,128,4,72,57,70,5,13,68,103,155,36,68,68],"zones":[47232,3362,3363,24375,558687,11757,21662,11758,319,96750],"pointsPerHour":57,"points":7443,"blocktime":1215,"taken":7305,"name":"Kerille","totalPoints":1571003,"rank":41,"id":397110,"place":936,"uniqueZonesTaken":298,"region":{"name":"Gotland","id":138}},"time":"2024-03-05T12:12:05+0000","message":"f4ncy: El Staminatore, snyggt!!! 💪🏻😃","region":{"name":"Gotland","id":138},"type":"chat"}]