[{"medal":33,"time":"2024-03-04T18:46:21+0000","type":"medal","user":{"country":"se","medals":[28,95,79,47,54,103,6,13,33],"zones":[1024,169986,31969,41828,41829,22534,43111,19208,19210,15852,7822,16340,31287,7799,31291,1021],"pointsPerHour":0,"points":2706,"blocktime":855,"taken":500,"name":"Leumas","totalPoints":69184,"rank":17,"id":114576,"place":4228,"uniqueZonesTaken":282,"region":{"name":"Värmland","id":130}}},{"sender":{"country":"se","medals":[51,78,32,152],"zones":[18615,354829,564226,519724,28847,26095],"pointsPerHour":13,"points":2577,"blocktime":825,"taken":150,"name":"Blixtensixten1","totalPoints":53665,"rank":15,"id":414758,"place":1806,"uniqueZonesTaken":12,"region":{"name":"Västerbotten","id":127}},"time":"2024-03-04T18:43:13+0000","message":"EQ en överviktig människa med rullator är chanslös mot de som cyklar. Nåja för mig är motionen det viktiga","region":{"name":"Västerbotten","id":127},"type":"chat"},{"sender":{"country":"se","medals":[70,24,90,46,117,5,67,77,132,56,15,79,95,7,122,103,155,41],"zones":[36432,11379,17028,7061,91979,122477,91983,36447],"pointsPerHour":23,"points":4694,"blocktime":1350,"taken":26099,"name":"Svensings","totalPoints":5521906,"rank":50,"id":288002,"place":1148,"uniqueZonesTaken":1368,"region":{"name":"Stockholm","id":141}},"time":"2024-03-04T18:28:42+0000","message":"JimmyAIK94: nä lite långt😅","region":{"name":"Stockholm","id":141},"type":"chat"}]