[{"medal":117,"time":"2024-03-04T07:24:06+0000","type":"medal","user":{"country":"se","medals":[93,100,12,155,35,128,55,46,117],"zones":[31392,481843,30790,2567,18775,11464,79722],"pointsPerHour":0,"points":3331,"blocktime":1110,"taken":3111,"name":"Cassiopeja","totalPoints":560548,"rank":34,"id":400083,"place":3609,"uniqueZonesTaken":170,"region":{"name":"Uppsala","id":142}}},{"medal":42,"time":"2024-03-04T07:21:08+0000","type":"medal","user":{"country":"de","medals":[100,95,11,52,152,42],"zones":[498412],"pointsPerHour":0,"points":185,"blocktime":855,"taken":250,"name":"whitefoot","totalPoints":72336,"rank":17,"id":415320,"place":3607,"uniqueZonesTaken":87,"region":{"name":"Berlin","id":440}}}]