[{"sender":{"country":"se","medals":[7,5,16,79,70,28,56,126,117,27,97,22,15,128,4,75,107,123,155,87],"zones":[61089,92291,21890,21891,12067,182085,12424,286156,42864,20758,20759,603408],"pointsPerHour":32,"points":52017,"blocktime":1380,"taken":36416,"name":"Spikbebis75","totalPoints":6917075,"rank":52,"id":92852,"place":583,"uniqueZonesTaken":1742,"region":{"name":"Stockholm","id":141}},"time":"2024-02-20T06:44:26+0000","message":"KungKlint: och det måste jag väl erkänna, i år var första gången det blev hela vägen hemmifrån till Ulriksdals ångbåtsbrygga.","region":{"name":"Stockholm","id":141},"type":"chat"},{"medal":84,"time":"2024-02-20T06:43:45+0000","type":"medal","user":{"country":"se","medals":[84],"zones":[],"pointsPerHour":0,"points":724,"blocktime":645,"taken":5,"name":"Gnudjuret","totalPoints":724,"rank":3,"id":417688,"place":5711,"uniqueZonesTaken":4,"region":{"name":"Västra Götaland","id":132}}},{"sender":{"country":"se","medals":[7,5,16,79,70,28,56,126,117,27,97,22,15,128,4,75,107,123,155,87],"zones":[61089,92291,21890,21891,12067,182085,12424,286156,42864,20758,20759,603408],"pointsPerHour":32,"points":52017,"blocktime":1380,"taken":36416,"name":"Spikbebis75","totalPoints":6917074,"rank":52,"id":92852,"place":583,"uniqueZonesTaken":1742,"region":{"name":"Stockholm","id":141}},"time":"2024-02-20T06:43:09+0000","message":"KungKlint: jag såg en skrinnare men blev omkörd aven cyklist på edsviken (ocj veckan innan magnusn på brunnsviken)","region":{"name":"Stockholm","id":141},"type":"chat"},{"medal":151,"time":"2024-02-20T06:42:48+0000","type":"medal","user":{"country":"se","medals":[92,54,86,46,151],"zones":[475207,154317,179405,359572,652250,17621,24213,421456,78937,113499,23515,8477,11934,8478,490329,11935,602795,11939,11940,1451,537892,141548,1454,141549,11953,95479,65978],"pointsPerHour":0,"points":10293,"blocktime":720,"taken":53,"name":"Urbana","totalPoints":10293,"rank":8,"id":417718,"place":5711,"uniqueZonesTaken":49,"region":{"name":"Södermanland","id":140}}},{"sender":{"country":"se","medals":[78,97,16,46,55,127,28,6,4,153,103,13,35],"zones":[228321,20757,136245,255737,97983],"pointsPerHour":14,"points":27263,"blocktime":1095,"taken":2818,"name":"KungKlint","totalPoints":537066,"rank":33,"id":382275,"place":1233,"uniqueZonesTaken":270,"region":{"name":"Stockholm","id":141}},"time":"2024-02-20T06:42:09+0000","message":"Spikbebis75: Skridskopendla låter ju supercoolt, är nog inte så många som gör det 😀","region":{"name":"Stockholm","id":141},"type":"chat"},{"medal":40,"time":"2024-02-20T06:40:26+0000","type":"medal","user":{"country":"se","medals":[126,7,16,95,55,83,67,47,70,117,132,105,14,79,4,72,77,21,155,40],"zones":[7041,117570,20740,37573,27847,28808,348940,154952,42830,29839,465873,23318,117725,27678,27679,27680,11682,21410,27682,36450,21411,27811,36451,27812,637159,24046,27055,11252,892],"pointsPerHour":0,"points":49630,"blocktime":1305,"taken":20000,"name":"Tessla","totalPoints":3634468,"rank":47,"id":272993,"place":5711,"uniqueZonesTaken":662,"region":{"name":"Stockholm","id":141}}},{"sender":{"country":"se","medals":[7,5,16,79,70,28,56,126,117,27,97,22,15,128,4,75,107,123,155,87],"zones":[25184,61089,92291,21890,21891,12067,182085,12424,286156,42864,20758,20759,603408],"pointsPerHour":36,"points":52014,"blocktime":1380,"taken":36416,"name":"Spikbebis75","totalPoints":6917072,"rank":52,"id":92852,"place":583,"uniqueZonesTaken":1742,"region":{"name":"Stockholm","id":141}},"time":"2024-02-20T06:39:24+0000","message":"KungKlint: skulle det inte bli så mycket tåg","region":{"name":"Stockholm","id":141},"type":"chat"}]