[{"medal":51,"time":"2024-04-23T15:38:51+0000","type":"medal","user":{"country":"se","medals":[51,85],"zones":[42737,30801,41570,30802,42743,5432,27725,21054,1647,30799],"pointsPerHour":0,"points":1433,"blocktime":660,"taken":10,"name":"Oliwijer","totalPoints":1433,"rank":4,"id":421123,"place":7128,"uniqueZonesTaken":10,"region":{"name":"Södermanland","id":140}}},{"medal":85,"time":"2024-04-23T15:38:51+0000","type":"medal","user":{"country":"se","medals":[51,85],"zones":[42737,30801,41570,30802,42743,5432,27725,21054,1647,30799],"pointsPerHour":0,"points":1433,"blocktime":660,"taken":10,"name":"Oliwijer","totalPoints":1433,"rank":4,"id":421123,"place":7128,"uniqueZonesTaken":10,"region":{"name":"Södermanland","id":140}}},{"medal":32,"time":"2024-04-23T15:38:45+0000","type":"medal","user":{"country":"uk","medals":[151,11,54,32],"zones":[12867,346624,12744,12872,12874,12749,140822,140823,140821,17313,12706,17314,13162,140777,523433,16561,346551,17332,13045,13110,12728,13114,18236,346553,346552],"pointsPerHour":0,"points":10230,"blocktime":810,"taken":100,"name":"DevonLearner","totalPoints":40678,"rank":14,"id":369200,"place":7128,"uniqueZonesTaken":89,"region":{"name":"South West England","id":197}}}]