[{"sender":{"country":"se","medals":[67,5,70,7,21,77,79,97,15,16,126,47,57,123,10,132,117,155,144,89],"zones":[655115,33860,467337,63630,286165,48466,48467,45140,48468,641683,20508,286169,51614,153693,189923,64551,42727,139050,63789,63791,28783,11827,28791,222138,33849,407935,407933,28667,484475,33853],"pointsPerHour":51,"points":60433,"blocktime":1440,"taken":50338,"name":"MissLi","totalPoints":11438845,"rank":56,"id":64216,"place":647,"uniqueZonesTaken":2033,"region":{"name":"Jönköping","id":133}},"time":"2024-04-22T16:57:27+0000","message":"Krille68: Grattis till Turfo!","region":{"name":"Jönköping","id":133},"type":"chat"},{"medal":100,"time":"2024-04-22T16:55:49+0000","type":"medal","user":{"country":"se","medals":[93,85,100],"zones":[],"pointsPerHour":0,"points":669,"blocktime":660,"taken":11,"name":"wullan","totalPoints":1805,"rank":4,"id":418590,"place":7018,"uniqueZonesTaken":4,"region":{"name":"Norrbotten","id":126}}},{"medal":153,"time":"2024-04-22T16:51:07+0000","type":"medal","user":{"country":"se","medals":[126,22,16,79,7,14,57,96,122,70,72,77,36,129,48,105,153],"zones":[29618,8627,42421,9639,553986,11258,24028,17756,9518],"pointsPerHour":0,"points":50116,"blocktime":1170,"taken":6283,"name":"BlabJR","totalPoints":1108773,"rank":38,"id":228860,"place":7018,"uniqueZonesTaken":790,"region":{"name":"Dalarna","id":129}}},{"medal":84,"time":"2024-04-22T16:51:07+0000","type":"medal","user":{"country":"de","medals":[84],"zones":[661340,202521],"pointsPerHour":0,"points":1108,"blocktime":645,"taken":5,"name":"FischkoppSH","totalPoints":1108,"rank":3,"id":420530,"place":7018,"uniqueZonesTaken":4,"region":{"name":"Schleswig-Holstein","id":443}}}]