[{"medal":84,"time":"2024-04-23T13:21:09+0000","type":"medal","user":{"country":"se","medals":[93,84],"zones":[11345,475314,840],"pointsPerHour":0,"points":702,"blocktime":645,"taken":5,"name":"Olivia/hanna","totalPoints":702,"rank":3,"id":421423,"place":7116,"uniqueZonesTaken":5,"region":{"name":"Västra Götaland","id":132}}},{"medal":80,"time":"2024-04-23T13:17:48+0000","type":"medal","user":{"country":"se","medals":[80,84],"zones":[12112,26323,12122,586546,28399],"pointsPerHour":0,"points":866,"blocktime":645,"taken":5,"name":"minemagab","totalPoints":866,"rank":3,"id":421426,"place":7115,"uniqueZonesTaken":5,"region":{"name":"Västra Götaland","id":132}}},{"medal":84,"time":"2024-04-23T13:17:48+0000","type":"medal","user":{"country":"se","medals":[80,84],"zones":[12112,26323,12122,586546,28399],"pointsPerHour":0,"points":866,"blocktime":645,"taken":5,"name":"minemagab","totalPoints":866,"rank":3,"id":421426,"place":7115,"uniqueZonesTaken":5,"region":{"name":"Västra Götaland","id":132}}}]