[{"medal":84,"time":"2024-04-23T12:36:44+0000","type":"medal","user":{"country":"se","medals":[84],"zones":[179510,2420,481867],"pointsPerHour":0,"points":361,"blocktime":630,"taken":5,"name":"Agnes.00","totalPoints":688,"rank":2,"id":389635,"place":7101,"uniqueZonesTaken":5,"region":{"name":"Stockholm","id":141}}},{"medal":31,"time":"2024-04-23T12:36:32+0000","type":"medal","user":{"country":"se","medals":[93,80,31],"zones":[41684,426496,139262],"pointsPerHour":0,"points":607,"blocktime":690,"taken":25,"name":"Elicia8C","totalPoints":3886,"rank":6,"id":359269,"place":7101,"uniqueZonesTaken":12,"region":{"name":"Stockholm","id":141}}},{"medal":32,"time":"2024-04-23T12:34:18+0000","type":"medal","user":{"country":"de","medals":[51,92,151,32],"zones":[393029,656523,381316,393031,652845,368161,652844,381315,652846,368162,474219,474218],"pointsPerHour":0,"points":6510,"blocktime":795,"taken":100,"name":"special-k","totalPoints":34096,"rank":13,"id":416720,"place":7100,"uniqueZonesTaken":20,"region":{"name":"Schleswig-Holstein","id":443}}},{"sender":{"country":"se","medals":[16,5,67,47,4,68,21,68,68,68,68,43,70,68,27,68,68,68,68,68,25,59,77,91,30,68,68,68,68,79,24,68,68,95,26,122,126,50,125,102,89,132,155,117,28],"zones":[93761,81289,138506,481931,119470,20372,20373,558749,33751,343,136181,1786,64186,20635,34843,15516,138974,11869,11870],"pointsPerHour":80,"points":60852,"blocktime":1455,"taken":68390,"name":"torspjäsku","totalPoints":14187349,"rank":57,"id":36093,"place":676,"uniqueZonesTaken":3291,"region":{"name":"Skåne","id":135}},"time":"2024-04-23T12:26:46+0000","message":"LillemanOnTop: språkbruk tack.","region":{"name":"Skåne","id":135},"type":"chat"}]