[{"medal":84,"time":"2024-06-25T13:17:27+0000","type":"medal","user":{"country":"se","medals":[84],"zones":[],"pointsPerHour":0,"points":1112,"blocktime":645,"taken":5,"name":"skobo","totalPoints":1112,"rank":3,"id":428400,"place":7392,"uniqueZonesTaken":4,"region":{"name":"Uppsala","id":142}}},{"medal":100,"time":"2024-06-25T13:16:32+0000","type":"medal","user":{"country":"se","medals":[94,100],"zones":[225106,655864],"pointsPerHour":0,"points":1273,"blocktime":660,"taken":8,"name":"WizzedSoup","totalPoints":1273,"rank":4,"id":428575,"place":7392,"uniqueZonesTaken":7,"region":{"name":"Västra Götaland","id":132}}},{"medal":100,"time":"2024-06-25T13:15:07+0000","type":"medal","user":{"country":"se","medals":[94,85,100],"zones":[21585],"pointsPerHour":0,"points":517,"blocktime":675,"taken":20,"name":"Saga2014","totalPoints":3259,"rank":5,"id":416587,"place":7391,"uniqueZonesTaken":9,"region":{"name":"Stockholm","id":141}}},{"medal":51,"time":"2024-06-25T13:11:30+0000","type":"medal","user":{"country":"de","medals":[85,51],"zones":[200387,474213,387239,14243,14245,14247,200347,389471,381737,374139],"pointsPerHour":0,"points":2746,"blocktime":675,"taken":14,"name":"eree304619","totalPoints":2746,"rank":5,"id":428569,"place":7390,"uniqueZonesTaken":14,"region":{"name":"Hamburg","id":439}}}]