[{"medal":33,"time":"2024-06-25T14:31:58+0000","type":"medal","user":{"country":"se","medals":[94,52,11,153,127,33],"zones":[3457,42305,47043,47044,60485,92007,664461,1928,553977,285239,564446,3065,78972],"pointsPerHour":0,"points":62112,"blocktime":885,"taken":500,"name":"MrYaz","totalPoints":88778,"rank":19,"id":120138,"place":7395,"uniqueZonesTaken":71,"region":{"name":"Norrbotten","id":126}}},{"sender":{"country":"se","medals":[67,16,27,68,72,68,79,83,59,75,24,3,68,61,18,116,24,24,17,50,4,66,24,24,126,21,89,124,17,24,17,24,70,17,109,155,24,64],"zones":[],"pointsPerHour":0,"points":49030,"blocktime":1425,"taken":59133,"name":"MiniHolger","totalPoints":9895649,"rank":55,"id":56349,"place":1364,"uniqueZonesTaken":4206,"region":{"name":"Örebro","id":131}},"time":"2024-06-25T14:30:10+0000","message":"Ankan66: Härligt kört!!\ngrymt att stå pall el mot nästa steg i ligan. Du är snart på toppen!","region":{"name":"Örebro","id":131},"type":"chat"}]