[{"medal":85,"time":"2024-01-16T13:46:34+0000","type":"medal","user":{"country":"se","medals":[80,93,85],"zones":[30790],"pointsPerHour":0,"points":140,"blocktime":660,"taken":12,"name":"rofnym","totalPoints":1777,"rank":4,"id":400085,"place":5204,"uniqueZonesTaken":11,"region":{"name":"Uppsala","id":142}}},{"medal":85,"time":"2024-01-16T13:44:09+0000","type":"medal","user":{"country":"uk","medals":[85],"zones":[328178],"pointsPerHour":0,"points":1136,"blocktime":660,"taken":10,"name":"reoracing2","totalPoints":1419,"rank":4,"id":416700,"place":5203,"uniqueZonesTaken":1,"region":{"name":"Scotland","id":200}}},{"medal":151,"time":"2024-01-16T13:41:49+0000","type":"medal","user":{"country":"se","medals":[94,100,51,86,11,151],"zones":[94211,92690,7156,113864],"pointsPerHour":0,"points":10163,"blocktime":750,"taken":90,"name":"Brittis57","totalPoints":15140,"rank":10,"id":416601,"place":5203,"uniqueZonesTaken":70,"region":{"name":"Stockholm","id":141}}}]