[{"medal":151,"time":"2024-01-15T13:59:21+0000","type":"medal","user":{"country":"gb","medals":[92,31,52,151],"zones":[411334,411335,323719,15494,411338,323274,411336,323723,411337,411344,411345,478047,320600,16105,323694,114603,323695,114604,323317,323319,323696,323697,323698,392883,392895,323320,516922],"pointsPerHour":0,"points":10162,"blocktime":720,"taken":40,"name":"Pinepod","totalPoints":10162,"rank":8,"id":416872,"place":5151,"uniqueZonesTaken":35,"region":{"name":"Scotland","id":200}}},{"medal":84,"time":"2024-01-15T13:34:27+0000","type":"medal","user":{"country":"se","medals":[93,84],"zones":[43959,7771],"pointsPerHour":0,"points":265,"blocktime":630,"taken":5,"name":"AnkaretPetra","totalPoints":653,"rank":2,"id":414094,"place":5148,"uniqueZonesTaken":3,"region":{"name":"Värmland","id":130}}}]