[{"medal":80,"time":"2024-03-26T11:51:29+0000","type":"medal","user":{"country":"se","medals":[84,80],"zones":[42320,1284,202404,11399,481084],"pointsPerHour":0,"points":932,"blocktime":645,"taken":7,"name":"Hummelstamatte","totalPoints":932,"rank":3,"id":384101,"place":6575,"uniqueZonesTaken":7,"region":{"name":"Västmanland","id":143}}},{"medal":95,"time":"2024-03-26T11:49:27+0000","type":"medal","user":{"country":"se","medals":[95],"zones":[],"pointsPerHour":0,"points":110,"blocktime":600,"taken":1,"name":"GrönSiri","totalPoints":110,"rank":0,"id":419006,"place":6573,"uniqueZonesTaken":1,"region":{"name":"Västra Götaland","id":132}}},{"medal":95,"time":"2024-03-26T11:49:27+0000","type":"medal","user":{"country":"se","medals":[95],"zones":[],"pointsPerHour":0,"points":110,"blocktime":600,"taken":1,"name":"GrönFilippaa","totalPoints":110,"rank":0,"id":419001,"place":6573,"uniqueZonesTaken":1,"region":{"name":"Västra Götaland","id":132}}},{"medal":95,"time":"2024-03-26T11:49:27+0000","type":"medal","user":{"country":"se","medals":[95],"zones":[],"pointsPerHour":0,"points":110,"blocktime":600,"taken":1,"name":"grönvilda","totalPoints":110,"rank":0,"id":419002,"place":6573,"uniqueZonesTaken":1,"region":{"name":"Västra Götaland","id":132}}},{"medal":93,"time":"2024-03-26T11:48:18+0000","type":"medal","user":{"country":"se","medals":[93],"zones":[],"pointsPerHour":0,"points":65,"blocktime":600,"taken":1,"name":"rödmalin","totalPoints":65,"rank":0,"id":419008,"place":6572,"uniqueZonesTaken":1,"region":{"name":"Västra Götaland","id":132}}},{"medal":155,"time":"2024-03-26T11:43:51+0000","type":"medal","user":{"country":"se","medals":[70,16,79,126,47,28,94,77,5,117,27,102,7,132,56,14,40,155],"zones":[29344,29342],"pointsPerHour":0,"points":100744,"blocktime":1320,"taken":22220,"name":"TommyH","totalPoints":4174518,"rank":48,"id":264839,"place":6571,"uniqueZonesTaken":559,"region":{"name":"Norrbotten","id":126}}}]