[{"sender":{"country":"se","medals":[28,55,16,47,79,15,91,126,95,107,131,88,152],"zones":[24177,22758,8950,8310,79353,12012],"pointsPerHour":34,"points":28501,"blocktime":1365,"taken":43541,"name":"gotofen","totalPoints":5903612,"rank":51,"id":176600,"place":1809,"uniqueZonesTaken":1615,"region":{"name":"Västmanland","id":143}},"time":"2024-03-25T09:49:42+0000","message":"ManUtd50: Tack för att du lämade kvar Reaperzone!","region":{"name":"Västmanland","id":143},"type":"chat"},{"medal":153,"time":"2024-03-25T09:45:48+0000","type":"medal","user":{"country":"se","medals":[67,100,94,53,12,6,33,153],"zones":[12240,608426,278609,119700,246,25175,142574,28622,411800],"pointsPerHour":0,"points":50455,"blocktime":900,"taken":576,"name":"Mr_Walkman","totalPoints":102979,"rank":20,"id":417336,"place":6506,"uniqueZonesTaken":145,"region":{"name":"Stockholm","id":141}}},{"sender":{"country":"se","medals":[16,70,67,77,79,27,99,72,4,7,126,83,21,123,75,117,15,89,106,132,24,58,24,155],"zones":[203614,309514],"pointsPerHour":3,"points":55894,"blocktime":1440,"taken":63765,"name":"Tompa_65","totalPoints":12421660,"rank":56,"id":160985,"place":988,"uniqueZonesTaken":1116,"region":{"name":"Skåne","id":135}},"time":"2024-03-25T09:34:33+0000","message":"findblek: Heja heja Grymt bra jobbat","region":{"name":"Skåne","id":135},"type":"chat"}]