[{"medal":84,"time":"2024-04-02T11:42:26+0000","type":"medal","user":{"country":"se","medals":[80,84],"zones":[95225,20633,554,28330,32460],"pointsPerHour":0,"points":466,"blocktime":10,"taken":5,"name":"the3amigos","totalPoints":466,"rank":2,"id":419315,"place":7102,"uniqueZonesTaken":5,"region":{"name":"Skåne","id":135}}},{"medal":80,"time":"2024-04-02T11:42:26+0000","type":"medal","user":{"country":"se","medals":[80,84],"zones":[95225,20633,554,28330,32460],"pointsPerHour":0,"points":466,"blocktime":10,"taken":5,"name":"the3amigos","totalPoints":466,"rank":2,"id":419315,"place":7102,"uniqueZonesTaken":5,"region":{"name":"Skåne","id":135}}}]