[{"sender":{"country":"uk","medals":[93,78,55,90,103,6,13,33,153,16],"zones":[557001,650888,557005,608335,608334,496399,496398,496397,650885,465943,496406,496405,496404,340432,496401,496400,340440,465945,496408,323828,653240,651902,653239,653238],"pointsPerHour":26,"points":18348,"blocktime":1035,"taken":770,"name":"Annie9jobs","totalPoints":277481,"rank":29,"id":400155,"place":1723,"uniqueZonesTaken":345,"region":{"name":"North East England","id":199}},"time":"2024-02-20T12:53:34+0000","message":"Pest: Hi to you two :)","region":{"name":"North East England","id":199},"type":"chat"},{"sender":{"country":"se","medals":[55,62,47,5,67,16,28,22,70,4,98,79,77,24,24,66,15,24,103,126,122,17,117,118,24,130,155],"zones":[22080,41840,354,2259,729,5595,22747,3116],"pointsPerHour":53,"points":40507,"blocktime":1440,"taken":91022,"name":"annilin","totalPoints":12993969,"rank":56,"id":42445,"place":834,"uniqueZonesTaken":1389,"region":{"name":"Örebro","id":131}},"time":"2024-02-20T12:53:20+0000","message":"TwistedThistle: Träffade en gående Sjois på Stortorget:)","region":{"name":"Örebro","id":131},"type":"chat"},{"sender":{"country":"uk","medals":[79,77,16,46,55,122,127,6,35,90,14,70,5,112,24,101,152],"zones":[14576,355673,318057,355674],"pointsPerHour":7,"points":11663,"blocktime":1170,"taken":4600,"name":"EsocNora","totalPoints":1083243,"rank":38,"id":335082,"place":2291,"uniqueZonesTaken":632,"region":{"name":"Scotland","id":200}},"time":"2024-02-20T12:53:01+0000","message":"gaelgirl: Assist VeteranZone? Or happy to get out of your way and take later!","region":{"name":"Scotland","id":200},"type":"chat"},{"medal":31,"time":"2024-02-20T12:48:25+0000","type":"medal","user":{"country":"se","medals":[80,31],"zones":[545775],"pointsPerHour":0,"points":5993,"blocktime":705,"taken":25,"name":"Tigu","totalPoints":5993,"rank":7,"id":417530,"place":5738,"uniqueZonesTaken":8,"region":{"name":"Uppsala","id":142}}}]