[{"sender":{"country":"se","medals":[77,79,47,28,4,16,27,70,66,58,122,102,126,36,97,15,67,151],"zones":[9424,474053,21170,563182,318751,31788,451595],"pointsPerHour":10,"points":11964,"blocktime":1230,"taken":6022,"name":"mazn","totalPoints":1998922,"rank":42,"id":193126,"place":2193,"uniqueZonesTaken":1148,"region":{"name":"Dalarna","id":129}},"time":"2024-02-19T16:27:51+0000","message":"vi kanske kan ta någon tillsammans? 👍🏼","region":{"name":"Dalarna","id":129},"type":"chat"},{"sender":{"country":"se","medals":[77,79,47,28,4,16,27,70,66,58,122,102,126,36,97,15,67,151],"zones":[9424,474053,21170,563182,318751,31788,451595],"pointsPerHour":10,"points":11964,"blocktime":1230,"taken":6022,"name":"mazn","totalPoints":1998922,"rank":42,"id":193126,"place":2193,"uniqueZonesTaken":1148,"region":{"name":"Dalarna","id":129}},"time":"2024-02-19T16:25:37+0000","message":"Trampa: hej, var är du på väg? jag vill gärna ta de söder om stora vägen","region":{"name":"Dalarna","id":129},"type":"chat"},{"medal":51,"time":"2024-02-19T16:25:03+0000","type":"medal","user":{"country":"se","medals":[85,51],"zones":[16788,150,37078,151,46889,122456,13503,143,94238,92846],"pointsPerHour":0,"points":1549,"blocktime":660,"taken":15,"name":"ShaneK","totalPoints":1549,"rank":4,"id":417173,"place":5683,"uniqueZonesTaken":13,"region":{"name":"Stockholm","id":141}}}]