[{"country":"fi","sender":{"country":"fi","medals":[96,85],"zones":[],"pointsPerHour":0,"points":0,"blocktime":11,"taken":12,"name":"myrasötis","totalPoints":1762,"rank":4,"id":404731,"place":4323,"uniqueZonesTaken":4},"time":"2024-01-09T17:44:23+0000","message":"Ccx","type":"chat"},{"country":"fi","sender":{"country":"fi","medals":[96,85],"zones":[],"pointsPerHour":0,"points":0,"blocktime":11,"taken":12,"name":"myrasötis","totalPoints":1762,"rank":4,"id":404731,"place":4323,"uniqueZonesTaken":4},"time":"2024-01-09T17:44:20+0000","message":"Jdjdenber","type":"chat"},{"sender":{"country":"fi","medals":[96,85],"zones":[],"pointsPerHour":0,"points":0,"blocktime":11,"taken":12,"name":"myrasötis","totalPoints":1762,"rank":4,"id":404731,"place":4323,"uniqueZonesTaken":4},"time":"2024-01-09T17:44:12+0000","message":"stefanx46: x","type":"chat"},{"sender":{"country":"fi","medals":[96,85],"zones":[],"pointsPerHour":0,"points":0,"blocktime":11,"taken":12,"name":"myrasötis","totalPoints":1762,"rank":4,"id":404731,"place":4323,"uniqueZonesTaken":4},"time":"2024-01-09T17:44:11+0000","message":"stefanx46: cd","type":"chat"},{"sender":{"country":"fi","medals":[96,85],"zones":[],"pointsPerHour":0,"points":0,"blocktime":11,"taken":12,"name":"myrasötis","totalPoints":1762,"rank":4,"id":404731,"place":4323,"uniqueZonesTaken":4},"time":"2024-01-09T17:44:10+0000","message":"LordNorth:","type":"chat"},{"sender":{"country":"fi","medals":[96,85],"zones":[],"pointsPerHour":0,"points":0,"blocktime":11,"taken":12,"name":"myrasötis","totalPoints":1762,"rank":4,"id":404731,"place":4323,"uniqueZonesTaken":4},"time":"2024-01-09T17:44:10+0000","message":"KingenMalmö:","type":"chat"},{"sender":{"country":"fi","medals":[96,85],"zones":[],"pointsPerHour":0,"points":0,"blocktime":11,"taken":12,"name":"myrasötis","totalPoints":1762,"rank":4,"id":404731,"place":4323,"uniqueZonesTaken":4},"time":"2024-01-09T17:44:09+0000","message":"F","type":"chat"},{"sender":{"country":"fi","medals":[96,85],"zones":[],"pointsPerHour":0,"points":0,"blocktime":11,"taken":12,"name":"myrasötis","totalPoints":1762,"rank":4,"id":404731,"place":4323,"uniqueZonesTaken":4},"time":"2024-01-09T17:44:07+0000","message":"kiitos","type":"chat"},{"sender":{"country":"fi","medals":[96,85],"zones":[],"pointsPerHour":0,"points":0,"blocktime":11,"taken":12,"name":"myrasötis","totalPoints":1762,"rank":4,"id":404731,"place":4323,"uniqueZonesTaken":4},"time":"2024-01-09T17:43:55+0000","message":"Fack uou","type":"chat"},{"sender":{"country":"se","medals":[123,22,127,79,72,58,48,15,95,36,16,104,77],"zones":[],"pointsPerHour":0,"points":85,"blocktime":20,"taken":7360,"name":"Zykla","totalPoints":1269563,"rank":40,"id":336290,"place":3898,"uniqueZonesTaken":1309,"region":{"name":"Stockholm","id":141}},"time":"2024-01-09T17:42:56+0000","message":"magnusn: Becksvart?","region":{"name":"Stockholm","id":141},"type":"chat"},{"sender":{"country":"se","medals":[5,70,12,67,6,16,10,55,35,152],"zones":[525192,219714,176739,138240,55940,193350,8040,411273,21875,24149,42329,141755,42330,6907,6910,526902,141756,141757],"pointsPerHour":21,"points":7999,"blocktime":19,"taken":2675,"name":"pulvermos","totalPoints":897122,"rank":37,"id":12520,"place":695,"uniqueZonesTaken":231,"region":{"name":"Norrbotten","id":126}},"time":"2024-01-09T17:08:59+0000","message":"chokladapa: du kämpar på rätt bra du å :D","region":{"name":"Norrbotten","id":126},"type":"chat"}]