[{"medal":86,"time":"2024-01-08T08:39:47+0000","type":"medal","user":{"country":"se","medals":[92,51,86],"zones":[115793,319430,154673,206352,560860,601566,41655,21530,98154,177708],"pointsPerHour":0,"points":2533,"blocktime":12,"taken":50,"name":"GUSNOR","totalPoints":12136,"rank":9,"id":416431,"place":3528,"uniqueZonesTaken":42,"region":{"name":"Jämtland","id":128}}},{"medal":85,"time":"2024-01-08T08:33:26+0000","type":"medal","user":{"country":"se","medals":[80,85],"zones":[134694,328496,136005,114121,11417,8139,8140],"pointsPerHour":0,"points":2133,"blocktime":11,"taken":10,"name":"Friskytt","totalPoints":2133,"rank":5,"id":415408,"place":3524,"uniqueZonesTaken":10,"region":{"name":"Skåne","id":135}}}]