[{"medal":34,"time":"2024-01-08T12:29:18+0000","type":"medal","user":{"country":"se","medals":[94,51,78,12,102,7,34],"zones":[543],"pointsPerHour":0,"points":125,"blocktime":16,"taken":1000,"name":"Flip81","totalPoints":168740,"rank":24,"id":281426,"place":3737,"uniqueZonesTaken":224,"region":{"name":"Örebro","id":131}}},{"sender":{"country":"se","medals":[67,94,100,15,5,46,28,16,70,79,127,66,27,122,4,58,154,37],"zones":[93376,223842,45107,11955,14982,137530,23945,29020],"pointsPerHour":8,"points":1860,"blocktime":20,"taken":7759,"name":"avante","totalPoints":2229564,"rank":43,"id":210701,"place":1377,"uniqueZonesTaken":2019,"region":{"name":"Jönköping","id":133}},"time":"2024-01-08T12:03:58+0000","message":"geoturfwera: God jul i förskott! 😊","region":{"name":"Jönköping","id":133},"type":"chat"}]