[{"medal":77,"time":"2024-02-27T20:58:09+0000","type":"medal","user":{"country":"se","medals":[13,95,6,70,35,46,154,55,10,78,16,104,117,128,77],"zones":[147235,22084,515203,21380,21383,25896,381421,93192,526881,24234,66890,651397,24237,98062,98064,23987,578994,578995,92730,2843,137534,141245],"pointsPerHour":0,"points":62075,"blocktime":18,"taken":2843,"name":"YogaN","totalPoints":553530,"rank":33,"id":382088,"place":6033,"uniqueZonesTaken":433,"region":{"name":"Kalmar","id":137}}},{"medal":84,"time":"2024-02-27T20:57:58+0000","type":"medal","user":{"country":"se","medals":[80,84],"zones":[28370,1012,63990,560820,94204],"pointsPerHour":0,"points":753,"blocktime":10,"taken":5,"name":"Redsnake","totalPoints":753,"rank":3,"id":417940,"place":6033,"uniqueZonesTaken":5,"region":{"name":"Stockholm","id":141}}},{"medal":80,"time":"2024-02-27T20:57:58+0000","type":"medal","user":{"country":"se","medals":[80,84],"zones":[28370,1012,63990,560820,94204],"pointsPerHour":0,"points":753,"blocktime":10,"taken":5,"name":"Redsnake","totalPoints":753,"rank":3,"id":417940,"place":6033,"uniqueZonesTaken":5,"region":{"name":"Stockholm","id":141}}},{"medal":128,"time":"2024-02-27T20:35:42+0000","type":"medal","user":{"country":"se","medals":[5,77,16,55,24,112,13,6,78,46,122,10,34,153,128],"zones":[233587,28945,95250,28948,28936,1353,139291,139289,603428,502729,75887],"pointsPerHour":0,"points":58217,"blocktime":17,"taken":1246,"name":"TheFamousMoose","totalPoints":327665,"rank":30,"id":394703,"place":6033,"uniqueZonesTaken":458,"region":{"name":"Västra Götaland","id":132}}}]