[{"medal":151,"time":"2024-02-26T12:04:46+0000","type":"medal","user":{"country":"se","medals":[79,94,28,13,107,52,47,35,77,127,151],"zones":[1061,9579],"pointsPerHour":0,"points":10122,"blocktime":17,"taken":2987,"name":"Nattuven","totalPoints":375683,"rank":31,"id":139503,"place":5928,"uniqueZonesTaken":289,"region":{"name":"Södermanland","id":140}}},{"sender":{"country":"se","medals":[16,9,4,72,48,68,79,24,77,68,96,68,68,59,7,15,122,67,5,126,68,118,103,151],"zones":[],"pointsPerHour":0,"points":10879,"blocktime":24,"taken":84968,"name":"Suzzo","totalPoints":19504494,"rank":58,"id":123234,"place":2809,"uniqueZonesTaken":1572,"region":{"name":"Södermanland","id":140}},"time":"2024-02-26T11:59:05+0000","message":"plux: ungefär så 😇","region":{"name":"Södermanland","id":140},"type":"chat"}]