[{"medal":93,"time":"2024-03-26T09:29:20+0000","type":"medal","user":{"country":"se","medals":[93],"zones":[],"pointsPerHour":0,"points":110,"blocktime":10,"taken":1,"name":"rödsaga","totalPoints":110,"rank":0,"id":418990,"place":6566,"uniqueZonesTaken":1,"region":{"name":"Västra Götaland","id":132}}},{"medal":152,"time":"2024-03-26T09:27:36+0000","type":"medal","user":{"country":"se","medals":[93,52,33,12,152],"zones":[601385,95107,22275,17668,61797,95111,93739,906,90929,593,117715,138512,37143,37144,2297,115064,228056,26527],"pointsPerHour":0,"points":25075,"blocktime":14,"taken":713,"name":"MimmiochMolly","totalPoints":96626,"rank":19,"id":416030,"place":6564,"uniqueZonesTaken":100,"region":{"name":"Östergötland","id":139}}},{"medal":95,"time":"2024-03-26T09:25:52+0000","type":"medal","user":{"country":"se","medals":[95],"zones":[],"pointsPerHour":0,"points":80,"blocktime":10,"taken":1,"name":"blåaliciabäst","totalPoints":80,"rank":0,"id":418981,"place":6564,"uniqueZonesTaken":1,"region":{"name":"Västra Götaland","id":132}}},{"medal":95,"time":"2024-03-26T09:25:52+0000","type":"medal","user":{"country":"se","medals":[95],"zones":[11451],"pointsPerHour":0,"points":240,"blocktime":10,"taken":3,"name":"blåemmaaa","totalPoints":240,"rank":1,"id":418982,"place":6564,"uniqueZonesTaken":3,"region":{"name":"Västra Götaland","id":132}}},{"medal":95,"time":"2024-03-26T09:25:52+0000","type":"medal","user":{"country":"se","medals":[95],"zones":[11452],"pointsPerHour":0,"points":160,"blocktime":10,"taken":2,"name":"Blåfelicia","totalPoints":160,"rank":0,"id":418979,"place":6564,"uniqueZonesTaken":2,"region":{"name":"Västra Götaland","id":132}}}]