[{"medal":128,"time":"2024-03-26T13:07:57+0000","type":"medal","user":{"country":"se","medals":[67,16,28,22,4,48,70,27,60,68,15,79,99,77,7,83,68,102,123,89,155,128],"zones":[21605,79723,33260],"pointsPerHour":0,"points":26103,"blocktime":23,"taken":52503,"name":"Glasskamp","totalPoints":9919698,"rank":55,"id":23066,"place":6599,"uniqueZonesTaken":1986,"region":{"name":"Uppsala","id":142}}},{"medal":151,"time":"2024-03-26T12:54:29+0000","type":"medal","user":{"country":"se","medals":[5,46,16,22,6,10,67,13,56,70,9,71,77,100,94,126,40,151],"zones":[30344],"pointsPerHour":0,"points":10305,"blocktime":22,"taken":23072,"name":"Kelly","totalPoints":4049944,"rank":48,"id":46643,"place":6597,"uniqueZonesTaken":485,"region":{"name":"Östergötland","id":139}}}]