[{"country":"se","sender":{"country":"se","medals":[],"zones":[],"pointsPerHour":0,"points":0,"blocktime":10,"taken":0,"name":"Eliassssssssss","totalPoints":0,"rank":0,"id":422244,"place":7790,"uniqueZonesTaken":0},"time":"2024-04-30T11:50:23+0000","message":"what the sigma","type":"chat"},{"medal":152,"time":"2024-04-30T11:49:47+0000","type":"medal","user":{"country":"se","medals":[90,4,12,79,16,95,127,53,46,104,7,35,152],"zones":[258197,224026,154511],"pointsPerHour":0,"points":25068,"blocktime":18,"taken":2825,"name":"TurfKrabban","totalPoints":536895,"rank":33,"id":355956,"place":7790,"uniqueZonesTaken":147,"region":{"name":"Stockholm","id":141}}},{"medal":151,"time":"2024-04-30T11:45:32+0000","type":"medal","user":{"country":"se","medals":[51,86,151],"zones":[474055,7281,220705,64850,64851,24723,31785,518941,92015,133356],"pointsPerHour":0,"points":10519,"blocktime":12,"taken":58,"name":"manolito49","totalPoints":10519,"rank":8,"id":421492,"place":7790,"uniqueZonesTaken":14,"region":{"name":"Dalarna","id":129}}}]