[{"medal":84,"time":"2024-04-29T12:46:09+0000","type":"medal","user":{"country":"se","medals":[80,84],"zones":[21740,226814,7870,814,29135],"pointsPerHour":0,"points":748,"blocktime":10,"taken":5,"name":"B201","totalPoints":748,"rank":3,"id":422060,"place":7667,"uniqueZonesTaken":5,"region":{"name":"Jönköping","id":133}}},{"medal":80,"time":"2024-04-29T12:46:09+0000","type":"medal","user":{"country":"se","medals":[80,84],"zones":[21740,226814,7870,814,29135],"pointsPerHour":0,"points":748,"blocktime":10,"taken":5,"name":"B201","totalPoints":748,"rank":3,"id":422060,"place":7667,"uniqueZonesTaken":5,"region":{"name":"Jönköping","id":133}}},{"sender":{"country":"se","medals":[5,28,77,79,70,67,16,24,112,24,47,56,24,126,15,4,123,7,21,108,27,24,132,88,155],"zones":[176,113,12420,326,78438,171],"pointsPerHour":53,"points":9980,"blocktime":23,"taken":43929,"name":"Pekman","totalPoints":7199723,"rank":52,"id":230852,"place":3242,"uniqueZonesTaken":2318,"region":{"name":"Stockholm","id":141}},"time":"2024-04-29T12:45:11+0000","message":"jobbar på det.  medicinerar nu.","region":{"name":"Stockholm","id":141},"type":"chat"},{"sender":{"country":"se","medals":[67,46,79,126,4,117,95,14,6,16,122,55,77,28,131,104,154,41],"zones":[7584,37410,78434,117767,267,113898,91694,24280,22203,37405,37406,97438],"pointsPerHour":61,"points":68899,"blocktime":21,"taken":25488,"name":"mummis","totalPoints":3827875,"rank":47,"id":229432,"place":850,"uniqueZonesTaken":884,"region":{"name":"Stockholm","id":141}},"time":"2024-04-29T12:44:45+0000","message":"Pekman: vad tråkigt😪 hoppas det blir bättre","region":{"name":"Stockholm","id":141},"type":"chat"},{"sender":{"country":"se","medals":[5,28,77,79,70,67,16,24,112,24,47,56,24,126,15,4,123,7,21,108,27,24,132,88,155],"zones":[240,176,113,12420,326,78438,171],"pointsPerHour":62,"points":9979,"blocktime":23,"taken":43929,"name":"Pekman","totalPoints":7199722,"rank":52,"id":230852,"place":3242,"uniqueZonesTaken":2318,"region":{"name":"Stockholm","id":141}},"time":"2024-04-29T12:44:12+0000","message":"okej, men har mått bättre 🫣 lederna bråkar 😪","region":{"name":"Stockholm","id":141},"type":"chat"},{"sender":{"country":"se","medals":[67,46,79,126,4,117,95,14,6,16,122,55,77,28,131,104,154,41],"zones":[7584,37410,78434,117767,267,113898,91694,24280,22203,37405,37406,97438],"pointsPerHour":61,"points":68897,"blocktime":21,"taken":25488,"name":"mummis","totalPoints":3827874,"rank":47,"id":229432,"place":850,"uniqueZonesTaken":884,"region":{"name":"Stockholm","id":141}},"time":"2024-04-29T12:43:26+0000","message":"Pekman: hej hur är det med dig?😊","region":{"name":"Stockholm","id":141},"type":"chat"},{"medal":14,"time":"2024-04-29T12:43:02+0000","type":"medal","user":{"country":"se","medals":[5,16,34,70,10,46,67,155,101,94,127,122,78,59,117,14],"zones":[655597,176186,138,173],"pointsPerHour":0,"points":3379,"blocktime":18,"taken":2256,"name":"Jonteman","totalPoints":746694,"rank":35,"id":3898,"place":7667,"uniqueZonesTaken":500,"region":{"name":"Västra Götaland","id":132}}},{"medal":152,"time":"2024-04-29T12:42:50+0000","type":"medal","user":{"country":"se","medals":[79,95,12,33,22,127,6,103,52,24,90,152],"zones":[13296,119222,275327],"pointsPerHour":0,"points":25034,"blocktime":15,"taken":924,"name":"xeandorm","totalPoints":124425,"rank":21,"id":313769,"place":7667,"uniqueZonesTaken":146,"region":{"name":"Stockholm","id":141}}},{"sender":{"country":"se","medals":[5,28,77,79,70,67,16,24,112,24,47,56,24,126,15,4,123,7,21,108,27,24,132,88,155],"zones":[240,176,113,12420,326,78438,171,22203],"pointsPerHour":70,"points":9977,"blocktime":23,"taken":43929,"name":"Pekman","totalPoints":7199720,"rank":52,"id":230852,"place":3242,"uniqueZonesTaken":2318,"region":{"name":"Stockholm","id":141}},"time":"2024-04-29T12:42:47+0000","message":"mummis 🤗","region":{"name":"Stockholm","id":141},"type":"chat"},{"sender":{"country":"se","medals":[67,9,16,24,22,57,48,24,72,79,77,24,66,26,24,17,116,83,117,24,24,50,24,17,4,24,111,24,27,124,126,17,130,17,119,24,17,155,24],"zones":[43648,31344,33681,281792,636573,31380,34120,636577,636576,98296,162972],"pointsPerHour":50,"points":92741,"blocktime":24,"taken":111661,"name":"VÄDUREN","totalPoints":14115720,"rank":57,"id":92950,"place":575,"uniqueZonesTaken":4362,"region":{"name":"Västmanland","id":143}},"time":"2024-04-29T12:39:37+0000","message":"Tjosan78: 👍","region":{"name":"Västmanland","id":143},"type":"chat"}]