[{"medal":151,"time":"2024-04-16T13:50:06+0000","type":"medal","user":{"country":"no","medals":[16,6,93,28,57,13,46,69,68,35,100,70,151],"zones":[9185,41794,57043,17748,9189,9193,9179,58894,179132],"pointsPerHour":0,"points":10136,"blocktime":20,"taken":4460,"name":"superkarianne","totalPoints":1321829,"rank":40,"id":144254,"place":6272,"uniqueZonesTaken":384,"region":{"name":"Østlandet","id":179}}},{"medal":34,"time":"2024-04-16T13:32:06+0000","type":"medal","user":{"country":"de","medals":[78,68,10,93,55,153,7,13,68,68,34],"zones":[430855,514506,430856,650776,1265,388438,654237,141524,187413,202356,154936,388441,92252],"pointsPerHour":0,"points":7990,"blocktime":17,"taken":1000,"name":"Nbert","totalPoints":367313,"rank":31,"id":385937,"place":6270,"uniqueZonesTaken":273,"region":{"name":"Hamburg","id":439}}}]