[{"sender":{"country":"se","medals":[17,16,17,79,24,17,116,47,27,56,4,77,117,28,24,126,22,24,15,5,122,89,131,66,30,111,154],"zones":[141568,61609,601701,92341,515602,547997,109079,8374,92342,24088,92344,29307],"pointsPerHour":29,"points":26629,"blocktime":23,"taken":63145,"name":"krokodilen","totalPoints":10919838,"rank":55,"id":45356,"place":629,"uniqueZonesTaken":1248,"region":{"name":"Stockholm","id":141}},"time":"2024-01-16T06:21:29+0000","message":"alligatorn hur känns det?","region":{"name":"Stockholm","id":141},"type":"chat"}]