[{"medal":109,"time":"2024-03-05T17:23:23+0000","type":"medal","user":{"country":"se","medals":[17,16,70,79,68,126,28,77,17,116,132,15,17,66,122,47,55,39,153,109],"zones":[30804,119701,90101,122455,1626],"pointsPerHour":0,"points":8067,"blocktime":20,"taken":16916,"name":"baloot","totalPoints":2091192,"rank":43,"id":191847,"place":4535,"uniqueZonesTaken":1479,"region":{"name":"Stockholm","id":141}}},{"medal":31,"time":"2024-03-05T17:14:57+0000","type":"medal","user":{"country":"se","medals":[94,80,92,31],"zones":[5408,6993,11123,85765,224549,11862,78793,11643],"pointsPerHour":0,"points":880,"blocktime":11,"taken":25,"name":"CaptainOfBugs","totalPoints":6095,"rank":7,"id":370274,"place":4535,"uniqueZonesTaken":19,"region":{"name":"Västerbotten","id":127}}}]