[{"sender":{"country":"se","medals":[5,64,67,47,28,55,24,4,16,98,15,79,38,128,66,152,104],"zones":[26864,22354,455922,54294,283843,2842,223998,464762,942,943],"pointsPerHour":58,"points":4204,"blocktime":21,"taken":13993,"name":"annaviljan","totalPoints":2508583,"rank":44,"id":41481,"place":1640,"uniqueZonesTaken":1515,"region":{"name":"Kalmar","id":137}},"time":"2024-03-05T16:32:56+0000","message":"Spinning66: gåturfar du i kylan 🥶. Det var kallt att cykla!!","region":{"name":"Kalmar","id":137},"type":"chat"},{"sender":{"country":"se","medals":[16,9,4,24,67,27,17,17,70,21,77,79,24,117,24,24,17,116,72,24,66,24,24,24,124,126,24,75,24,17,24,17,121,83,24,110,24,24,118,24,17,24,24,24,58,24,155,132],"zones":[7296,92848,23123,7300,7301,199108,94233,15354,78442,20813,15055],"pointsPerHour":56,"points":8077,"blocktime":24,"taken":83112,"name":"TheCat","totalPoints":15283718,"rank":58,"id":35712,"place":958,"uniqueZonesTaken":11499,"region":{"name":"Stockholm","id":141}},"time":"2024-03-05T16:29:13+0000","message":"titagrå& kan du vänta?","region":{"name":"Stockholm","id":141},"type":"chat"}]