[{"medal":86,"time":"2024-04-01T09:48:30+0000","type":"medal","user":{"country":"se","medals":[93,90,102,11,86],"zones":[570178],"pointsPerHour":0,"points":3300,"blocktime":720,"taken":64,"name":"DetBlirKulSen","totalPoints":8325,"rank":8,"id":417773,"place":7031,"uniqueZonesTaken":58,"region":{"name":"Västra Götaland","id":132}}},{"medal":153,"time":"2024-04-01T09:47:43+0000","type":"medal","user":{"country":"se","medals":[126,94,90,17,13,52,37,103,128,153],"zones":[37536,7250,323895,397954,515651,607374,78616,155342,155340,18207],"pointsPerHour":0,"points":50025,"blocktime":1185,"taken":9726,"name":"mockin","totalPoints":1181241,"rank":39,"id":211709,"place":7031,"uniqueZonesTaken":403,"region":{"name":"Västerbotten","id":127}}},{"sender":{"country":"se","medals":[16,44,17,27,4,24,67,70,17,30,24,58,68,72,26,21,48,24,77,79,91,24,83,24,25,117,24,17,115,45,24,89,107,126,124,127,121,24,154],"zones":[139072,528010,286146,601473,114899,114901,568220,547421,24279,110873,28377,64859,347992,560981,652500,21534,7584,26276,26277,226856,364841,320680,50285,175,228211,61489,61490,78453,116,108980,65078],"pointsPerHour":109,"points":63466,"blocktime":1440,"taken":70137,"name":"LBz","totalPoints":11133596,"rank":56,"id":53734,"place":1168,"uniqueZonesTaken":11190,"region":{"name":"Stockholm","id":141}},"time":"2024-04-01T09:46:21+0000","message":"acinom66: tackar 😎🙋","region":{"name":"Stockholm","id":141},"type":"chat"},{"medal":151,"time":"2024-04-01T09:45:38+0000","type":"medal","user":{"country":"se","medals":[46,70,28,13,71,55,101,66,16,96,128,37,151],"zones":[49139,601823,31899,94126,43727],"pointsPerHour":0,"points":10014,"blocktime":1200,"taken":7599,"name":"Papillon","totalPoints":1431319,"rank":40,"id":97356,"place":7031,"uniqueZonesTaken":387,"region":{"name":"Uppsala","id":142}}},{"sender":{"country":"se","medals":[16,66,5,67,27,47,26,4,56,77,99,28,117,50,79,122,126,107,128,41,153],"zones":[37841,82402,7667,653071],"pointsPerHour":7,"points":39383,"blocktime":1350,"taken":26944,"name":"acinom66","totalPoints":5368455,"rank":50,"id":32394,"place":1729,"uniqueZonesTaken":4414,"region":{"name":"Stockholm","id":141}},"time":"2024-04-01T09:44:50+0000","message":"LBz: Välkommen till Länna!!!","region":{"name":"Stockholm","id":141},"type":"chat"}]