[{"medal":84,"time":"2024-03-27T13:12:29+0000","type":"medal","user":{"country":"se","medals":[93,84],"zones":[69010,387,11452],"pointsPerHour":0,"points":376,"blocktime":615,"taken":5,"name":"GrönAlvin","totalPoints":376,"rank":1,"id":419078,"place":6663,"uniqueZonesTaken":5,"region":{"name":"Västra Götaland","id":132}}},{"medal":153,"time":"2024-03-27T13:12:18+0000","type":"medal","user":{"country":"se","medals":[4,16,70,5,67,55,7,79,77,72,94,103,47,15,127,41,153],"zones":[60729,570,55820,43645],"pointsPerHour":0,"points":51244,"blocktime":1350,"taken":25830,"name":"HolmfridS","totalPoints":5198278,"rank":50,"id":119398,"place":6663,"uniqueZonesTaken":1121,"region":{"name":"Västmanland","id":143}}},{"medal":128,"time":"2024-03-27T13:06:55+0000","type":"medal","user":{"country":"se","medals":[126,94,90,17,13,52,37,103,152,128],"zones":[590185,496597,44554,9419,8588],"pointsPerHour":0,"points":44408,"blocktime":1185,"taken":9691,"name":"mockin","totalPoints":1175623,"rank":39,"id":211709,"place":6663,"uniqueZonesTaken":396,"region":{"name":"Västerbotten","id":127}}}]