[{"medal":85,"time":"2024-03-25T13:17:26+0000","type":"medal","user":{"country":"se","medals":[80,85],"zones":[107456,27617,1395,107446,23895,107451,10890,10893,105310],"pointsPerHour":0,"points":1618,"blocktime":660,"taken":10,"name":"filleochmanne","totalPoints":1618,"rank":4,"id":418963,"place":6524,"uniqueZonesTaken":10,"region":{"name":"Västra Götaland","id":132}}},{"medal":46,"time":"2024-03-25T13:15:53+0000","type":"medal","user":{"country":"se","medals":[90,32,12,71,152,54,46],"zones":[8193,30340,96135,1416,269,24078,7441,37396,24086,214,7574,106518,24087,7575,608529,637138,122333,139038,94428,25374,208732,25376,177699,25377,126499,25378,24098,430693,24099,120677,24100,485667,96361,25391,25392,61493,24245,139067,80699,97085,82877,154175,80700],"pointsPerHour":0,"points":26396,"blocktime":780,"taken":145,"name":"nighthunter68","totalPoints":26396,"rank":12,"id":418440,"place":6524,"uniqueZonesTaken":117,"region":{"name":"Stockholm","id":141}}},{"medal":85,"time":"2024-03-25T13:14:56+0000","type":"medal","user":{"country":"se","medals":[80,93,85],"zones":[29585,10910,107455],"pointsPerHour":0,"points":2074,"blocktime":675,"taken":11,"name":"Daddy_flex","totalPoints":2074,"rank":5,"id":418671,"place":6524,"uniqueZonesTaken":8,"region":{"name":"Västra Götaland","id":132}}},{"medal":12,"time":"2024-03-25T13:13:30+0000","type":"medal","user":{"country":"se","medals":[151,93,52,33,12],"zones":[601385,107747,117715,22275,61797,95111,37143,93739,8158,26527],"pointsPerHour":0,"points":23495,"blocktime":885,"taken":701,"name":"MimmiochMolly","totalPoints":95046,"rank":19,"id":416030,"place":6524,"uniqueZonesTaken":100,"region":{"name":"Östergötland","id":139}}}]