[{"medal":80,"time":"2024-01-29T16:21:53+0000","type":"medal","user":{"country":"se","medals":[84,80],"zones":[27616,176771,568298,27609,653075],"pointsPerHour":0,"points":1269,"blocktime":660,"taken":9,"name":"claso","totalPoints":1269,"rank":4,"id":417219,"place":5931,"uniqueZonesTaken":8,"region":{"name":"Västra Götaland","id":132}}},{"medal":92,"time":"2024-01-29T16:17:13+0000","type":"medal","user":{"country":"se","medals":[93,80,85,92],"zones":[28193,27844,1749,23962,224718,560407,1135],"pointsPerHour":0,"points":2111,"blocktime":675,"taken":16,"name":"bombasa","totalPoints":2111,"rank":5,"id":417187,"place":5931,"uniqueZonesTaken":15,"region":{"name":"Skåne","id":135}}}]