[{"medal":94,"time":"2024-01-30T09:21:28+0000","type":"medal","user":{"country":"se","medals":[94],"zones":[7258],"pointsPerHour":0,"points":130,"blocktime":600,"taken":2,"name":"BTS:","totalPoints":130,"rank":0,"id":417280,"place":5966,"uniqueZonesTaken":2,"region":{"name":"Västmanland","id":143}}},{"medal":94,"time":"2024-01-30T09:21:28+0000","type":"medal","user":{"country":"se","medals":[94],"zones":[92116],"pointsPerHour":0,"points":130,"blocktime":600,"taken":2,"name":"TBS.RIH","totalPoints":130,"rank":0,"id":417281,"place":5966,"uniqueZonesTaken":2,"region":{"name":"Västmanland","id":143}}},{"medal":80,"time":"2024-01-30T09:12:52+0000","type":"medal","user":{"country":"se","medals":[84,80],"zones":[513,27827,390,44333,399],"pointsPerHour":0,"points":642,"blocktime":630,"taken":6,"name":"tamara.rada","totalPoints":642,"rank":2,"id":417262,"place":5959,"uniqueZonesTaken":6,"region":{"name":"Skåne","id":135}}}]