[{"medal":51,"time":"2024-01-30T10:10:09+0000","type":"medal","user":{"country":"se","medals":[85,93,51],"zones":[94913,14602,63754,7258,63803,5579,6843,23662,31982,9679],"pointsPerHour":0,"points":967,"blocktime":645,"taken":12,"name":"tbseliseaminat","totalPoints":967,"rank":3,"id":417284,"place":5982,"uniqueZonesTaken":12,"region":{"name":"Västmanland","id":143}}},{"medal":84,"time":"2024-01-30T10:09:33+0000","type":"medal","user":{"country":"se","medals":[94,84],"zones":[34564,34565,94121,514504],"pointsPerHour":0,"points":612,"blocktime":630,"taken":5,"name":"Disa.-.","totalPoints":612,"rank":2,"id":417235,"place":5982,"uniqueZonesTaken":5,"region":{"name":"Stockholm","id":141}}},{"medal":85,"time":"2024-01-30T10:04:15+0000","type":"medal","user":{"country":"se","medals":[51,85],"zones":[17552,6098,31955,63652,485,18678,78534,9674,115963,31339],"pointsPerHour":0,"points":995,"blocktime":645,"taken":10,"name":"tbsSicarios","totalPoints":995,"rank":3,"id":417282,"place":5981,"uniqueZonesTaken":10,"region":{"name":"Västmanland","id":143}}},{"medal":51,"time":"2024-01-30T10:04:15+0000","type":"medal","user":{"country":"se","medals":[51,85],"zones":[17552,6098,31955,63652,485,18678,78534,9674,115963,31339],"pointsPerHour":0,"points":995,"blocktime":645,"taken":10,"name":"tbsSicarios","totalPoints":995,"rank":3,"id":417282,"place":5981,"uniqueZonesTaken":10,"region":{"name":"Västmanland","id":143}}}]