[{"medal":80,"time":"2024-03-19T14:10:49+0000","type":"medal","user":{"country":"se","medals":[80,84],"zones":[8497,115008,340519,154934,637169],"pointsPerHour":0,"points":921,"blocktime":645,"taken":5,"name":"Ciwi","totalPoints":921,"rank":3,"id":418472,"place":6103,"uniqueZonesTaken":5,"region":{"name":"Stockholm","id":141}}},{"medal":84,"time":"2024-03-19T14:10:49+0000","type":"medal","user":{"country":"se","medals":[80,84],"zones":[8497,115008,340519,154934,637169],"pointsPerHour":0,"points":921,"blocktime":645,"taken":5,"name":"Ciwi","totalPoints":921,"rank":3,"id":418472,"place":6103,"uniqueZonesTaken":5,"region":{"name":"Stockholm","id":141}}}]