[{"medal":151,"time":"2024-03-19T06:52:59+0000","type":"medal","user":{"country":"fi","medals":[92,51,86,10,151],"zones":[64125],"pointsPerHour":0,"points":10038,"blocktime":720,"taken":84,"name":"The11","totalPoints":10038,"rank":8,"id":418182,"place":6077,"uniqueZonesTaken":25,"region":{"name":"Åland","id":177}}},{"sender":{"country":"se","medals":[7,5,16,79,70,28,56,126,117,27,97,22,15,128,4,75,107,123,155,87],"zones":[143042,25184,92291,119698,20758,122473,603408,519801,97982],"pointsPerHour":23,"points":42330,"blocktime":1380,"taken":36817,"name":"Spikbebis75","totalPoints":6985704,"rank":52,"id":92852,"place":957,"uniqueZonesTaken":1748,"region":{"name":"Stockholm","id":141}},"time":"2024-03-19T06:51:47+0000","message":"Kungklint: morrn morrn!","region":{"name":"Stockholm","id":141},"type":"chat"},{"sender":{"country":"se","medals":[16,79,77,99,47,126,15,122,129,108,7,57,72,41,154],"zones":[22864,1078],"pointsPerHour":9,"points":13987,"blocktime":1365,"taken":26237,"name":"reax","totalPoints":5774225,"rank":51,"id":109387,"place":2371,"uniqueZonesTaken":1700,"region":{"name":"Skåne","id":135}},"time":"2024-03-19T06:42:25+0000","message":"Tveskägg: Jag ska heja på er men inte delta själv😊","region":{"name":"Skåne","id":135},"type":"chat"}]