[{"sender":{"country":"se","medals":[67,16,4,27,60,21,70,43,30,68,17,72,69,68,75,77,83,79,24,117,24,24,24,69,68,91,25,119,126,74,24,124,116,17,109,132,24,24,155],"zones":[608431,206251,81290,601892,1744,33744,1745,296886,95545,374462,114943,34687],"pointsPerHour":28,"points":80147,"blocktime":1485,"taken":168742,"name":"Tveskägg","totalPoints":30229791,"rank":59,"id":50274,"place":407,"uniqueZonesTaken":6694,"region":{"name":"Skåne","id":135}},"time":"2024-03-19T15:34:42+0000","message":"TuffaTyra: En vecka regionkamp 21-28 april.\nInfo och anmälning:\nhttp://tinyurl.com/turfkamp24","region":{"name":"Skåne","id":135},"type":"chat"},{"medal":32,"time":"2024-03-19T15:34:25+0000","type":"medal","user":{"country":"se","medals":[51,151,11,32],"zones":[56771,25390],"pointsPerHour":0,"points":12096,"blocktime":735,"taken":100,"name":"joyride900","totalPoints":12096,"rank":9,"id":418320,"place":6109,"uniqueZonesTaken":54,"region":{"name":"Stockholm","id":141}}},{"sender":{"country":"se","medals":[67,16,4,27,60,21,70,43,30,68,17,72,69,68,75,77,83,79,24,117,24,24,24,69,68,91,25,119,126,74,24,124,116,17,109,132,24,24,155],"zones":[608431,206251,81290,601892,1744,33744,1745,296886,95545,374462,114943,34687],"pointsPerHour":28,"points":80146,"blocktime":1485,"taken":168742,"name":"Tveskägg","totalPoints":30229790,"rank":59,"id":50274,"place":407,"uniqueZonesTaken":6694,"region":{"name":"Skåne","id":135}},"time":"2024-03-19T15:32:41+0000","message":"keni: En vecka regionkamp 21-28 april.\nInfo och anmälning:\nhttp://tinyurl.com/turfkamp24","region":{"name":"Skåne","id":135},"type":"chat"}]