[{"medal":92,"time":"2024-03-19T12:27:58+0000","type":"medal","user":{"country":"uk","medals":[85,51,92],"zones":[493060,493059,493058,493057,25614,361654,430037,425936,519824,430045,430042,25598],"pointsPerHour":0,"points":5133,"blocktime":705,"taken":15,"name":"capy","totalPoints":5690,"rank":7,"id":417856,"place":6097,"uniqueZonesTaken":15,"region":{"name":"West Midlands","id":208}}},{"medal":92,"time":"2024-03-19T12:24:16+0000","type":"medal","user":{"country":"se","medals":[93,31,51,92],"zones":[563129,142163,46402,26258,26259,655865,26260,601361,142187,571188],"pointsPerHour":0,"points":9414,"blocktime":720,"taken":39,"name":"hoppsan1989","totalPoints":9414,"rank":8,"id":418179,"place":6097,"uniqueZonesTaken":15,"region":{"name":"Västra Götaland","id":132}}}]