[{"medal":85,"time":"2024-03-18T11:51:22+0000","type":"medal","user":{"country":"se","medals":[80,85],"zones":[27617,21493,23895,10907,115821,488090,10910,115823,505752],"pointsPerHour":0,"points":1542,"blocktime":660,"taken":10,"name":"Ollsipp","totalPoints":1543,"rank":4,"id":391986,"place":6029,"uniqueZonesTaken":10,"region":{"name":"Västra Götaland","id":132}}},{"medal":80,"time":"2024-03-18T11:51:10+0000","type":"medal","user":{"country":"se","medals":[84,80],"zones":[435,467408,25031,25032,11481],"pointsPerHour":0,"points":770,"blocktime":645,"taken":6,"name":"Blobsan","totalPoints":770,"rank":3,"id":418645,"place":6029,"uniqueZonesTaken":6,"region":{"name":"Västra Götaland","id":132}}},{"medal":84,"time":"2024-03-18T11:50:04+0000","type":"medal","user":{"country":"se","medals":[84],"zones":[1396,1397,10908,115822],"pointsPerHour":0,"points":717,"blocktime":645,"taken":5,"name":"Badboyplanka","totalPoints":717,"rank":3,"id":418644,"place":6029,"uniqueZonesTaken":5,"region":{"name":"Västra Götaland","id":132}}},{"medal":80,"time":"2024-03-18T11:48:48+0000","type":"medal","user":{"country":"se","medals":[84,80],"zones":[10889,7049,10890,138942,10893],"pointsPerHour":0,"points":949,"blocktime":645,"taken":6,"name":"Todd","totalPoints":949,"rank":3,"id":418649,"place":6029,"uniqueZonesTaken":6,"region":{"name":"Västra Götaland","id":132}}}]