[{"medal":84,"time":"2024-05-20T13:31:15+0000","type":"medal","user":{"country":"se","medals":[84],"zones":[151335,27612,29581],"pointsPerHour":0,"points":731,"blocktime":645,"taken":5,"name":"knattarnaMLP","totalPoints":731,"rank":3,"id":424161,"place":7985,"uniqueZonesTaken":3,"region":{"name":"Västra Götaland","id":132}}},{"medal":84,"time":"2024-05-20T13:30:50+0000","type":"medal","user":{"country":"se","medals":[84],"zones":[603416,519585,96665,21354],"pointsPerHour":0,"points":778,"blocktime":645,"taken":5,"name":"Liv8e","totalPoints":778,"rank":3,"id":425547,"place":7985,"uniqueZonesTaken":5,"region":{"name":"Stockholm","id":141}}},{"medal":85,"time":"2024-05-20T13:25:54+0000","type":"medal","user":{"country":"se","medals":[85],"zones":[41685],"pointsPerHour":0,"points":125,"blocktime":660,"taken":10,"name":"Filippa08","totalPoints":1407,"rank":4,"id":383764,"place":7985,"uniqueZonesTaken":6,"region":{"name":"Stockholm","id":141}}}]