[{"medal":90,"time":"2024-05-21T15:00:13+0000","type":"medal","user":{"country":"se","medals":[6,52,12,151,42,90],"zones":[349957,429318,526217,429319,50245,63911,198859,50250,356585,190252,564056,428308,44756,820,428307,468955,564054,483416],"pointsPerHour":0,"points":15357,"blocktime":870,"taken":294,"name":"Elit_AB","totalPoints":81190,"rank":18,"id":399817,"place":8138,"uniqueZonesTaken":245,"region":{"name":"Stockholm","id":141}}},{"sender":{"country":"se","medals":[93,92,51,86],"zones":[44227,64902,12103],"pointsPerHour":16,"points":6316,"blocktime":705,"taken":52,"name":"BANDY.","totalPoints":6315,"rank":7,"id":424413,"place":3517,"uniqueZonesTaken":38,"region":{"name":"Värmland","id":130}},"time":"2024-05-21T14:51:15+0000","message":"Torekov:","region":{"name":"Värmland","id":130},"type":"chat"}]