[{"sender":{"country":"se","medals":[12,94,72,47,4,79,57,127,5,67,77,27,102,16,36,70,156],"zones":[22752,14406,45991,88969,655879,32911,43953,43954,553947,12019,517246,665,22750],"pointsPerHour":56,"points":274546,"blocktime":1185,"taken":6118,"name":"ImTheDevil","totalPoints":1166757,"rank":39,"id":389762,"place":32,"uniqueZonesTaken":241,"region":{"name":"Södermanland","id":140}},"time":"2024-05-21T14:20:01+0000","message":"PEKOMON: menar att du vunnit i Sörmland typ 30 gånger haha","region":{"name":"Södermanland","id":140},"type":"chat"},{"medal":107,"time":"2024-05-21T14:19:33+0000","type":"medal","user":{"country":"se","medals":[5,12,57,48,72,35,70,67,27,94,157,68,16,130,107],"zones":[],"pointsPerHour":0,"points":122771,"blocktime":1155,"taken":5049,"name":"f4ncy","totalPoints":944875,"rank":37,"id":367405,"place":8136,"uniqueZonesTaken":153,"region":{"name":"Gotland","id":138}}},{"medal":32,"time":"2024-05-21T14:13:11+0000","type":"medal","user":{"country":"fi","medals":[11,151,46,53,101,94,32],"zones":[62208,10336,90900,61221,138551,61478,65479,11032,138552,63932],"pointsPerHour":0,"points":19258,"blocktime":765,"taken":100,"name":"Grace11","totalPoints":19258,"rank":11,"id":424630,"place":8135,"uniqueZonesTaken":90,"region":{"name":"Lounais-Suomi","id":184}}}]