[{"medal":84,"time":"2024-05-21T10:15:49+0000","type":"medal","user":{"country":"se","medals":[93,84],"zones":[31969,41829],"pointsPerHour":0,"points":582,"blocktime":630,"taken":5,"name":"mane4401","totalPoints":582,"rank":2,"id":425571,"place":8080,"uniqueZonesTaken":5,"region":{"name":"Värmland","id":130}}},{"medal":94,"time":"2024-05-21T10:15:02+0000","type":"medal","user":{"country":"se","medals":[85,94],"zones":[169986,7799],"pointsPerHour":0,"points":1728,"blocktime":660,"taken":15,"name":"ibbr","totalPoints":1728,"rank":4,"id":424390,"place":8080,"uniqueZonesTaken":9,"region":{"name":"Värmland","id":130}}},{"medal":151,"time":"2024-05-21T10:14:38+0000","type":"medal","user":{"country":"se","medals":[4,7,17,112,16,70,83,77,15,67,57,79,122,72,48,126,38,106,127,151],"zones":[90448,113491,17554,5428,24168,31070,19695],"pointsPerHour":0,"points":10027,"blocktime":1230,"taken":13253,"name":"Acnafets","totalPoints":1852497,"rank":42,"id":183510,"place":8080,"uniqueZonesTaken":1431,"region":{"name":"Västmanland","id":143}}},{"medal":93,"time":"2024-05-21T10:11:51+0000","type":"medal","user":{"country":"se","medals":[93],"zones":[476045],"pointsPerHour":0,"points":414,"blocktime":615,"taken":4,"name":"Seereen","totalPoints":414,"rank":1,"id":425554,"place":8078,"uniqueZonesTaken":3,"region":{"name":"Värmland","id":130}}},{"medal":94,"time":"2024-05-21T10:11:45+0000","type":"medal","user":{"country":"se","medals":[94],"zones":[],"pointsPerHour":0,"points":125,"blocktime":600,"taken":1,"name":"Riham123","totalPoints":125,"rank":0,"id":425692,"place":8077,"uniqueZonesTaken":1,"region":{"name":"Värmland","id":130}}},{"sender":{"country":"se","medals":[90,78,100,5,70,127,16,46,55,155,35,95,13],"zones":[12451,11589,11590,90345,136040,24395,113553,848,113552,11156,428945,670205,22873,1370,605204,432025,11583,62335],"pointsPerHour":76,"points":70822,"blocktime":1110,"taken":3033,"name":"StinkySparkles","totalPoints":639497,"rank":34,"id":399416,"place":647,"uniqueZonesTaken":251,"region":{"name":"Västra Götaland","id":132}},"time":"2024-05-21T10:09:35+0000","message":"MrYo: Fan förlåt att jag tog kyrkan mitt framför näsan på dig förut jag pratade i telefon och såg dig alldeles för sent 🫣","region":{"name":"Västra Götaland","id":132},"type":"chat"}]