[{"medal":152,"time":"2024-05-20T03:53:07+0000","type":"medal","user":{"country":"se","medals":[67,16,5,28,7,70,14,47,56,79,77,100,94,37,152],"zones":[539,30267,24588,23806,735],"pointsPerHour":0,"points":27272,"blocktime":1185,"taken":8980,"name":"climax","totalPoints":1141113,"rank":39,"id":71703,"place":7806,"uniqueZonesTaken":594,"region":{"name":"Örebro","id":131}}},{"medal":155,"time":"2024-05-20T03:23:22+0000","type":"medal","user":{"country":"se","medals":[22,67,28,16,58,68,70,5,77,79,98,17,14,48,68,103,117,126,122,27,7,130,118,24,155],"zones":[417,514,92226,137551,398,428552,18319,15535,42455,634,412,413],"pointsPerHour":0,"points":100100,"blocktime":1455,"taken":82627,"name":"cloudwalker","totalPoints":14468311,"rank":57,"id":137961,"place":7806,"uniqueZonesTaken":928,"region":{"name":"Skåne","id":135}}}]