[{"medal":85,"time":"2024-07-01T17:32:45+0000","type":"medal","user":{"country":"se","medals":[80,85],"zones":[80561,80562,218000,21607,175772,570727],"pointsPerHour":0,"points":2116,"blocktime":675,"taken":10,"name":"Fjutt","totalPoints":2116,"rank":5,"id":427620,"place":7781,"uniqueZonesTaken":9,"region":{"name":"Västra Götaland","id":132}}},{"sender":{"country":"se","medals":[27,16,79,77,30,68,22,76,91,48,82,69,68,124,126,24,89,111,131,24,72,99,24,4,120,24,155],"zones":[42913,9313,8165,8167,8169,564675,564676,564677,60590,564678,94894,564679,61905,34611,31125,31126,7321],"pointsPerHour":17,"points":163058,"blocktime":1455,"taken":70169,"name":"nesse","totalPoints":14648453,"rank":57,"id":74358,"place":415,"uniqueZonesTaken":8486,"region":{"name":"Skåne","id":135}},"time":"2024-07-01T17:31:45+0000","message":"Holbæk en go by - nesten helt i gult !","region":{"name":"Sjælland","id":173},"type":"chat"},{"country":"gb","sender":{"country":"gb","medals":[],"zones":[],"pointsPerHour":0,"points":0,"blocktime":600,"taken":0,"name":"TickTickBoom!","totalPoints":0,"rank":0,"id":428831,"place":7781,"uniqueZonesTaken":0},"time":"2024-07-01T17:31:41+0000","message":"Bordercollie2: I give up with you. You clearly have an addiction to win. But clearly you can\u2019t do it fairly like most other turfers.  🤬🤬🤬","type":"chat"},{"medal":80,"time":"2024-07-01T17:26:36+0000","type":"medal","user":{"country":"se","medals":[80,84],"zones":[680314,64851,61189,61190,31784],"pointsPerHour":0,"points":797,"blocktime":645,"taken":5,"name":"Miffo81","totalPoints":797,"rank":3,"id":428823,"place":7780,"uniqueZonesTaken":5,"region":{"name":"Dalarna","id":129}}},{"medal":84,"time":"2024-07-01T17:26:36+0000","type":"medal","user":{"country":"se","medals":[80,84],"zones":[680314,64851,61189,61190,31784],"pointsPerHour":0,"points":797,"blocktime":645,"taken":5,"name":"Miffo81","totalPoints":797,"rank":3,"id":428823,"place":7780,"uniqueZonesTaken":5,"region":{"name":"Dalarna","id":129}}}]