[{"medal":80,"time":"2024-07-01T06:53:47+0000","type":"medal","user":{"country":"se","medals":[85,80],"zones":[2417,1121,601419,225109,41695],"pointsPerHour":0,"points":3525,"blocktime":690,"taken":24,"name":"N3LS00N","totalPoints":3525,"rank":6,"id":428632,"place":7740,"uniqueZonesTaken":9,"region":{"name":"Stockholm","id":141}}},{"medal":71,"time":"2024-07-01T06:53:12+0000","type":"medal","user":{"country":"se","medals":[67,22,90,46,77,93,13,56,122,33,155,128,71],"zones":[21440,109665,1346,33683,9349,10920,21435,117901,560948,22637],"pointsPerHour":0,"points":116530,"blocktime":915,"taken":789,"name":"DeJohan","totalPoints":119674,"rank":21,"id":416738,"place":7740,"uniqueZonesTaken":359,"region":{"name":"Västra Götaland","id":132}}},{"medal":52,"time":"2024-07-01T06:41:41+0000","type":"medal","user":{"country":"se","medals":[93,92,31,52],"zones":[286150,180551,154724,146405,50343,27113,686499,176296,50348,21836,80205,50349,50350,145613,46450,465841,46454,41819,96189,224831],"pointsPerHour":0,"points":7324,"blocktime":705,"taken":33,"name":"wallwas","totalPoints":7324,"rank":7,"id":428440,"place":7739,"uniqueZonesTaken":27,"region":{"name":"Västra Götaland","id":132}}}]