[{"medal":31,"time":"2024-07-01T14:03:35+0000","type":"medal","user":{"country":"se","medals":[93,51,92,31],"zones":[98305,160608,19591,637121,43051,317033,28749,684452,516470,516468,94233,143103],"pointsPerHour":0,"points":5038,"blocktime":690,"taken":25,"name":"Tackförallt!","totalPoints":5038,"rank":6,"id":428696,"place":7766,"uniqueZonesTaken":20,"region":{"name":"Halland","id":134}}},{"medal":127,"time":"2024-07-01T14:01:54+0000","type":"medal","user":{"country":"se","medals":[95,102,52,6,77,32,12,151,71,127],"zones":[3544,651155,349215,37725,22765,42862],"pointsPerHour":0,"points":11862,"blocktime":810,"taken":185,"name":"Racerbilen","totalPoints":38134,"rank":14,"id":359358,"place":7766,"uniqueZonesTaken":144,"region":{"name":"Stockholm","id":141}}},{"medal":95,"time":"2024-07-01T14:01:54+0000","type":"medal","user":{"country":"se","medals":[85,100,95],"zones":[525198],"pointsPerHour":0,"points":510,"blocktime":675,"taken":18,"name":"Gurkmeja","totalPoints":3403,"rank":5,"id":187271,"place":7766,"uniqueZonesTaken":10,"region":{"name":"Västmanland","id":143}}},{"medal":85,"time":"2024-07-01T14:01:30+0000","type":"medal","user":{"country":"se","medals":[93,80,85],"zones":[28644,319521,608451,80621,565686,80622],"pointsPerHour":0,"points":1810,"blocktime":660,"taken":10,"name":"AnnaEbbesson","totalPoints":1810,"rank":4,"id":428447,"place":7766,"uniqueZonesTaken":10,"region":{"name":"Halland","id":134}}},{"sender":{"country":"se","medals":[16,22,117,12,155,67,28,71,56,4,47,70,130,35,93],"zones":[55904,95729,3042,22627,54900,43702,30790,18262,28894,5439],"pointsPerHour":35,"points":166143,"blocktime":1110,"taken":2741,"name":"Emheco","totalPoints":569827,"rank":34,"id":418181,"place":392,"uniqueZonesTaken":220,"region":{"name":"Uppsala","id":142}},"time":"2024-07-01T13:59:28+0000","message":"avante: gör så. ha det gott","region":{"name":"Uppsala","id":142},"type":"chat"}]