[{"sender":{"country":"se","medals":[16,70,64,77,79,126,58,48,4,68,123,66,17,115,107,50,26,117,83,130,155,40,72],"zones":[27456,2880,3169,105312,2882,3590,61256,27624,27627,10381,117519,26191,36722,30901,43030,17944,2046],"pointsPerHour":64,"points":73049,"blocktime":21,"taken":20692,"name":"Lemshimmer","totalPoints":3763200,"rank":47,"id":104604,"place":208,"uniqueZonesTaken":4317,"region":{"name":"Västra Götaland","id":132}},"time":"2024-06-10T13:52:05+0000","message":"Wheelstream: precis. Senast jag tog den frågade jag snällt i entrén, visste inte ens om att grinden fanns","region":{"name":"Gävleborg","id":144},"type":"chat"}]