[{"medal":101,"time":"2024-06-10T18:33:14+0000","type":"medal","user":{"country":"se","medals":[93,32,92,80,101],"zones":[179509],"pointsPerHour":0,"points":2942,"blocktime":13,"taken":172,"name":"pillanm2","totalPoints":23685,"rank":12,"id":418587,"place":6041,"uniqueZonesTaken":31,"region":{"name":"Stockholm","id":141}}},{"medal":151,"time":"2024-06-10T18:28:50+0000","type":"medal","user":{"country":"se","medals":[5,16,27,4,70,7,9,97,100,79,77,126,14,72,122,48,59,68,39,129,151],"zones":[11971,6696,140330,140331,6698,140329,110540,140332,140503,140501,140504,140505],"pointsPerHour":0,"points":10085,"blocktime":21,"taken":18582,"name":"madmax","totalPoints":3651098,"rank":47,"id":14296,"place":6041,"uniqueZonesTaken":723,"region":{"name":"Västernorrland","id":145}}}]