[{"sender":{"country":"se","medals":[27,16,57,70,68,68,47,68,67,68,72,79,77,98,22,7,122,83,68,126,4,107,14,87,130,151],"zones":[32683],"pointsPerHour":3,"points":155,"blocktime":23,"taken":39278,"name":"Pappamogge","totalPoints":7592236,"rank":53,"id":93779,"place":2895,"uniqueZonesTaken":521,"region":{"name":"Jämtland","id":128}},"time":"2024-01-08T10:37:52+0000","message":"Fjällräv: Grattis till regionsvinsten!","region":{"name":"Jämtland","id":128},"type":"chat"},{"medal":86,"time":"2024-01-08T10:37:23+0000","type":"medal","user":{"country":"se","medals":[94,100,92,51,86],"zones":[80727,80726,637134,1098,24253,178367],"pointsPerHour":0,"points":1617,"blocktime":11,"taken":50,"name":"violpistolen","totalPoints":6391,"rank":7,"id":402204,"place":3633,"uniqueZonesTaken":43,"region":{"name":"Stockholm","id":141}}},{"medal":31,"time":"2024-01-08T10:34:55+0000","type":"medal","user":{"country":"uk","medals":[51,92,31],"zones":[323748,392132,15495,481456,64361,64362,64363,448218,318779],"pointsPerHour":0,"points":2153,"blocktime":11,"taken":25,"name":"teep","totalPoints":5285,"rank":6,"id":416703,"place":3629,"uniqueZonesTaken":22,"region":{"name":"Scotland","id":200}}},{"sender":{"country":"wd","medals":[16,4,27,57,47,70,67,79,77,7,14,83,72,123,126,102,95,131,118,156],"zones":[],"pointsPerHour":0,"points":1625,"blocktime":24,"taken":75763,"name":"BetulaAlba","totalPoints":15687127,"rank":58,"id":80722,"place":1413,"uniqueZonesTaken":998,"region":{"name":"Spain","id":211}},"time":"2024-01-08T10:34:03+0000","message":"\"pilgrimen\" ¡Bienvenido a Fuengirola!","region":{"name":"Spain","id":211},"type":"chat"},{"sender":{"country":"wd","medals":[16,4,27,57,47,70,67,79,77,7,14,83,72,123,126,102,95,131,118,156],"zones":[],"pointsPerHour":0,"points":1625,"blocktime":24,"taken":75763,"name":"BetulaAlba","totalPoints":15687127,"rank":58,"id":80722,"place":1411,"uniqueZonesTaken":998,"region":{"name":"Spain","id":211}},"time":"2024-01-08T10:32:31+0000","message":"\"pilgrimen\": ¡Buenos dias!","region":{"name":"Spain","id":211},"type":"chat"}]