[{"medal":132,"time":"2024-01-09T07:40:12+0000","type":"medal","user":{"country":"se","medals":[67,16,21,70,27,57,43,79,77,99,72,7,83,117,4,75,126,123,24,107,119,15,155,132],"zones":[178624,179424,8306,31508,23951,17567],"pointsPerHour":0,"points":2955,"blocktime":24,"taken":102544,"name":"BlackRider","totalPoints":16184250,"rank":58,"id":48354,"place":4066,"uniqueZonesTaken":1004,"region":{"name":"Östergötland","id":139}}},{"country":"gb","sender":{"country":"uk","medals":[93,78,55,90,103,6,13,33,153],"zones":[488295,465942,465941,486173],"pointsPerHour":7,"points":3698,"blocktime":16,"taken":625,"name":"Annie9jobs","totalPoints":220834,"rank":27,"id":400155,"place":1191,"uniqueZonesTaken":294,"region":{"name":"North East England","id":199}},"time":"2024-01-09T07:37:38+0000","message":"féarglas: Hi just posting this so others are aware , the breakwaters in the Northeast have suffered damage check first before going to them","type":"chat"}]