[{"medal":46,"time":"2024-06-18T08:20:30+0000","type":"medal","user":{"country":"se","medals":[93,101,51,86,11,151,46],"zones":[62345,111816,4555,432169,688,144403,12532,178263,52087,658674,516124,11899,11900,55965,491833],"pointsPerHour":0,"points":11991,"blocktime":12,"taken":98,"name":"SuperLady","totalPoints":11991,"rank":8,"id":428144,"place":6804,"uniqueZonesTaken":73,"region":{"name":"Uppsala","id":142}}},{"medal":85,"time":"2024-06-18T08:10:07+0000","type":"medal","user":{"country":"wd","medals":[95,100,85],"zones":[44432,44431,63119],"pointsPerHour":0,"points":2263,"blocktime":11,"taken":12,"name":"Th-drummer","totalPoints":2263,"rank":5,"id":428164,"place":6804,"uniqueZonesTaken":9,"region":{"name":"Lithuania","id":232}}}]