[{"medal":80,"time":"2024-06-17T09:46:24+0000","type":"medal","user":{"country":"se","medals":[93,85,100,80],"zones":[26864,515575,54294,90872,515576],"pointsPerHour":0,"points":2614,"blocktime":11,"taken":23,"name":"Simon492","totalPoints":3684,"rank":6,"id":423348,"place":6733,"uniqueZonesTaken":11,"region":{"name":"Kalmar","id":137}}},{"medal":93,"time":"2024-06-17T09:43:39+0000","type":"medal","user":{"country":"fi","medals":[51,92,31,93],"zones":[61718,61719,9832,10745,61721,61723],"pointsPerHour":0,"points":4048,"blocktime":12,"taken":31,"name":"swanhill","totalPoints":9733,"rank":8,"id":420573,"place":6733,"uniqueZonesTaken":23,"region":{"name":"Etelä-Suomi","id":185}}},{"medal":152,"time":"2024-06-17T09:43:15+0000","type":"medal","user":{"country":"se","medals":[90,32,11,52,152],"zones":[11537,5425,78480,111813,33179,41900,36829,78479,6095],"pointsPerHour":0,"points":25047,"blocktime":13,"taken":200,"name":"Wallenskan","totalPoints":27356,"rank":12,"id":426597,"place":6733,"uniqueZonesTaken":66,"region":{"name":"Gävleborg","id":144}}},{"medal":95,"time":"2024-06-17T09:29:37+0000","type":"medal","user":{"country":"se","medals":[77,78,34,7,103,70,14,53,151,95],"zones":[60322],"pointsPerHour":0,"points":355,"blocktime":17,"taken":1860,"name":"chokladmink","totalPoints":303466,"rank":30,"id":143937,"place":6731,"uniqueZonesTaken":671,"region":{"name":"Gotland","id":138}}},{"medal":95,"time":"2024-06-17T09:29:37+0000","type":"medal","user":{"country":"se","medals":[46,71,13,34,22,56,4,7,28,152,100,95],"zones":[324662],"pointsPerHour":0,"points":25317,"blocktime":17,"taken":1811,"name":"ferskil","totalPoints":320855,"rank":30,"id":143778,"place":6731,"uniqueZonesTaken":463,"region":{"name":"Stockholm","id":141}}},{"medal":100,"time":"2024-06-17T09:29:37+0000","type":"medal","user":{"country":"se","medals":[46,71,13,34,22,56,4,7,28,152,100,95],"zones":[324662],"pointsPerHour":0,"points":25317,"blocktime":17,"taken":1811,"name":"ferskil","totalPoints":320855,"rank":30,"id":143778,"place":6731,"uniqueZonesTaken":463,"region":{"name":"Stockholm","id":141}}},{"medal":95,"time":"2024-06-17T09:29:37+0000","type":"medal","user":{"country":"se","medals":[70,4,46,16,78,15,36,101,55,66,10,126,95],"zones":[298728],"pointsPerHour":0,"points":1043,"blocktime":20,"taken":7168,"name":"prinsesskorv","totalPoints":1325494,"rank":40,"id":143931,"place":6731,"uniqueZonesTaken":2412,"region":{"name":"Gotland","id":138}}}]