[{"medal":90,"time":"2024-06-04T20:20:24+0000","type":"medal","user":{"country":"se","medals":[95,11,51,101,32,90],"zones":[680315,144403,11761,2563,8547,473,33257,684,46892],"pointsPerHour":0,"points":857,"blocktime":13,"taken":122,"name":"lillalågan.jr","totalPoints":25107,"rank":12,"id":306083,"place":4843,"uniqueZonesTaken":92,"region":{"name":"Uppsala","id":142}}},{"medal":79,"time":"2024-06-04T20:05:31+0000","type":"medal","user":{"country":"se","medals":[95,101,32,52,6,12,79],"zones":[341,64680,4557,2558],"pointsPerHour":0,"points":326,"blocktime":13,"taken":158,"name":"vaktarn_mini","totalPoints":24439,"rank":12,"id":355923,"place":4840,"uniqueZonesTaken":119,"region":{"name":"Uppsala","id":142}}}]