[{"medal":80,"time":"2024-06-03T07:44:07+0000","type":"medal","user":{"country":"se","medals":[93,84,80],"zones":[24118,159508,24119,18059,484312],"pointsPerHour":0,"points":1380,"blocktime":11,"taken":6,"name":"Nicolasmuf","totalPoints":1380,"rank":4,"id":427117,"place":4077,"uniqueZonesTaken":6,"region":{"name":"Halland","id":134}}},{"medal":84,"time":"2024-06-03T07:40:35+0000","type":"medal","user":{"country":"se","medals":[93,84],"zones":[24118,24119,18059,484312],"pointsPerHour":0,"points":1145,"blocktime":10,"taken":5,"name":"Nicolasmuf","totalPoints":1145,"rank":3,"id":427117,"place":4072,"uniqueZonesTaken":5,"region":{"name":"Halland","id":134}}}]