[{"sender":{"country":"se","medals":[],"zones":[],"pointsPerHour":0,"points":0,"blocktime":10,"taken":0,"name":"Wilsjo","totalPoints":0,"rank":0,"id":427439,"place":4828,"uniqueZonesTaken":0},"time":"2024-06-04T08:44:42+0000","message":"Hej Alex","type":"chat"},{"sender":{"country":"se","medals":[],"zones":[],"pointsPerHour":0,"points":0,"blocktime":10,"taken":0,"name":"Aleste","totalPoints":0,"rank":0,"id":427444,"place":4828,"uniqueZonesTaken":0},"time":"2024-06-04T08:44:29+0000","message":"Hej hej","type":"chat"},{"country":"se","sender":{"country":"se","medals":[],"zones":[],"pointsPerHour":0,"points":0,"blocktime":10,"taken":0,"name":"Wilsjo","totalPoints":0,"rank":0,"id":427439,"place":4828,"uniqueZonesTaken":0},"time":"2024-06-04T08:44:10+0000","message":"Tyst arken","type":"chat"},{"country":"se","sender":{"country":"se","medals":[],"zones":[],"pointsPerHour":0,"points":0,"blocktime":10,"taken":0,"name":"Wilsjo","totalPoints":0,"rank":0,"id":427439,"place":4828,"uniqueZonesTaken":0},"time":"2024-06-04T08:44:06+0000","message":"Tjo guts va höndidxh","type":"chat"},{"medal":85,"time":"2024-06-04T08:42:59+0000","type":"medal","user":{"country":"se","medals":[80,85],"zones":[689,371,468,11668,43733,1607,47001,79516,79518],"pointsPerHour":0,"points":946,"blocktime":10,"taken":10,"name":"LEON25","totalPoints":946,"rank":3,"id":427384,"place":4828,"uniqueZonesTaken":10,"region":{"name":"Uppsala","id":142}}},{"medal":85,"time":"2024-06-04T08:40:34+0000","type":"medal","user":{"country":"se","medals":[94,85],"zones":[43795,399121,1565,599414],"pointsPerHour":0,"points":1041,"blocktime":10,"taken":10,"name":"Endrias","totalPoints":1041,"rank":3,"id":427388,"place":4827,"uniqueZonesTaken":10,"region":{"name":"Uppsala","id":142}}},{"medal":92,"time":"2024-06-04T08:40:11+0000","type":"medal","user":{"country":"se","medals":[80,85,92],"zones":[84884,134661,220361,117487,423177],"pointsPerHour":0,"points":2477,"blocktime":11,"taken":16,"name":"Bosta","totalPoints":2477,"rank":5,"id":427194,"place":4827,"uniqueZonesTaken":15,"region":{"name":"Stockholm","id":141}}},{"medal":84,"time":"2024-06-04T08:39:42+0000","type":"medal","user":{"country":"se","medals":[93,84],"zones":[144403,8547],"pointsPerHour":0,"points":543,"blocktime":10,"taken":6,"name":"Johannaks","totalPoints":543,"rank":2,"id":427121,"place":4827,"uniqueZonesTaken":5,"region":{"name":"Uppsala","id":142}}}]