[{"sender":{"country":"se","medals":[67,4,16,24,70,17,24,24,72,58,79,77,24,91,17,116,83,21,24,17,24,126,124,24,75,89,129,24,120,108,24,24,155],"zones":[704,22754,550,486,9675,9676,5581,63694,576056,5431,18679,150650,138171,5626,63710],"pointsPerHour":120,"points":2697,"blocktime":23,"taken":70818,"name":"Niksod","totalPoints":9787298,"rank":55,"id":69382,"place":2281,"uniqueZonesTaken":8678,"region":{"name":"Västmanland","id":143}},"time":"2024-06-04T15:42:40+0000","message":"tine: jag var ute på Norrleden när du tog den, långt bort 😀","region":{"name":"Västmanland","id":143},"type":"chat"},{"sender":{"country":"se","medals":[67,22,47,28,7,55,79,112,24,77,17,15,126,122,118,132,117,107,152],"zones":[9677],"pointsPerHour":6,"points":2064,"blocktime":23,"taken":81278,"name":"tine","totalPoints":9379602,"rank":54,"id":36446,"place":2584,"uniqueZonesTaken":1540,"region":{"name":"Västmanland","id":143}},"time":"2024-06-04T15:41:09+0000","message":"Niksod: 🫣f'låt såg dig när jag zoomade ut😳","region":{"name":"Västmanland","id":143},"type":"chat"},{"medal":85,"time":"2024-06-04T15:40:22+0000","type":"medal","user":{"country":"se","medals":[85],"zones":[7258],"pointsPerHour":0,"points":65,"blocktime":11,"taken":22,"name":"robbie","totalPoints":1581,"rank":4,"id":86125,"place":5051,"uniqueZonesTaken":11,"region":{"name":"Västmanland","id":143}}},{"sender":{"country":"uk","medals":[77,79,16,48,22,4,72,131,65,68,74,66,30,124,112,24,27,156,107,87,82,24,24],"zones":[600329,389766,515587,565004,476480,321999,328212,486037,355863,328208,328210,355870,350302,56993,316591,476470,352823,516211,515582,515581,515580,352825,514299,476474,352824,656500,316603],"pointsPerHour":38,"points":10100,"blocktime":23,"taken":36850,"name":"ElsieSpanner","totalPoints":10378205,"rank":55,"id":309195,"place":899,"uniqueZonesTaken":7071,"region":{"name":"Scotland","id":200}},"time":"2024-06-04T15:33:05+0000","message":"🇲🇰👋🌞","region":{"name":"North Macedonia","id":343},"type":"chat"}]