[{"sender":{"country":"uk","medals":[93,90,101,12,78,16,152,55,33],"zones":[331813,138278,351373,382381,351375,351374,652824,382388,382385,351376,382387,351390,652821,652820,389944,389627,652822],"pointsPerHour":19,"points":4712,"blocktime":17,"taken":671,"name":"Arnsturf#","totalPoints":289089,"rank":29,"id":384278,"place":1403,"uniqueZonesTaken":205,"region":{"name":"Scotland","id":200}},"time":"2024-02-06T18:46:23+0000","message":"Anyone ever Taken LochLevenCastle zone, Swam to Take it 🏊\u200d♂️ !?","region":{"name":"Scotland","id":200},"type":"chat"},{"sender":{"country":"se","medals":[28,47,16,57,7,77,83,79,98,4,126,122,15,27,70,67,106,117,155,132,88],"zones":[14659,1508,648,21160,353773,1512,200778,565988,7984,12433,48308,28855,3549,23901,81599,21151],"pointsPerHour":71,"points":7005,"blocktime":23,"taken":40099,"name":"spirit303","totalPoints":7752694,"rank":53,"id":46566,"place":1000,"uniqueZonesTaken":1310,"region":{"name":"Dalarna","id":129}},"time":"2024-02-06T18:36:42+0000","message":"WikkeOWL: Sveas Bistro som du tänker på?","region":{"name":"Dalarna","id":129},"type":"chat"}]