[{"sender":{"country":"se","medals":[67,46,79,126,4,117,95,14,6,16,122,55,77,28,131,104,40,154],"zones":[91697,114262,267,22204,37404,37405,37406],"pointsPerHour":34,"points":2106,"blocktime":21,"taken":24636,"name":"mummis","totalPoints":3705716,"rank":47,"id":229432,"place":1472,"uniqueZonesTaken":872,"region":{"name":"Stockholm","id":141}},"time":"2024-02-05T10:57:58+0000","message":"norpas: Ja absolut","region":{"name":"Stockholm","id":141},"type":"chat"},{"sender":{"country":"se","medals":[16,117,94,10,47,79,131,56,15,103,123,155,6,38],"zones":[78433,7585,31921,315545,7295],"pointsPerHour":19,"points":1594,"blocktime":20,"taken":10163,"name":"norpas","totalPoints":1894070,"rank":42,"id":383655,"place":1733,"uniqueZonesTaken":1243,"region":{"name":"Stockholm","id":141}},"time":"2024-02-05T10:57:16+0000","message":"mummis: Livsfarligt. Du får vara försiktig nu när du ska resa bort.","region":{"name":"Stockholm","id":141},"type":"chat"},{"sender":{"country":"se","medals":[67,46,79,126,4,117,95,14,6,16,122,55,77,28,131,104,40,154],"zones":[91697,114262,267,22204,37404,37405,37406],"pointsPerHour":34,"points":2105,"blocktime":21,"taken":24636,"name":"mummis","totalPoints":3705715,"rank":47,"id":229432,"place":1468,"uniqueZonesTaken":872,"region":{"name":"Stockholm","id":141}},"time":"2024-02-05T10:56:05+0000","message":"norpas: läskigt med nysnö på is","region":{"name":"Stockholm","id":141},"type":"chat"}]