[{"medal":52,"time":"2024-07-01T06:41:41+0000","type":"medal","user":{"country":"se","medals":[93,92,31,52],"zones":[286150,180551,154724,146405,50343,27113,686499,176296,50348,21836,80205,50349,50350,145613,46450,465841,46454,41819,96189,224831],"pointsPerHour":0,"points":7324,"blocktime":11,"taken":33,"name":"wallwas","totalPoints":7324,"rank":7,"id":428440,"place":7739,"uniqueZonesTaken":27,"region":{"name":"Västra Götaland","id":132}}},{"medal":128,"time":"2024-07-01T06:35:45+0000","type":"medal","user":{"country":"se","medals":[67,22,90,46,77,93,13,56,122,33,155,128],"zones":[21440,109665,33683,9349,21435,117901,560948,22637],"pointsPerHour":0,"points":116295,"blocktime":15,"taken":787,"name":"DeJohan","totalPoints":119439,"rank":21,"id":416738,"place":7739,"uniqueZonesTaken":357,"region":{"name":"Västra Götaland","id":132}}}]