[{"medal":51,"time":"2024-07-01T13:22:45+0000","type":"medal","user":{"country":"gb","medals":[93,85,51],"zones":[217667,169169,14933,14934,64343,389273,355673,389272,21614,355674],"pointsPerHour":0,"points":2749,"blocktime":11,"taken":18,"name":"Trainz","totalPoints":2749,"rank":5,"id":428780,"place":7763,"uniqueZonesTaken":14,"region":{"name":"Scotland","id":200}}},{"medal":85,"time":"2024-07-01T13:20:01+0000","type":"medal","user":{"country":"se","medals":[93,80,85],"zones":[467411,223995,22810,22811,23612],"pointsPerHour":0,"points":1957,"blocktime":11,"taken":10,"name":"Magnozz","totalPoints":1957,"rank":5,"id":428762,"place":7763,"uniqueZonesTaken":9,"region":{"name":"Jämtland","id":128}}},{"medal":84,"time":"2024-07-01T13:20:01+0000","type":"medal","user":{"country":"se","medals":[93,84],"zones":[92224,483],"pointsPerHour":0,"points":361,"blocktime":10,"taken":5,"name":"Dynamit","totalPoints":361,"rank":1,"id":425767,"place":7763,"uniqueZonesTaken":3,"region":{"name":"Västmanland","id":143}}}]