[{"medal":12,"time":"2024-03-04T13:31:33+0000","type":"medal","user":{"country":"se","medals":[93,51,32,127,90,152,103,46,12],"zones":[43974,23590,81864,480973,25980,23581,29213,22494],"pointsPerHour":0,"points":10283,"blocktime":810,"taken":235,"name":"EarlGrey","totalPoints":41890,"rank":14,"id":417663,"place":4010,"uniqueZonesTaken":100,"region":{"name":"Örebro","id":131}}},{"medal":85,"time":"2024-03-04T13:18:22+0000","type":"medal","user":{"country":"se","medals":[93,85],"zones":[94073,475517],"pointsPerHour":0,"points":925,"blocktime":675,"taken":10,"name":"Sasabanan","totalPoints":2716,"rank":5,"id":415835,"place":4003,"uniqueZonesTaken":6,"region":{"name":"Gävleborg","id":144}}}]