[{"sender":{"country":"se","medals":[16,79,77,99,47,126,15,122,129,108,7,57,72,41,154],"zones":[22864,1078],"pointsPerHour":9,"points":13987,"blocktime":22,"taken":26237,"name":"reax","totalPoints":5774225,"rank":51,"id":109387,"place":2371,"uniqueZonesTaken":1700,"region":{"name":"Skåne","id":135}},"time":"2024-03-19T06:42:25+0000","message":"Tveskägg: Jag ska heja på er men inte delta själv😊","region":{"name":"Skåne","id":135},"type":"chat"},{"sender":{"country":"se","medals":[67,16,4,27,60,21,70,43,30,68,17,72,69,68,75,77,83,79,24,117,24,24,24,69,68,91,25,119,126,74,24,124,116,17,109,132,24,24,155],"zones":[114946,20547,17891,608431,206251,1744,33744,1745,296886,17913,92219,26141,27837,25022],"pointsPerHour":54,"points":76726,"blocktime":24,"taken":168720,"name":"Tveskägg","totalPoints":30226369,"rank":59,"id":50274,"place":417,"uniqueZonesTaken":6694,"region":{"name":"Skåne","id":135}},"time":"2024-03-19T06:41:20+0000","message":"reax: En vecka regionkamp 21-28 april.\n\n\nInfo och anmälning:\n\nhttp://tinyurl.com/turfkamp24","region":{"name":"Skåne","id":135},"type":"chat"},{"sender":{"country":"se","medals":[67,16,4,27,60,21,70,43,30,68,17,72,69,68,75,77,83,79,24,117,24,24,24,69,68,91,25,119,126,74,24,124,116,17,109,132,24,24,155],"zones":[114946,20547,17891,608431,206251,1744,33744,1745,296886,17913,92219,26141,27837,25022],"pointsPerHour":54,"points":76726,"blocktime":24,"taken":168720,"name":"Tveskägg","totalPoints":30226369,"rank":59,"id":50274,"place":417,"uniqueZonesTaken":6694,"region":{"name":"Skåne","id":135}},"time":"2024-03-19T06:41:07+0000","message":"ramsey11: En vecka regionkamp 21-28 april.\n\n\nInfo och anmälning:\n\nhttp://tinyurl.com/turfkamp24","region":{"name":"Skåne","id":135},"type":"chat"}]