[{"medal":33,"time":"2024-03-12T11:27:22+0000","type":"medal","user":{"country":"se","medals":[93,100,53,79,90,6,12,151,33],"zones":[8417,154291,354311,476437,94212,20759,165162,465870,78430,204508],"pointsPerHour":0,"points":8053,"blocktime":15,"taken":500,"name":"missLAkre","totalPoints":116528,"rank":21,"id":405659,"place":5557,"uniqueZonesTaken":214,"region":{"name":"Stockholm","id":141}}},{"medal":85,"time":"2024-03-12T11:17:29+0000","type":"medal","user":{"country":"se","medals":[51,85],"zones":[64322,157008,156438,64324,325600,603180,156439,24091,47324,115854],"pointsPerHour":0,"points":1810,"blocktime":11,"taken":10,"name":"nighthunter68","totalPoints":1810,"rank":4,"id":418440,"place":5556,"uniqueZonesTaken":10,"region":{"name":"Stockholm","id":141}}},{"medal":51,"time":"2024-03-12T11:17:29+0000","type":"medal","user":{"country":"se","medals":[51,85],"zones":[64322,157008,156438,64324,325600,603180,156439,24091,47324,115854],"pointsPerHour":0,"points":1810,"blocktime":11,"taken":10,"name":"nighthunter68","totalPoints":1810,"rank":4,"id":418440,"place":5556,"uniqueZonesTaken":10,"region":{"name":"Stockholm","id":141}}}]