[{"medal":84,"time":"2024-07-02T18:03:53+0000","type":"medal","user":{"country":"se","medals":[80,84],"zones":[24231,3384,20890,7180,24125],"pointsPerHour":0,"points":836,"blocktime":10,"taken":5,"name":"lilliolsen","totalPoints":836,"rank":3,"id":428828,"place":7844,"uniqueZonesTaken":5,"region":{"name":"Halland","id":134}}},{"medal":80,"time":"2024-07-02T18:03:53+0000","type":"medal","user":{"country":"se","medals":[80,84],"zones":[24231,3384,20890,7180,24125],"pointsPerHour":0,"points":836,"blocktime":10,"taken":5,"name":"lilliolsen","totalPoints":836,"rank":3,"id":428828,"place":7844,"uniqueZonesTaken":5,"region":{"name":"Halland","id":134}}},{"sender":{"country":"se","medals":[67,16,70,4,79,77,98,27,22,28,83,47,57,24,107,117,15,66,126,122,63,132,73,154,26],"zones":[340452,25026,62563,139399,179402,323533,180648,7468,278603,43219,44851,92821,44852,22074,25244,26109,63198,33662],"pointsPerHour":73,"points":89760,"blocktime":22,"taken":34338,"name":"Reprobus","totalPoints":5714145,"rank":50,"id":166965,"place":962,"uniqueZonesTaken":2393,"region":{"name":"Örebro","id":131}},"time":"2024-07-02T18:00:20+0000","message":"Farfartillfem: Hattfnatt och Stationen, sedan är jag klar.","region":{"name":"Örebro","id":131},"type":"chat"},{"medal":86,"time":"2024-07-02T17:56:12+0000","type":"medal","user":{"country":"uk","medals":[92,53,151,86],"zones":[389797,17698,389798,568543,389817,565652,565653,675284,17646,17694],"pointsPerHour":0,"points":6135,"blocktime":12,"taken":50,"name":"Ra-El","totalPoints":19633,"rank":11,"id":424848,"place":7844,"uniqueZonesTaken":36,"region":{"name":"Yorkshire & The Humber","id":202}}}]