[{"medal":84,"time":"2024-07-01T10:37:30+0000","type":"medal","user":{"country":"gb","medals":[84],"zones":[355673,21614,355674],"pointsPerHour":0,"points":783,"blocktime":10,"taken":5,"name":"Breezy","totalPoints":783,"rank":3,"id":428779,"place":7753,"uniqueZonesTaken":4,"region":{"name":"Scotland","id":200}}},{"medal":90,"time":"2024-07-01T10:36:01+0000","type":"medal","user":{"country":"se","medals":[93,92,51,31,90],"zones":[54883,38406,38407,21064,34488,38408,21065,38409,44185,38410,11996],"pointsPerHour":0,"points":2881,"blocktime":11,"taken":26,"name":"meja121314","totalPoints":4126,"rank":6,"id":400212,"place":7753,"uniqueZonesTaken":22,"region":{"name":"Södermanland","id":140}}},{"medal":31,"time":"2024-07-01T10:32:56+0000","type":"medal","user":{"country":"se","medals":[93,92,51,31],"zones":[54883,38406,38407,21064,34488,38408,21065,38409,38410,11996],"pointsPerHour":0,"points":2754,"blocktime":11,"taken":25,"name":"meja121314","totalPoints":4000,"rank":6,"id":400212,"place":7752,"uniqueZonesTaken":21,"region":{"name":"Södermanland","id":140}}},{"medal":51,"time":"2024-07-01T10:32:56+0000","type":"medal","user":{"country":"se","medals":[93,92,51,31],"zones":[54883,38406,38407,21064,34488,38408,21065,38409,38410,11996],"pointsPerHour":0,"points":2754,"blocktime":11,"taken":25,"name":"meja121314","totalPoints":4000,"rank":6,"id":400212,"place":7752,"uniqueZonesTaken":21,"region":{"name":"Södermanland","id":140}}},{"medal":101,"time":"2024-07-01T10:31:32+0000","type":"medal","user":{"country":"se","medals":[90,52,11,32,95,101],"zones":[],"pointsPerHour":0,"points":351,"blocktime":13,"taken":196,"name":"ReachingPlaces","totalPoints":25198,"rank":12,"id":358030,"place":7752,"uniqueZonesTaken":89,"region":{"name":"Västmanland","id":143}}}]