[{"medal":92,"time":"2024-07-02T09:28:36+0000","type":"medal","user":{"country":"gb","medals":[93,85,51,92],"zones":[217667,64343,14633,389273,355673,355674],"pointsPerHour":0,"points":3519,"blocktime":11,"taken":19,"name":"Trainz","totalPoints":3519,"rank":6,"id":428780,"place":7806,"uniqueZonesTaken":15,"region":{"name":"Scotland","id":200}}},{"sender":{"country":"se","medals":[4,79,70,94,77,16,67,83,58,48,21,122,101,126,72,41,132,14,156,7],"zones":[150656,8675,8677,8678,18296,218072,54349],"pointsPerHour":7,"points":9688,"blocktime":22,"taken":28833,"name":"camry","totalPoints":5119381,"rank":50,"id":189115,"place":3722,"uniqueZonesTaken":510,"region":{"name":"Värmland","id":130}},"time":"2024-07-02T09:28:15+0000","message":"Ensamvarg Hej Hur är det i Honningsvåg? Jag och min fru Eva var där för ungefär 1 vecka sedan. Ha det så gott! Häftigt med Midnattssol 👍🌞","region":{"name":"Värmland","id":130},"type":"chat"},{"medal":12,"time":"2024-07-02T09:27:56+0000","type":"medal","user":{"country":"se","medals":[93,53,6,102,33,151,10,12],"zones":[182085,319491,98118,94217,152264,56971,224015,56972,139098,115480,59419,59420,28768,608427,103593,117547,23915,117549,117548,13678,117551,659045,13679,117550,90545,42864,117552,13681,602811,13683,602812,86079],"pointsPerHour":0,"points":16131,"blocktime":15,"taken":583,"name":"jojjejojje","totalPoints":140593,"rank":22,"id":356799,"place":7806,"uniqueZonesTaken":100,"region":{"name":"Stockholm","id":141}}},{"medal":102,"time":"2024-07-02T09:25:09+0000","type":"medal","user":{"country":"se","medals":[94,10,128,79,77,14,46,155,16,35,55,102],"zones":[273,547996,475235,106518,7835,219,97085,82877,94813,21582,21583],"pointsPerHour":0,"points":107070,"blocktime":18,"taken":4062,"name":"kollisbörje","totalPoints":733361,"rank":35,"id":400807,"place":7806,"uniqueZonesTaken":620,"region":{"name":"Stockholm","id":141}}},{"medal":85,"time":"2024-07-02T09:18:12+0000","type":"medal","user":{"country":"se","medals":[80,85],"zones":[1923,1925,49510,49511,22743,6990],"pointsPerHour":0,"points":1116,"blocktime":10,"taken":10,"name":"qrs","totalPoints":1116,"rank":3,"id":428825,"place":7806,"uniqueZonesTaken":10,"region":{"name":"Norrbotten","id":126}}}]