[{"medal":80,"time":"2024-04-29T13:05:54+0000","type":"medal","user":{"country":"se","medals":[93,84,80],"zones":[598,1751,15529,1403,1006],"pointsPerHour":0,"points":509,"blocktime":10,"taken":6,"name":"xx_sigma_xx","totalPoints":509,"rank":2,"id":422020,"place":7670,"uniqueZonesTaken":5,"region":{"name":"Skåne","id":135}}},{"medal":84,"time":"2024-04-29T13:02:59+0000","type":"medal","user":{"country":"se","medals":[93,84],"zones":[598,1751,15529,1403],"pointsPerHour":0,"points":443,"blocktime":10,"taken":5,"name":"xx_sigma_xx","totalPoints":443,"rank":2,"id":422020,"place":7669,"uniqueZonesTaken":4,"region":{"name":"Skåne","id":135}}}]