[{"medal":85,"time":"2024-04-30T18:58:48+0000","type":"medal","user":{"country":"se","medals":[80,85],"zones":[524230,36686],"pointsPerHour":0,"points":1736,"blocktime":11,"taken":10,"name":"kak-ola","totalPoints":1736,"rank":4,"id":421430,"place":7826,"uniqueZonesTaken":9,"region":{"name":"Södermanland","id":140}}},{"sender":{"country":"se","medals":[7,79,28,98,16,47,101,127,15,56,89,155],"zones":[66881,382149,180678,21767,180677,21768,23689,23690,23691,82378,23693,96209,96212,56662,56663,21784,2841,443485,43228,43230,179805,361185,556717,154981,484527,125225,23403,92522,26860,25773,12461,26861,942,943,24239,944,23992,652400,298751,223999,223998],"pointsPerHour":168,"points":142520,"blocktime":24,"taken":54240,"name":"Krejje","totalPoints":12081206,"rank":56,"id":53332,"place":320,"uniqueZonesTaken":1237,"region":{"name":"Kalmar","id":137}},"time":"2024-04-30T18:55:09+0000","message":"Chokladtårtan: ja, 😀 jag pratade i telefonen så jag var lite disträ\u2026😊","region":{"name":"Kalmar","id":137},"type":"chat"},{"medal":103,"time":"2024-04-30T18:52:05+0000","type":"medal","user":{"country":"se","medals":[95,6,11,32,103],"zones":[90101,205],"pointsPerHour":0,"points":2090,"blocktime":12,"taken":113,"name":"Castafiore","totalPoints":12692,"rank":9,"id":234117,"place":7826,"uniqueZonesTaken":69,"region":{"name":"Stockholm","id":141}}}]