[{"medal":101,"time":"2024-05-14T08:16:54+0000","type":"medal","user":{"country":"se","medals":[51,90,6,11,94,151,33,101],"zones":[176738,176737,423811,42389,485104,146394,17374,146396,17375],"pointsPerHour":0,"points":8161,"blocktime":1020,"taken":732,"name":"krutberg","totalPoints":246629,"rank":28,"id":105414,"place":6777,"uniqueZonesTaken":94,"region":{"name":"Norrbotten","id":126}}},{"medal":85,"time":"2024-05-14T08:15:10+0000","type":"medal","user":{"country":"se","medals":[80,85],"zones":[603416,278614,96674,41684,519585,96665,21354,115726],"pointsPerHour":0,"points":1460,"blocktime":660,"taken":10,"name":"hedwig&compani","totalPoints":1460,"rank":4,"id":424290,"place":6777,"uniqueZonesTaken":10,"region":{"name":"Stockholm","id":141}}},{"medal":80,"time":"2024-05-14T08:14:29+0000","type":"medal","user":{"country":"se","medals":[93,80,85],"zones":[11622,30855,91958,22781,33710],"pointsPerHour":0,"points":1454,"blocktime":660,"taken":10,"name":"Oboj11?","totalPoints":1454,"rank":4,"id":424285,"place":6776,"uniqueZonesTaken":8,"region":{"name":"Uppsala","id":142}}},{"medal":85,"time":"2024-05-14T08:14:29+0000","type":"medal","user":{"country":"se","medals":[93,80,85],"zones":[11622,30855,91958,22781,33710],"pointsPerHour":0,"points":1454,"blocktime":660,"taken":10,"name":"Oboj11?","totalPoints":1454,"rank":4,"id":424285,"place":6776,"uniqueZonesTaken":8,"region":{"name":"Uppsala","id":142}}},{"medal":36,"time":"2024-05-14T08:13:15+0000","type":"medal","user":{"country":"se","medals":[93,127,12,152,101,54,90,36],"zones":[20672,20674,111367,966,319180,109067,971,29519,4498,517717,4501,107412,35926,14615,35927,410142,14616,35928,455960,12129,35939,35940,35941,179815,35942,34407,35943,47783,35944,47785,47343,34416,34418,41785,20667,78458,8251,514491,20668,20669,41789,20671],"pointsPerHour":0,"points":26390,"blocktime":1125,"taken":5000,"name":"Red_Hat","totalPoints":708702,"rank":35,"id":312179,"place":6776,"uniqueZonesTaken":152,"region":{"name":"Stockholm","id":141}}}]