[{"sender":{"country":"se","medals":[28,128,155,16,47,101,56,78,13,36,94],"zones":[80781,180652,22319,31088,22322,4981,54550,29366,4983,4984,21112,429693,926],"pointsPerHour":79,"points":103159,"blocktime":1200,"taken":7495,"name":"StamRik","totalPoints":1289777,"rank":40,"id":409363,"place":793,"uniqueZonesTaken":306,"region":{"name":"Östergötland","id":139}},"time":"2024-07-01T13:11:49+0000","message":"Oh-Jay:Vassego","region":{"name":"Östergötland","id":139},"type":"chat"},{"medal":86,"time":"2024-07-01T13:10:30+0000","type":"medal","user":{"country":"se","medals":[93,90,92,52,86,46],"zones":[30210,997,2890,306538,496598,43379,11861,20693,2997,18613,169301,12411,9086,9759],"pointsPerHour":0,"points":6591,"blocktime":705,"taken":50,"name":"mcbain","totalPoints":6591,"rank":7,"id":428767,"place":7762,"uniqueZonesTaken":48,"region":{"name":"Västerbotten","id":127}}},{"medal":46,"time":"2024-07-01T13:10:30+0000","type":"medal","user":{"country":"se","medals":[93,90,92,52,86,46],"zones":[30210,997,2890,306538,496598,43379,11861,20693,2997,18613,169301,12411,9086,9759],"pointsPerHour":0,"points":6591,"blocktime":705,"taken":50,"name":"mcbain","totalPoints":6591,"rank":7,"id":428767,"place":7762,"uniqueZonesTaken":48,"region":{"name":"Västerbotten","id":127}}},{"medal":152,"time":"2024-07-01T13:10:01+0000","type":"medal","user":{"country":"se","medals":[92,51,93,32,152],"zones":[96961,139292],"pointsPerHour":0,"points":25101,"blocktime":780,"taken":118,"name":"Xiyche","totalPoints":25101,"rank":12,"id":427416,"place":7762,"uniqueZonesTaken":29,"region":{"name":"Västra Götaland","id":132}}},{"medal":92,"time":"2024-07-01T13:04:26+0000","type":"medal","user":{"country":"se","medals":[51,95,31,92],"zones":[91538,749],"pointsPerHour":0,"points":5885,"blocktime":705,"taken":30,"name":"Mamabearmoto","totalPoints":5885,"rank":7,"id":428326,"place":7761,"uniqueZonesTaken":15,"region":{"name":"Örebro","id":131}}}]