[{"medal":66,"time":"2024-07-01T15:01:39+0000","type":"medal","user":{"country":"se","medals":[95,52,46,10,103,13,127,38,152,66],"zones":[14158],"pointsPerHour":0,"points":16779,"blocktime":1230,"taken":10771,"name":"M_Sandali","totalPoints":2041186,"rank":42,"id":198942,"place":7769,"uniqueZonesTaken":420,"region":{"name":"Stockholm","id":141}}},{"medal":86,"time":"2024-07-01T15:00:32+0000","type":"medal","user":{"country":"se","medals":[6,92,53,86],"zones":[92225,490372,139270,655874,521934,360940,105035,559586,222255,23565,281865,33773,23566,23567,429397,201273,546802,34556,349304,142525,348986,223932],"pointsPerHour":0,"points":9210,"blocktime":720,"taken":50,"name":"oxidy","totalPoints":9210,"rank":8,"id":428429,"place":7769,"uniqueZonesTaken":49,"region":{"name":"Skåne","id":135}}},{"medal":154,"time":"2024-07-01T14:58:41+0000","type":"medal","user":{"country":"se","medals":[16,66,5,67,27,47,26,4,56,77,99,28,117,50,79,122,126,107,128,41,154],"zones":[87427,201381,224804,11244,192878,51533,11246,680248,108979,680249,603263,55351,653072],"pointsPerHour":0,"points":75087,"blocktime":1350,"taken":27689,"name":"acinom66","totalPoints":5519798,"rank":50,"id":32394,"place":7769,"uniqueZonesTaken":4452,"region":{"name":"Stockholm","id":141}}},{"medal":31,"time":"2024-07-01T14:58:28+0000","type":"medal","user":{"country":"se","medals":[80,31],"zones":[11712,31392,31777,25965,8911],"pointsPerHour":0,"points":5198,"blocktime":690,"taken":25,"name":"Willkopro","totalPoints":5198,"rank":6,"id":427106,"place":7769,"uniqueZonesTaken":12,"region":{"name":"Uppsala","id":142}}},{"medal":10,"time":"2024-07-01T14:57:41+0000","type":"medal","user":{"country":"se","medals":[93,11,53,6,102,33,151,10],"zones":[182085,319491,94217,103593,152264,117547,23915,117549,117548,13678,659045,13679,90545,42864,155027,602811],"pointsPerHour":0,"points":11852,"blocktime":930,"taken":566,"name":"jojjejojje","totalPoints":136314,"rank":22,"id":356799,"place":7769,"uniqueZonesTaken":98,"region":{"name":"Stockholm","id":141}}}]