[{"medal":92,"time":"2024-03-12T13:17:47+0000","type":"medal","user":{"country":"se","medals":[100,95,85,80,92,90],"zones":[154083,34547,34548,3253,409178,97807],"pointsPerHour":0,"points":1806,"blocktime":690,"taken":22,"name":"Ville14738","totalPoints":4090,"rank":6,"id":415041,"place":5582,"uniqueZonesTaken":15,"region":{"name":"Skåne","id":135}}},{"medal":90,"time":"2024-03-12T13:17:47+0000","type":"medal","user":{"country":"se","medals":[100,95,85,80,92,90],"zones":[154083,34547,34548,3253,409178,97807],"pointsPerHour":0,"points":1806,"blocktime":690,"taken":22,"name":"Ville14738","totalPoints":4090,"rank":6,"id":415041,"place":5582,"uniqueZonesTaken":15,"region":{"name":"Skåne","id":135}}},{"medal":90,"time":"2024-03-12T13:17:29+0000","type":"medal","user":{"country":"se","medals":[100,85,95,80,92,90],"zones":[223922,194291,3254,606734,318350,496251,409177],"pointsPerHour":0,"points":1837,"blocktime":690,"taken":23,"name":"Joel.Johnsson","totalPoints":4159,"rank":6,"id":414857,"place":5582,"uniqueZonesTaken":17,"region":{"name":"Skåne","id":135}}},{"medal":80,"time":"2024-03-12T13:17:06+0000","type":"medal","user":{"country":"se","medals":[95,84,80],"zones":[114978,207220,185337,409178,113533],"pointsPerHour":0,"points":1236,"blocktime":660,"taken":7,"name":"oliver21","totalPoints":1236,"rank":4,"id":418237,"place":5582,"uniqueZonesTaken":7,"region":{"name":"Skåne","id":135}}}]