[{"medal":90,"time":"2024-03-12T20:06:43+0000","type":"medal","user":{"country":"se","medals":[93,51,92,32,151,101,90],"zones":[44576,20737,20738,161482,265,178351,78700,7090,92307,92692,204443,92312,94207],"pointsPerHour":0,"points":8310,"blocktime":810,"taken":220,"name":"DrYoshi","totalPoints":41239,"rank":14,"id":416222,"place":5619,"uniqueZonesTaken":38,"region":{"name":"Stockholm","id":141}}},{"sender":{"country":"se","medals":[16,79,94,47,7,122,127,28,104,57,39,77,15,152],"zones":[229136,78519,96742,206187,78520,153688,139343,55709,55710],"pointsPerHour":9,"points":21562,"blocktime":1320,"taken":19183,"name":"VeLomsen","totalPoints":4182974,"rank":48,"id":279883,"place":1218,"uniqueZonesTaken":1191,"region":{"name":"Värmland","id":130}},"time":"2024-03-12T20:03:23+0000","message":"Weeturfarn:kom in på en fika när du tar zonen😃","region":{"name":"Värmland","id":130},"type":"chat"},{"sender":{"country":"se","medals":[16,28,22,47,79,77,27,57,66,122,126,70,4,67,5,117,50,131,17,116,105,41,153],"zones":[153666,7474,275,224725,15338,24283,175],"pointsPerHour":51,"points":10427,"blocktime":1335,"taken":26381,"name":"Turfsmurf","totalPoints":4500623,"rank":49,"id":6809,"place":2123,"uniqueZonesTaken":3456,"region":{"name":"Stockholm","id":141}},"time":"2024-03-12T19:56:32+0000","message":"DT: Svårt att få T-banan att vänta.","region":{"name":"Stockholm","id":141},"type":"chat"}]