[{"medal":80,"time":"2024-03-12T12:59:04+0000","type":"medal","user":{"country":"se","medals":[80,84],"zones":[66128,281809,18103,115817,89119],"pointsPerHour":0,"points":895,"blocktime":645,"taken":5,"name":"Novalieeee","totalPoints":895,"rank":3,"id":418460,"place":5581,"uniqueZonesTaken":5,"region":{"name":"Kronoberg","id":147}}},{"medal":84,"time":"2024-03-12T12:59:04+0000","type":"medal","user":{"country":"se","medals":[80,84],"zones":[66128,281809,18103,115817,89119],"pointsPerHour":0,"points":895,"blocktime":645,"taken":5,"name":"Novalieeee","totalPoints":895,"rank":3,"id":418460,"place":5581,"uniqueZonesTaken":5,"region":{"name":"Kronoberg","id":147}}},{"medal":80,"time":"2024-03-12T12:58:58+0000","type":"medal","user":{"country":"se","medals":[100,85,95,80],"zones":[223922,34548,3254,409177,136237],"pointsPerHour":0,"points":1095,"blocktime":675,"taken":19,"name":"Joel.Johnsson","totalPoints":3417,"rank":5,"id":414857,"place":5581,"uniqueZonesTaken":13,"region":{"name":"Skåne","id":135}}},{"medal":51,"time":"2024-03-12T12:58:04+0000","type":"medal","user":{"country":"se","medals":[85,51],"zones":[819,42404,18069,821,18070,24009,24010,18075,570179,12478],"pointsPerHour":0,"points":1920,"blocktime":675,"taken":11,"name":"almaochminna","totalPoints":1920,"rank":5,"id":418451,"place":5581,"uniqueZonesTaken":10,"region":{"name":"Kronoberg","id":147}}},{"medal":87,"time":"2024-03-12T12:56:34+0000","type":"medal","user":{"country":"se","medals":[4,28,15,79,95,47,16,56,77,91,126,103,155,87],"zones":[785,110533,21080,62569,113450,315402,315403,31967,1023,93694],"pointsPerHour":0,"points":18390,"blocktime":1365,"taken":35000,"name":"lewik","totalPoints":6376605,"rank":51,"id":22938,"place":5581,"uniqueZonesTaken":1689,"region":{"name":"Värmland","id":130}}},{"medal":80,"time":"2024-03-12T12:56:10+0000","type":"medal","user":{"country":"se","medals":[84,80],"zones":[637512,428309,18068,175252,558786],"pointsPerHour":0,"points":1037,"blocktime":645,"taken":6,"name":"Wiljalovaebba","totalPoints":1037,"rank":3,"id":418457,"place":5581,"uniqueZonesTaken":6,"region":{"name":"Kronoberg","id":147}}}]