[{"sender":{"country":"se","medals":[16,27,8,17,21,4,67,24,44,24,17,24,70,64,17,48,24,24,24,17,26,77,79,24,58,24,17,83,24,62,17,117,24,24,24,17,116,91,49,72,45,24,123,126,24,17,24,17,132,24,118,120,24,143,153,24],"zones":[655883,608536,139009,654269,603695,651262,652567],"pointsPerHour":13,"points":7651,"blocktime":1440,"taken":77557,"name":"Hylaeus","totalPoints":12836086,"rank":56,"id":35022,"place":2276,"uniqueZonesTaken":7680,"region":{"name":"Uppsala","id":142}},"time":"2024-03-11T11:11:17+0000","message":"magnusgra: vink vink","region":{"name":"Uppsala","id":142},"type":"chat"},{"medal":84,"time":"2024-03-11T11:09:50+0000","type":"medal","user":{"country":"se","medals":[93,84],"zones":[21602,204064,7244],"pointsPerHour":0,"points":976,"blocktime":645,"taken":6,"name":"xwymer","totalPoints":976,"rank":3,"id":418365,"place":5438,"uniqueZonesTaken":5,"region":{"name":"Uppsala","id":142}}},{"medal":93,"time":"2024-03-11T11:04:47+0000","type":"medal","user":{"country":"se","medals":[93],"zones":[21602,204064],"pointsPerHour":0,"points":784,"blocktime":645,"taken":5,"name":"xwymer","totalPoints":784,"rank":3,"id":418365,"place":5436,"uniqueZonesTaken":4,"region":{"name":"Uppsala","id":142}}}]