[{"sender":{"country":"se","medals":[70,67,28,83,79,22,16,77,27,61,124,126,4,117,62,74,48,59,68,105,98,132,118,156],"zones":[131,7859,1011,16791,55592,119627,301],"pointsPerHour":45,"points":4838,"blocktime":1470,"taken":98620,"name":"Deppen","totalPoints":17934120,"rank":58,"id":195631,"place":1010,"uniqueZonesTaken":5900,"region":{"name":"Stockholm","id":141}},"time":"2024-01-09T11:21:53+0000","message":"Zinky: jo","region":{"name":"Stockholm","id":141},"type":"chat"},{"sender":{"country":"se","medals":[79,16,47,72,7,4,67,130,50,83,58,96,103,124,70,156,41],"zones":[192,94115,44203,44204,37073,61940,468784,478640,43578,43579,155,156,157,82879],"pointsPerHour":71,"points":2273,"blocktime":1350,"taken":28483,"name":"Zinky","totalPoints":5458935,"rank":50,"id":330825,"place":1806,"uniqueZonesTaken":3384,"region":{"name":"Stockholm","id":141}},"time":"2024-01-09T11:21:37+0000","message":"Deppen: ok får synka en annan dag","region":{"name":"Stockholm","id":141},"type":"chat"},{"sender":{"country":"se","medals":[70,67,28,83,79,22,16,77,27,61,124,126,4,117,62,74,48,59,68,105,98,132,118,156],"zones":[131,7859,1011,16791,55592,119627,301],"pointsPerHour":45,"points":4838,"blocktime":1470,"taken":98620,"name":"Deppen","totalPoints":17934119,"rank":58,"id":195631,"place":1010,"uniqueZonesTaken":5900,"region":{"name":"Stockholm","id":141}},"time":"2024-01-09T11:21:11+0000","message":"Zinky: har ingen bärighet i vänster handen ännu","region":{"name":"Stockholm","id":141},"type":"chat"},{"sender":{"country":"se","medals":[70,67,28,83,79,22,16,77,27,61,124,126,4,117,62,74,48,59,68,105,98,132,118,156],"zones":[131,7859,1011,16791,55592,119627,301],"pointsPerHour":45,"points":4837,"blocktime":1470,"taken":98620,"name":"Deppen","totalPoints":17934119,"rank":58,"id":195631,"place":1010,"uniqueZonesTaken":5900,"region":{"name":"Stockholm","id":141}},"time":"2024-01-09T11:20:30+0000","message":"Zinky: nä går ju cykla på , äter fikar lunch","region":{"name":"Stockholm","id":141},"type":"chat"}]