[{"sender":{"country":"se","medals":[100,46,126,27,12,16,55,28,129,94,38,152],"zones":[],"pointsPerHour":0,"points":0,"blocktime":1290,"taken":10969,"name":"kje","totalPoints":3205627,"rank":46,"id":255557,"place":4142,"uniqueZonesTaken":233,"region":{"name":"Västmanland","id":143}},"time":"2024-01-09T05:51:22+0000","message":"Gregga: Du ska inte släck din Gubbe.","region":{"name":"Västmanland","id":143},"type":"chat"},{"medal":35,"time":"2024-01-09T05:42:00+0000","type":"medal","user":{"country":"se","medals":[52,90,93,13,101,7,151,35],"zones":[44949,9414],"pointsPerHour":0,"points":657,"blocktime":1125,"taken":2500,"name":"cybix","totalPoints":665515,"rank":35,"id":230523,"place":4023,"uniqueZonesTaken":362,"region":{"name":"Blekinge","id":136}}}]