[{"medal":85,"time":"2024-01-08T14:06:00+0000","type":"medal","user":{"country":"se","medals":[85],"zones":[17946,8330,603,318440],"pointsPerHour":0,"points":631,"blocktime":675,"taken":10,"name":"TheKarlstorm","totalPoints":2083,"rank":5,"id":416539,"place":3814,"uniqueZonesTaken":10,"region":{"name":"Gävleborg","id":144}}},{"medal":31,"time":"2024-01-08T14:02:35+0000","type":"medal","user":{"country":"se","medals":[51,31],"zones":[54768,11507,21859,84100,46358,51657,44553,23903],"pointsPerHour":0,"points":1180,"blocktime":690,"taken":25,"name":"Tiis","totalPoints":4700,"rank":6,"id":416535,"place":3812,"uniqueZonesTaken":10,"region":{"name":"Västerbotten","id":127}}},{"sender":{"country":"se","medals":[17,5,24,24,79,24,16,77,70,17,116,117,107,57,17,72,47,66,24,123,24,126,89,24,4,17,17,24,132,17,120,154],"zones":[24098,82403,37732,80708,82404,128523,37740,565573,37742,11120,37074,33108,114485,7576,22200,22201,139038,80701,97085],"pointsPerHour":82,"points":9459,"blocktime":1440,"taken":74289,"name":"BoggieXL","totalPoints":12598408,"rank":56,"id":25775,"place":238,"uniqueZonesTaken":7579,"region":{"name":"Stockholm","id":141}},"time":"2024-01-08T13:52:54+0000","message":"JimmyAIK94: Hej. Nej runt här och sedan norrut.","region":{"name":"Stockholm","id":141},"type":"chat"}]