[{"sender":{"country":"se","medals":[46,5,9,22,16,17,67,4,17,24,24,24,24,17,55,24,24,10,126,79,123,24,66,17,24,17,116,107,50,24,132,24,89,24,17,24,24,155],"zones":[21892,21894,46889,33099,92846,147,24243,148,37078,150,151,13503],"pointsPerHour":77,"points":4404,"blocktime":1410,"taken":56436,"name":"Lillatanten","totalPoints":8326720,"rank":54,"id":25936,"place":1126,"uniqueZonesTaken":3555,"region":{"name":"Stockholm","id":141}},"time":"2024-01-09T12:08:20+0000","message":"Virulf: bara ett kort ärende sen snabbt tillbaka till tryggheten","region":{"name":"Stockholm","id":141},"type":"chat"},{"sender":{"country":"se","medals":[28,47,16,57,7,77,83,79,98,4,126,122,15,27,70,67,106,117,87,155,132],"zones":[2433,14659,1381,3334,648,21160,200778,24681,3082,42412,1740,565988,1741,155020,12433,9425,48308,21144,225438,81599,21151],"pointsPerHour":70,"points":8356,"blocktime":1395,"taken":39631,"name":"spirit303","totalPoints":7639774,"rank":53,"id":46566,"place":545,"uniqueZonesTaken":1310,"region":{"name":"Dalarna","id":129}},"time":"2024-01-09T12:07:20+0000","message":"WikkeOWL: Tackar! 🙃","region":{"name":"Dalarna","id":129},"type":"chat"},{"sender":{"country":"se","medals":[16,122,47,79,22,28,4,57,95,127,50,39,108,66,153],"zones":[217,154,33102,78287],"pointsPerHour":23,"points":5859,"blocktime":1275,"taken":17363,"name":"Virulf","totalPoints":2714652,"rank":45,"id":278756,"place":848,"uniqueZonesTaken":3101,"region":{"name":"Stockholm","id":141}},"time":"2024-01-09T12:05:59+0000","message":"lillatanten: men hallå... vad gör du här?","region":{"name":"Stockholm","id":141},"type":"chat"}]