[{"medal":101,"time":"2024-01-08T17:51:20+0000","type":"medal","user":{"country":"se","medals":[95,92,80,32,101],"zones":[36814],"pointsPerHour":0,"points":620,"blocktime":810,"taken":176,"name":"helen11","totalPoints":36384,"rank":14,"id":297967,"place":3949,"uniqueZonesTaken":22,"region":{"name":"Gävleborg","id":144}}},{"sender":{"country":"se","medals":[16,67,24,70,77,24,79,4,24,83,24,62,17,116,57,48,117,24,72,24,24,17,107,27,66,50,24,126,21,24,89,24,24,124,132,24,24,155],"zones":[228,1081,135807],"pointsPerHour":25,"points":1682,"blocktime":1425,"taken":64892,"name":"Gofika","totalPoints":10959932,"rank":55,"id":156402,"place":1781,"uniqueZonesTaken":3669,"region":{"name":"Stockholm","id":141}},"time":"2024-01-08T17:51:11+0000","message":"NisseNasse: ...raskar över isen 🎶🪗🎷","region":{"name":"Stockholm","id":141},"type":"chat"},{"sender":{"country":"se","medals":[55,90,16,77,71,127,93,35,6,13,153],"zones":[],"pointsPerHour":0,"points":0,"blocktime":1155,"taken":3759,"name":"Gångaren","totalPoints":897835,"rank":37,"id":375915,"place":767,"uniqueZonesTaken":302,"region":{"name":"Västra Götaland","id":132}},"time":"2024-01-08T17:47:46+0000","message":"Cryo: Tack! Skönt att komma ut lite under helgledigheten trots kylan.","region":{"name":"Västra Götaland","id":132},"type":"chat"}]