[{"medal":84,"time":"2024-02-26T05:39:24+0000","type":"medal","user":{"country":"se","medals":[93,84],"zones":[47785],"pointsPerHour":0,"points":563,"blocktime":10,"taken":5,"name":"Heartoflove","totalPoints":846,"rank":3,"id":416985,"place":5897,"uniqueZonesTaken":3,"region":{"name":"Stockholm","id":141}}},{"medal":80,"time":"2024-02-26T05:39:06+0000","type":"medal","user":{"country":"se","medals":[93,84,80],"zones":[29205,223819,474828,33996],"pointsPerHour":0,"points":1690,"blocktime":11,"taken":9,"name":"Kx80_","totalPoints":1690,"rank":4,"id":417864,"place":5897,"uniqueZonesTaken":8,"region":{"name":"Stockholm","id":141}}},{"medal":84,"time":"2024-02-26T05:19:29+0000","type":"medal","user":{"country":"se","medals":[93,84],"zones":[474828],"pointsPerHour":0,"points":949,"blocktime":10,"taken":5,"name":"Kx80_","totalPoints":949,"rank":3,"id":417864,"place":5897,"uniqueZonesTaken":4,"region":{"name":"Stockholm","id":141}}}]