[{"sender":{"country":"se","medals":[5,67,16,4,27,22,70,72,79,117,77,48,60,68,68,126,127,101,94,122,50,91,73,155],"zones":[32932,44262,63784,7018,1386,12203,48173,3217,3027,136246,136247,136308,176821,136346,220699,79289,136223],"pointsPerHour":47,"points":4052,"blocktime":1395,"taken":32269,"name":"DonTotto","totalPoints":7729469,"rank":53,"id":50926,"place":1398,"uniqueZonesTaken":2893,"region":{"name":"Västmanland","id":143}},"time":"2024-04-08T17:24:37+0000","message":"MrJokerit: är du på här på jobb?","region":{"name":"Dalarna","id":129},"type":"chat"},{"medal":80,"time":"2024-04-08T17:24:26+0000","type":"medal","user":{"country":"se","medals":[80,84],"zones":[18288,153952,31842,18774,18287],"pointsPerHour":0,"points":837,"blocktime":645,"taken":5,"name":"PerQ","totalPoints":837,"rank":3,"id":419575,"place":4560,"uniqueZonesTaken":5,"region":{"name":"Uppsala","id":142}}},{"medal":84,"time":"2024-04-08T17:24:26+0000","type":"medal","user":{"country":"se","medals":[80,84],"zones":[18288,153952,31842,18774,18287],"pointsPerHour":0,"points":837,"blocktime":645,"taken":5,"name":"PerQ","totalPoints":837,"rank":3,"id":419575,"place":4560,"uniqueZonesTaken":5,"region":{"name":"Uppsala","id":142}}},{"sender":{"country":"se","medals":[5,67,16,4,27,22,70,72,79,117,77,48,60,68,68,126,127,101,94,122,50,91,73,155],"zones":[32932,44262,63784,7018,1386,12203,48173,3217,3027,136246,136247,136308,176821,136346,220699,79289,136223],"pointsPerHour":47,"points":4050,"blocktime":1395,"taken":32269,"name":"DonTotto","totalPoints":7729467,"rank":53,"id":50926,"place":1395,"uniqueZonesTaken":2893,"region":{"name":"Västmanland","id":143}},"time":"2024-04-08T17:22:25+0000","message":"MrJokerit: Hehe kan tänka mig det!","region":{"name":"Dalarna","id":129},"type":"chat"},{"sender":{"country":"se","medals":[67,4,70,16,79,77,83,72,68,21,113,27,75,2,68,30,24,24,82,1,69,68,17,116,24,117,1,69,68,113,24,68,68,20,24,91,24,124,24,126,24,24,24,17,24,121,20,24,119,132,24,3,68,68,108,17,24,24,68,156],"zones":[20405,1381,20406,62566,177803,25517,3549],"pointsPerHour":27,"points":9980,"blocktime":1485,"taken":135092,"name":"MrJokerit","totalPoints":25068140,"rank":59,"id":81469,"place":557,"uniqueZonesTaken":15951,"region":{"name":"Örebro","id":131}},"time":"2024-04-08T17:19:54+0000","message":"DonTotto: Jo, mak behöver dom här uppe 🙄 är lite glest på sina ställen","region":{"name":"Dalarna","id":129},"type":"chat"}]