[{"sender":{"country":"se","medals":[94],"zones":[],"pointsPerHour":0,"points":428,"blocktime":630,"taken":4,"name":"Nikopiko","totalPoints":428,"rank":2,"id":419537,"place":3078,"uniqueZonesTaken":3,"region":{"name":"Västra Götaland","id":132}},"time":"2024-04-08T11:06:51+0000","message":"Jag har 👊🏻🥩til dig pockevonanka","region":{"name":"Västra Götaland","id":132},"type":"chat"},{"sender":{"country":"se","medals":[95,84],"zones":[27620],"pointsPerHour":6,"points":537,"blocktime":630,"taken":5,"name":"LouieRathsman","totalPoints":536,"rank":2,"id":419549,"place":2890,"uniqueZonesTaken":3,"region":{"name":"Västra Götaland","id":132}},"time":"2024-04-08T11:06:42+0000","message":"Jag kommer bählula dig","region":{"name":"Västra Götaland","id":132},"type":"chat"},{"sender":{"country":"se","medals":[95,84],"zones":[27620],"pointsPerHour":6,"points":537,"blocktime":630,"taken":5,"name":"LouieRathsman","totalPoints":536,"rank":2,"id":419549,"place":2890,"uniqueZonesTaken":3,"region":{"name":"Västra Götaland","id":132}},"time":"2024-04-08T11:06:29+0000","message":"Jag kommer bählula dig","region":{"name":"Västra Götaland","id":132},"type":"chat"},{"sender":{"country":"se","medals":[95],"zones":[],"pointsPerHour":0,"points":440,"blocktime":630,"taken":4,"name":"demonslayer38","totalPoints":440,"rank":2,"id":419550,"place":3054,"uniqueZonesTaken":2,"region":{"name":"Västra Götaland","id":132}},"time":"2024-04-08T11:05:16+0000","message":"Någon som vill ha vuxenmys","region":{"name":"Västra Götaland","id":132},"type":"chat"},{"medal":80,"time":"2024-04-08T11:05:16+0000","type":"medal","user":{"country":"se","medals":[80,84],"zones":[33637,33638,467408,25032,779],"pointsPerHour":0,"points":527,"blocktime":630,"taken":5,"name":"dahlia.","totalPoints":527,"rank":2,"id":419539,"place":4175,"uniqueZonesTaken":5,"region":{"name":"Västra Götaland","id":132}}},{"medal":84,"time":"2024-04-08T11:05:16+0000","type":"medal","user":{"country":"se","medals":[80,84],"zones":[33637,33638,467408,25032,779],"pointsPerHour":0,"points":527,"blocktime":630,"taken":5,"name":"dahlia.","totalPoints":527,"rank":2,"id":419539,"place":4175,"uniqueZonesTaken":5,"region":{"name":"Västra Götaland","id":132}}},{"sender":{"country":"se","medals":[95],"zones":[],"pointsPerHour":0,"points":441,"blocktime":630,"taken":4,"name":"josephkuk","totalPoints":441,"rank":2,"id":419544,"place":3049,"uniqueZonesTaken":2,"region":{"name":"Västra Götaland","id":132}},"time":"2024-04-08T11:04:28+0000","message":"grr","region":{"name":"Västra Götaland","id":132},"type":"chat"},{"sender":{"country":"se","medals":[94],"zones":[],"pointsPerHour":0,"points":428,"blocktime":630,"taken":4,"name":"Nikopiko","totalPoints":428,"rank":2,"id":419537,"place":3072,"uniqueZonesTaken":3,"region":{"name":"Västra Götaland","id":132}},"time":"2024-04-08T11:04:17+0000","message":"Hej alla ha en trevlig dag","region":{"name":"Västra Götaland","id":132},"type":"chat"},{"sender":{"country":"se","medals":[95],"zones":[],"pointsPerHour":0,"points":440,"blocktime":630,"taken":4,"name":"demonslayer38","totalPoints":440,"rank":2,"id":419550,"place":3050,"uniqueZonesTaken":2,"region":{"name":"Västra Götaland","id":132}},"time":"2024-04-08T11:04:02+0000","message":"Hej bby","region":{"name":"Västra Götaland","id":132},"type":"chat"},{"sender":{"country":"se","medals":[95,84],"zones":[27620],"pointsPerHour":6,"points":537,"blocktime":630,"taken":5,"name":"LouieRathsman","totalPoints":536,"rank":2,"id":419549,"place":2886,"uniqueZonesTaken":3,"region":{"name":"Västra Götaland","id":132}},"time":"2024-04-08T11:03:58+0000","message":"josephkuk: jag vill väldigt gärna","region":{"name":"Västra Götaland","id":132},"type":"chat"},{"medal":84,"time":"2024-04-08T11:03:03+0000","type":"medal","user":{"country":"se","medals":[93,84],"zones":[10885,10888,46463],"pointsPerHour":0,"points":753,"blocktime":645,"taken":6,"name":"Esthel","totalPoints":753,"rank":3,"id":419538,"place":4171,"uniqueZonesTaken":6,"region":{"name":"Västra Götaland","id":132}}},{"medal":84,"time":"2024-04-08T11:02:58+0000","type":"medal","user":{"country":"se","medals":[95,84],"zones":[27620],"pointsPerHour":0,"points":536,"blocktime":630,"taken":5,"name":"LouieRathsman","totalPoints":536,"rank":2,"id":419549,"place":4171,"uniqueZonesTaken":3,"region":{"name":"Västra Götaland","id":132}}},{"medal":93,"time":"2024-04-08T10:58:38+0000","type":"medal","user":{"country":"se","medals":[93],"zones":[],"pointsPerHour":0,"points":170,"blocktime":600,"taken":1,"name":"Elina0","totalPoints":170,"rank":0,"id":419546,"place":4163,"uniqueZonesTaken":1,"region":{"name":"Västra Götaland","id":132}}}]