[{"medal":33,"time":"2024-04-09T17:23:50+0000","type":"medal","user":{"country":"se","medals":[52,11,90,127,154,16,33],"zones":[55904,43713,91424,43717,2567,2569,25966,25967,95729,43701,43702,43703,43706,43707,28894,90975,512889],"pointsPerHour":0,"points":14565,"blocktime":885,"taken":500,"name":"Emheco","totalPoints":95462,"rank":19,"id":418181,"place":4950,"uniqueZonesTaken":59,"region":{"name":"Uppsala","id":142}}},{"sender":{"country":"uk","medals":[16,93,47,67,27,68,79,28,6,122,81,68,14,68,36,5,155],"zones":[349870],"pointsPerHour":1,"points":431,"blocktime":1275,"taken":5620,"name":"ZonedOut","totalPoints":2974402,"rank":45,"id":304024,"place":4006,"uniqueZonesTaken":700,"region":{"name":"West Midlands","id":208}},"time":"2024-04-09T17:08:31+0000","message":"it is nice to have confirmation. Keep up the good work BTW.","type":"chat"}]