[{"sender":{"country":"se","medals":[4,16,27,24,67,17,21,70,45,30,24,43,72,75,1,69,68,79,24,77,83,91,82,17,116,2,68,117,17,26,25,126,124,127,73,20,105,65,125,155,68,68,120],"zones":[6752,94112,113440,6753,145024,524133,654488,57170,154039,57173,228250,154621],"pointsPerHour":47,"points":2477,"blocktime":1410,"taken":33933,"name":"OdKing","totalPoints":9180287,"rank":54,"id":40854,"place":1852,"uniqueZonesTaken":7600,"region":{"name":"Dalarna","id":129}},"time":"2024-04-08T16:20:32+0000","message":"peterspirea: Japp! 🙂","region":{"name":"Dalarna","id":129},"type":"chat"},{"medal":93,"time":"2024-04-08T16:18:29+0000","type":"medal","user":{"country":"se","medals":[93],"zones":[17959],"pointsPerHour":0,"points":295,"blocktime":615,"taken":2,"name":"Henrikdenstore","totalPoints":295,"rank":1,"id":419576,"place":4498,"uniqueZonesTaken":2,"region":{"name":"Gävleborg","id":144}}},{"medal":31,"time":"2024-04-08T16:15:42+0000","type":"medal","user":{"country":"se","medals":[80,31],"zones":[45668],"pointsPerHour":0,"points":1936,"blocktime":690,"taken":25,"name":"Exavi","totalPoints":4917,"rank":6,"id":419253,"place":4496,"uniqueZonesTaken":13,"region":{"name":"Jönköping","id":133}}}]