[{"medal":7,"time":"2024-04-08T09:51:21+0000","type":"medal","user":{"country":"uk","medals":[71,90,13,46,57,33,103,94,151,7],"zones":[340513],"pointsPerHour":0,"points":235,"blocktime":1020,"taken":798,"name":"DillyDolly","totalPoints":262254,"rank":28,"id":353630,"place":4034,"uniqueZonesTaken":463,"region":{"name":"North East England","id":199}}},{"medal":38,"time":"2024-04-08T09:51:09+0000","type":"medal","user":{"country":"se","medals":[79,117,94,7,131,105,28,16,14,56,47,67,21,155,38],"zones":[84676,66887,593281,651398,560903,175248,488085,98002,292119,576543,526230,93097,2860,160622,160623,2862,463336,144438,144439,134964,659058,151866,138939,144440,202431,154750,144447,228669,154749,654262],"pointsPerHour":0,"points":7079,"blocktime":1215,"taken":10000,"name":"MirreT","totalPoints":1686960,"rank":41,"id":367276,"place":4034,"uniqueZonesTaken":654,"region":{"name":"Kalmar","id":137}}},{"sender":{"country":"se","medals":[4,56,48,79,77,98,14,126,72,122,89,16,106,66,127,152],"zones":[],"pointsPerHour":0,"points":690,"blocktime":1395,"taken":57196,"name":"Gåsen","totalPoints":7573615,"rank":53,"id":75543,"place":2648,"uniqueZonesTaken":669,"region":{"name":"Östergötland","id":139}},"time":"2024-04-08T09:44:12+0000","message":"jedda:","region":{"name":"Östergötland","id":139},"type":"chat"}]