[{"country":"gb","sender":{"country":"gb","medals":[],"zones":[],"pointsPerHour":0,"points":0,"blocktime":600,"taken":0,"name":"Soldier-A.","totalPoints":0,"rank":0,"id":419502,"place":4636,"uniqueZonesTaken":0},"time":"2024-04-09T05:29:57+0000","message":"Annie9jobs: It\u2019s so not about the top of the table me dear. But yes you\u2019re right. Folk need to chill 😎","type":"chat"},{"sender":{"country":"se","medals":[77,70,95,16,47,72,79,7,117,4,14,5,67,123,21,81,157,68,128,102,38],"zones":[25857,136224,22658,227243,154089,142156,142157,485588,203575,29620,171703,603633,25851,64956,25852,25854],"pointsPerHour":20,"points":14666,"blocktime":1305,"taken":11655,"name":"Brud_pigan","totalPoints":3561590,"rank":47,"id":116756,"place":378,"uniqueZonesTaken":973,"region":{"name":"Dalarna","id":129}},"time":"2024-04-09T05:28:00+0000","message":"Mach1: Du satsar på segern, eller hur?","region":{"name":"Dalarna","id":129},"type":"chat"},{"medal":100,"time":"2024-04-09T05:24:30+0000","type":"medal","user":{"country":"se","medals":[51,92,32,95,100],"zones":[],"pointsPerHour":0,"points":95,"blocktime":795,"taken":163,"name":"jbulow","totalPoints":33632,"rank":13,"id":300313,"place":4636,"uniqueZonesTaken":19,"region":{"name":"Skåne","id":135}}}]