[{"medal":84,"time":"2024-04-23T20:11:20+0000","type":"medal","user":{"country":"se","medals":[80,84],"zones":[2928,1761,568,80283,80282],"pointsPerHour":0,"points":677,"blocktime":10,"taken":5,"name":"SinGodzilla","totalPoints":677,"rank":2,"id":421448,"place":7147,"uniqueZonesTaken":5,"region":{"name":"Östergötland","id":139}}},{"medal":80,"time":"2024-04-23T20:11:20+0000","type":"medal","user":{"country":"se","medals":[80,84],"zones":[2928,1761,568,80283,80282],"pointsPerHour":0,"points":677,"blocktime":10,"taken":5,"name":"SinGodzilla","totalPoints":677,"rank":2,"id":421448,"place":7147,"uniqueZonesTaken":5,"region":{"name":"Östergötland","id":139}}}]