[{"country":"gb","sender":{"country":"gb","medals":[],"zones":[],"pointsPerHour":0,"points":0,"blocktime":600,"taken":0,"name":"Eilidh13","totalPoints":0,"rank":0,"id":417948,"place":6017,"uniqueZonesTaken":0},"time":"2024-02-27T15:10:11+0000","message":"hello chungya","type":"chat"},{"medal":91,"time":"2024-02-27T15:09:15+0000","type":"medal","user":{"country":"wd","medals":[79,28,57,22,15,124,99,16,62,126,4,107,70,77,75,127,68,38,152,91],"zones":[14732],"pointsPerHour":0,"points":185,"blocktime":1215,"taken":11192,"name":"dixern","totalPoints":1716067,"rank":41,"id":122767,"place":6015,"uniqueZonesTaken":1904,"region":{"name":"Belgium","id":214}}},{"medal":151,"time":"2024-02-27T15:04:34+0000","type":"medal","user":{"country":"se","medals":[16,5,47,79,28,15,57,17,91,122,102,95,89,128,151],"zones":[37746,24054,11383,94537,37099],"pointsPerHour":0,"points":10023,"blocktime":1440,"taken":57497,"name":"utflykten1","totalPoints":11018147,"rank":56,"id":61279,"place":6015,"uniqueZonesTaken":2339,"region":{"name":"Stockholm","id":141}}}]