[{"sender":{"country":"se","medals":[79,16,47,70,28,77,22,67,5,132,17,115,66,124,82,30,74,68,109,155,41,117,24],"zones":[95072,9573,200138,33641,53034,20688,23538,178388,168222,236191,136348,220381],"pointsPerHour":18,"points":59230,"blocktime":1320,"taken":27192,"name":"maggan51","totalPoints":4385573,"rank":48,"id":331276,"place":842,"uniqueZonesTaken":5261,"region":{"name":"Västerbotten","id":127}},"time":"2024-02-27T18:16:41+0000","message":"Inceptor: snyggt jobbat!","region":{"name":"Västerbotten","id":127},"type":"chat"}]